Date,Open,High,Low,Close,Adj Close,Volume,Dividends,Stock Splits
1996-01-02,8.958333015441895,9.166666984558105,8.875,9.166666984558105,2.654404878616333,468600,0.0,0.0
1996-01-03,9.166666984558105,9.291666984558105,9.166666984558105,9.291666984558105,2.690599203109741,202500,0.0,0.0
1996-01-04,9.291666984558105,9.291666984558105,8.75,8.875,2.5699470043182373,870900,0.0,0.0
1996-01-05,8.916666984558105,8.916666984558105,8.5,8.583333015441895,2.4854869842529297,655500,0.0,0.0
1996-01-08,8.625,8.875,8.625,8.833333015441895,2.5578806400299072,445800,0.0,0.0
1996-01-09,8.875,8.875,8.625,8.708333015441895,2.5216827392578125,372000,0.0,0.0
1996-01-10,8.666666984558105,8.666666984558105,8.208333015441895,8.208333015441895,2.3768985271453857,295800,0.0,0.0
1996-01-11,8.208333015441895,8.375,8.208333015441895,8.375,2.425159454345703,958800,0.0,0.0
1996-01-12,8.416666984558105,8.416666984558105,8.145833015441895,8.25,2.3889639377593994,596400,0.0,0.0
1996-01-15,8.25,8.5,8.25,8.333333015441895,2.4130940437316895,607800,0.0,0.0
1996-01-16,8.333333015441895,8.333333015441895,8.208333015441895,8.25,2.3889639377593994,726000,0.0,0.0
1996-01-17,8.208333015441895,8.291666984558105,8.208333015441895,8.25,2.3889639377593994,334200,0.0,0.0
1996-01-18,8.25,8.25,8.083333015441895,8.125,2.352766513824463,676200,0.0,0.0
1996-01-19,8.041666984558105,8.666666984558105,8.0,8.25,2.3889639377593994,2379000,0.0,0.0
1996-01-22,8.291666984558105,8.416666984558105,8.166666984558105,8.208333015441895,2.3768985271453857,1139400,0.0,0.0
1996-01-23,8.166666984558105,8.208333015441895,8.041666984558105,8.166666984558105,2.364832878112793,816600,0.0,0.0
1996-01-24,8.208333015441895,8.75,8.166666984558105,8.708333015441895,2.5216827392578125,983700,0.0,0.0
1996-01-25,8.666666984558105,8.666666984558105,8.5,8.5,2.4613561630249023,1077900,0.0,0.0
1996-01-26,8.5,8.5,8.333333015441895,8.375,2.425159454345703,2873400,0.0,0.0
1996-01-29,8.416666984558105,8.5,8.333333015441895,8.375,2.425159454345703,1614000,0.0,0.0
1996-01-30,8.416666984558105,8.5,8.375,8.5,2.4613561630249023,808500,0.0,0.0
1996-01-31,8.541666984558105,8.666666984558105,8.541666984558105,8.666666984558105,2.5096185207366943,511200,0.0,0.0
1996-02-01,8.666666984558105,8.791666984558105,8.625,8.625,2.4975533485412598,627000,0.0,0.0
1996-02-02,8.625,8.625,8.541666984558105,8.583333015441895,2.4854869842529297,550200,0.0,0.0
1996-02-05,8.583333015441895,8.625,8.5,8.5,2.4613561630249023,652500,0.0,0.0
1996-02-06,8.541666984558105,8.625,8.541666984558105,8.583333015441895,2.4854869842529297,343200,0.0,0.0
1996-02-07,8.625,8.625,8.5,8.583333015441895,2.4854869842529297,496800,0.0,0.0
1996-02-08,8.583333015441895,8.625,8.5,8.5,2.4613561630249023,1920900,0.0,0.0
1996-02-09,8.458333015441895,8.541666984558105,8.416666984558105,8.458333015441895,2.4492909908294678,692400,0.0,0.0
1996-02-12,8.458333015441895,8.5,8.375,8.416666984558105,2.437224864959717,1188000,0.0,0.0
1996-02-13,8.375,8.458333015441895,8.375,8.416666984558105,2.437224864959717,516300,0.0,0.0
1996-02-14,8.416666984558105,8.5,8.416666984558105,8.458333015441895,2.4492909908294678,243900,0.0,0.0
1996-02-15,8.458333015441895,8.541666984558105,8.458333015441895,8.541666984558105,2.4734230041503906,477300,0.0,0.0
1996-02-16,8.541666984558105,8.583333015441895,8.416666984558105,8.583333015441895,2.4854869842529297,746100,0.0,0.0
1996-02-20,8.5,8.666666984558105,8.5,8.583333015441895,2.4854869842529297,1207800,0.0,0.0
1996-02-21,8.541666984558105,8.583333015441895,8.5,8.541666984558105,2.4734230041503906,776400,0.0,0.0
1996-02-22,9.0,9.0,8.833333015441895,8.875,2.5699470043182373,3287100,0.0,0.0
1996-02-23,8.875,8.958333015441895,8.833333015441895,8.916666984558105,2.582010507583618,1163100,0.0,0.0
1996-02-26,8.958333015441895,9.0,8.875,8.875,2.5699470043182373,848400,0.0,0.0
1996-02-27,8.875,9.083333015441895,8.875,9.0,2.6061415672302246,1130400,0.0,0.0
1996-02-28,9.0,9.25,9.0,9.208333015441895,2.666468620300293,1297800,0.0,0.0
1996-02-29,9.333333015441895,9.583333015441895,9.291666984558105,9.458333015441895,2.7388625144958496,1851600,0.0,0.0
1996-03-01,9.375,9.541666984558105,9.166666984558105,9.166666984558105,2.654404878616333,653100,0.0,0.0
1996-03-04,9.25,9.5,9.25,9.5,2.750926971435547,678000,0.0,0.0
1996-03-05,9.375,9.583333015441895,9.375,9.458333015441895,2.7388625144958496,503400,0.0,0.0
1996-03-06,10.0,10.0,9.75,9.75,2.8233206272125244,1661700,0.0,0.0
1996-03-07,9.791666984558105,9.791666984558105,9.708333015441895,9.75,2.8233206272125244,522000,0.0,0.0
1996-03-08,9.666666984558105,9.666666984558105,9.5,9.541666984558105,2.762993335723877,731100,0.0,0.0
1996-03-11,9.416666984558105,9.625,9.395833015441895,9.625,2.787123918533325,545100,0.0,0.0
1996-03-12,9.541666984558105,9.583333015441895,9.5,9.583333015441895,2.7750580310821533,338700,0.0,0.0
1996-03-13,9.666666984558105,9.75,9.625,9.666666984558105,2.799190044403076,697500,0.0,0.0
1996-03-14,9.708333015441895,9.708333015441895,9.583333015441895,9.583333015441895,2.7750580310821533,552600,0.0,0.0
1996-03-15,9.583333015441895,9.708333015441895,9.583333015441895,9.666666984558105,2.799190044403076,720000,0.0,0.0
1996-03-18,9.666666984558105,9.75,9.625,9.666666984558105,2.799190044403076,435600,0.0,0.0
1996-03-19,9.708333015441895,9.958333015441895,9.708333015441895,9.916666984558105,2.8740596771240234,436500,0.008333,0.0
1996-03-20,10.0,10.0,9.875,9.958333015441895,2.8861353397369385,825900,0.0,0.0
1996-03-21,10.125,10.208333015441895,10.083333015441895,10.166666984558105,2.946514368057251,1410300,0.0,0.0
1996-03-22,10.041666984558105,10.458333015441895,10.041666984558105,10.458333015441895,3.0310463905334473,818700,0.0,0.0
1996-03-25,10.416666984558105,10.541666984558105,10.416666984558105,10.541666984558105,3.0551981925964355,427500,0.0,0.0
1996-03-26,10.458333015441895,10.541666984558105,10.333333015441895,10.333333015441895,2.994818687438965,364500,0.0,0.0
1996-03-27,10.25,10.333333015441895,10.083333015441895,10.208333015441895,2.958592176437378,6765000,0.0,0.0
1996-03-28,10.208333015441895,10.333333015441895,10.166666984558105,10.25,2.970668077468872,315600,0.0,0.0
1996-03-29,10.333333015441895,10.333333015441895,10.25,10.291666984558105,2.98274302482605,381000,0.0,0.0
1996-04-01,10.333333015441895,10.458333015441895,10.291666984558105,10.416666984558105,3.0189707279205322,1524300,0.0,0.0
1996-04-02,10.5,10.5,10.291666984558105,10.375,3.006894111633301,227100,0.0,0.0
1996-04-03,10.333333015441895,10.375,10.25,10.25,2.970668077468872,320400,0.0,0.0
1996-04-04,10.208333015441895,10.291666984558105,10.208333015441895,10.25,2.970668077468872,277500,0.0,0.0
1996-04-08,10.166666984558105,10.166666984558105,9.916666984558105,10.083333015441895,2.9223647117614746,363300,0.0,0.0
1996-04-09,10.125,10.125,9.875,10.0,2.8982114791870117,236400,0.0,0.0
1996-04-10,10.0,10.0,9.791666984558105,9.833333015441895,2.8499081134796143,338700,0.0,0.0
1996-04-11,9.916666984558105,9.916666984558105,9.416666984558105,9.583333015441895,2.7774529457092285,456900,0.0,0.0
1996-04-12,9.666666984558105,10.041666984558105,9.666666984558105,9.833333015441895,2.8499081134796143,374700,0.0,0.0
1996-04-15,9.875,10.0,9.833333015441895,10.0,2.8982114791870117,440400,0.0,0.0
1996-04-16,10.0,10.0,9.916666984558105,9.916666984558105,2.8740596771240234,386100,0.0,0.0
1996-04-17,9.916666984558105,9.916666984558105,9.791666984558105,9.833333015441895,2.8499081134796143,353100,0.0,0.0
1996-04-18,9.75,9.833333015441895,9.666666984558105,9.666666984558105,2.801605224609375,298200,0.0,0.0
1996-04-19,9.708333015441895,9.708333015441895,9.625,9.666666984558105,2.801605224609375,343500,0.0,0.0
1996-04-22,9.666666984558105,9.791666984558105,9.583333015441895,9.791666984558105,2.8378334045410156,795600,0.0,0.0
1996-04-23,9.791666984558105,9.833333015441895,9.708333015441895,9.75,2.8257572650909424,470400,0.0,0.0
1996-04-24,9.75,9.791666984558105,9.75,9.75,2.8257572650909424,246300,0.0,0.0
1996-04-25,9.75,9.75,9.625,9.666666984558105,2.801605224609375,275100,0.0,0.0
1996-04-26,9.625,9.666666984558105,9.583333015441895,9.625,2.789530038833618,249900,0.0,0.0
1996-04-29,9.666666984558105,9.666666984558105,9.5,9.541666984558105,2.7653775215148926,202500,0.0,0.0
1996-04-30,9.541666984558105,9.875,9.541666984558105,9.833333015441895,2.8499081134796143,483000,0.0,0.0
1996-05-01,9.791666984558105,9.791666984558105,9.666666984558105,9.708333015441895,2.8136801719665527,347400,0.0,0.0
1996-05-02,9.75,9.75,9.5,9.5,2.753300428390503,609300,0.0,0.0
1996-05-03,9.5,9.541666984558105,9.5,9.541666984558105,2.7653775215148926,502800,0.0,0.0
1996-05-06,9.541666984558105,9.541666984558105,9.375,9.416666984558105,2.729149580001831,804600,0.0,0.0
1996-05-07,9.416666984558105,9.416666984558105,9.291666984558105,9.291666984558105,2.692920684814453,620400,0.0,0.0
1996-05-08,9.333333015441895,9.333333015441895,9.208333015441895,9.291666984558105,2.692920684814453,357300,0.0,0.0
1996-05-09,9.291666984558105,9.333333015441895,9.291666984558105,9.333333015441895,2.7049992084503174,678000,0.0,0.0
1996-05-10,9.333333015441895,9.458333015441895,9.291666984558105,9.458333015441895,2.7412257194519043,1921800,0.0,0.0
1996-05-13,9.458333015441895,9.708333015441895,9.416666984558105,9.666666984558105,2.801605224609375,1284600,0.0,0.0
1996-05-14,9.666666984558105,10.166666984558105,9.666666984558105,10.041666984558105,2.910287857055664,1149000,0.0,0.0
1996-05-15,10.041666984558105,10.208333015441895,10.041666984558105,10.166666984558105,2.946514368057251,618600,0.0,0.0
1996-05-16,10.041666984558105,10.125,10.041666984558105,10.125,2.934439182281494,224400,0.0,0.0
1996-05-17,10.083333015441895,10.208333015441895,10.083333015441895,10.208333015441895,2.958592176437378,261600,0.0,0.0
1996-05-20,10.291666984558105,10.458333015441895,10.291666984558105,10.416666984558105,3.0189707279205322,484200,0.0,0.0
1996-05-21,10.375,10.458333015441895,10.291666984558105,10.333333015441895,2.994818687438965,566400,0.0,0.0
1996-05-22,10.333333015441895,10.5,10.291666984558105,10.5,3.0431227684020996,453000,0.0,0.0
1996-05-23,10.5,10.5,10.375,10.416666984558105,3.0189707279205322,343200,0.0,0.0
1996-05-24,10.416666984558105,10.458333015441895,10.375,10.416666984558105,3.0189707279205322,142500,0.0,0.0
1996-05-28,10.416666984558105,10.458333015441895,10.333333015441895,10.333333015441895,2.994818687438965,405900,0.0,0.0
1996-05-29,10.375,10.583333015441895,10.333333015441895,10.541666984558105,3.0551981925964355,780300,0.0,0.0
1996-05-30,10.541666984558105,10.666666984558105,10.541666984558105,10.666666984558105,3.0914268493652344,1047300,0.0,0.0
1996-05-31,10.666666984558105,10.666666984558105,10.583333015441895,10.583333015441895,3.067272186279297,381600,0.0,0.0
1996-06-03,10.583333015441895,10.583333015441895,10.5,10.541666984558105,3.0551981925964355,380100,0.0,0.0
1996-06-04,10.666666984558105,11.458333015441895,10.666666984558105,11.458333015441895,3.3208673000335693,2662800,0.0,0.0
1996-06-05,11.416666984558105,11.416666984558105,11.291666984558105,11.416666984558105,3.3087925910949707,1748700,0.0,0.0
1996-06-06,11.416666984558105,11.416666984558105,11.25,11.375,3.2967159748077393,1078800,0.0,0.0
1996-06-07,11.25,11.333333015441895,11.208333015441895,11.333333015441895,3.2846405506134033,915000,0.0,0.0
1996-06-10,11.375,11.375,11.291666984558105,11.333333015441895,3.2846405506134033,842100,0.0,0.0
1996-06-11,11.333333015441895,11.375,11.291666984558105,11.333333015441895,3.2846405506134033,579000,0.0,0.0
1996-06-12,11.375,11.833333015441895,11.375,11.75,3.405397653579712,2577300,0.0,0.0
1996-06-13,11.75,11.75,11.541666984558105,11.75,3.405397653579712,1154700,0.0,0.0
1996-06-14,11.708333015441895,11.708333015441895,11.583333015441895,11.625,3.369170665740967,1442700,0.0,0.0
1996-06-17,11.625,11.708333015441895,11.625,11.666666984558105,3.3812479972839355,452100,0.0,0.0
1996-06-18,11.666666984558105,11.75,11.625,11.75,3.407832384109497,383700,0.008333,0.0
1996-06-19,11.708333015441895,11.75,11.666666984558105,11.75,3.407832384109497,349500,0.0,0.0
1996-06-20,11.708333015441895,11.791666984558105,11.583333015441895,11.583333015441895,3.35949444770813,693300,0.0,0.0
1996-06-21,11.666666984558105,11.791666984558105,11.583333015441895,11.625,3.371579647064209,819600,0.0,0.0
1996-06-24,11.666666984558105,11.708333015441895,11.625,11.708333015441895,3.3957488536834717,267000,0.0,0.0
1996-06-25,11.708333015441895,11.708333015441895,11.583333015441895,11.583333015441895,3.35949444770813,238800,0.0,0.0
1996-06-26,11.541666984558105,11.875,11.541666984558105,11.541666984558105,3.3474104404449463,567600,0.0,0.0
1996-06-27,11.541666984558105,11.583333015441895,11.458333015441895,11.458333015441895,3.3232405185699463,385200,0.0,0.0
1996-06-28,11.5,11.583333015441895,11.458333015441895,11.541666984558105,3.3474104404449463,543300,0.0,0.0
1996-07-01,11.583333015441895,11.666666984558105,11.541666984558105,11.583333015441895,3.35949444770813,539400,0.0,0.0
1996-07-02,11.625,11.666666984558105,11.583333015441895,11.666666984558105,3.383664131164551,365700,0.0,0.0
1996-07-03,11.666666984558105,11.666666984558105,11.5,11.625,3.371579647064209,513300,0.0,0.0
1996-07-05,11.583333015441895,11.625,11.458333015441895,11.5,3.335325002670288,234900,0.0,0.0
1996-07-08,11.375,11.625,11.375,11.458333015441895,3.3232405185699463,380400,0.0,0.0
1996-07-09,11.5,11.541666984558105,11.458333015441895,11.5,3.335325002670288,362700,0.0,0.0
1996-07-10,11.5,11.541666984558105,11.458333015441895,11.5,3.335325002670288,393000,0.0,0.0
1996-07-11,11.541666984558105,11.541666984558105,11.375,11.458333015441895,3.3232405185699463,462000,0.0,0.0
1996-07-12,11.5,11.5,11.416666984558105,11.5,3.335325002670288,281100,0.0,0.0
1996-07-15,11.5,11.5,11.416666984558105,11.416666984558105,3.3111557960510254,334800,0.0,0.0
1996-07-16,11.458333015441895,11.583333015441895,11.333333015441895,11.416666984558105,3.3111557960510254,686400,0.0,0.0
1996-07-17,11.458333015441895,11.458333015441895,11.375,11.458333015441895,3.3232405185699463,1482600,0.0,0.0
1996-07-18,11.416666984558105,11.583333015441895,11.416666984558105,11.541666984558105,3.3474104404449463,1683300,0.0,0.0
1996-07-19,11.541666984558105,11.583333015441895,11.541666984558105,11.583333015441895,3.35949444770813,1676700,0.0,0.0
1996-07-22,11.583333015441895,11.708333015441895,11.541666984558105,11.625,3.371579647064209,1036800,0.0,0.0
1996-07-23,11.625,11.708333015441895,11.625,11.666666984558105,3.383664131164551,458700,0.0,0.0
1996-07-24,11.625,11.666666984558105,11.541666984558105,11.583333015441895,3.35949444770813,537600,0.0,0.0
1996-07-25,11.625,11.708333015441895,11.583333015441895,11.625,3.371579647064209,858300,0.0,0.0
1996-07-26,11.625,11.708333015441895,11.583333015441895,11.708333015441895,3.3957488536834717,445200,0.0,0.0
1996-07-29,11.708333015441895,11.708333015441895,11.583333015441895,11.625,3.371579647064209,153000,0.0,0.0
1996-07-30,11.625,11.708333015441895,11.583333015441895,11.708333015441895,3.3957488536834717,514500,0.0,0.0
1996-07-31,11.708333015441895,11.791666984558105,11.666666984558105,11.75,3.407832384109497,747900,0.0,0.0
1996-08-01,11.833333015441895,12.041666984558105,11.833333015441895,12.0,3.480339765548706,1988400,0.0,0.0
1996-08-02,11.958333015441895,12.041666984558105,11.958333015441895,12.0,3.480339765548706,1062600,0.0,0.0
1996-08-05,12.041666984558105,12.041666984558105,11.958333015441895,12.0,3.480339765548706,463200,0.0,0.0
1996-08-06,12.0,12.041666984558105,11.958333015441895,12.0,3.480339765548706,499200,0.0,0.0
1996-08-07,12.0,12.125,12.0,12.041666984558105,3.4924261569976807,504900,0.0,0.0
1996-08-08,12.0,12.083333015441895,11.958333015441895,12.041666984558105,3.4924261569976807,669900,0.0,0.0
1996-08-09,12.041666984558105,12.125,11.958333015441895,12.041666984558105,3.4924261569976807,404700,0.0,0.0
1996-08-12,12.083333015441895,12.25,12.083333015441895,12.25,3.5528461933135986,560400,0.0,0.0
1996-08-13,12.291666984558105,12.583333015441895,12.291666984558105,12.5,3.6253552436828613,899400,0.0,0.0
1996-08-14,12.458333015441895,12.75,12.458333015441895,12.75,3.697861433029175,990000,0.0,0.0
1996-08-15,12.75,13.041666984558105,12.708333015441895,13.041666984558105,3.782453775405884,1336500,0.0,0.0
1996-08-16,13.041666984558105,13.375,13.041666984558105,13.291666984558105,3.854959487915039,1119600,0.0,0.0
1996-08-19,13.291666984558105,13.458333015441895,13.291666984558105,13.333333015441895,3.8670451641082764,1221000,0.0,0.0
1996-08-20,13.333333015441895,13.375,13.291666984558105,13.375,3.8791282176971436,834900,0.0,0.0
1996-08-21,13.333333015441895,13.333333015441895,13.208333015441895,13.25,3.8428761959075928,714300,0.0,0.0
1996-08-22,13.166666984558105,13.25,13.083333015441895,13.25,3.8428761959075928,1131000,0.0,0.0
1996-08-23,13.333333015441895,13.416666984558105,13.291666984558105,13.416666984558105,3.8912136554718018,1052400,0.0,0.0
1996-08-26,13.416666984558105,13.458333015441895,13.333333015441895,13.416666984558105,3.8912136554718018,392700,0.0,0.0
1996-08-27,13.416666984558105,13.666666984558105,13.291666984558105,13.583333015441895,3.939549446105957,658500,0.0,0.0
1996-08-28,13.625,13.833333015441895,13.583333015441895,13.791666984558105,3.9999728202819824,1268700,0.0,0.0
1996-08-29,13.833333015441895,13.875,13.458333015441895,13.583333015441895,3.939549446105957,376800,0.0,0.0
1996-08-30,13.583333015441895,13.583333015441895,13.416666984558105,13.458333015441895,3.903296709060669,254400,0.0,0.0
1996-09-03,13.375,13.5,13.291666984558105,13.5,3.9153828620910645,591600,0.0,0.0
1996-09-04,13.333333015441895,13.375,13.083333015441895,13.125,3.8066208362579346,1211400,0.0,0.0
1996-09-05,13.125,13.125,12.75,12.833333015441895,3.7220311164855957,712200,0.0,0.0
1996-09-06,12.75,12.791666984558105,12.625,12.708333015441895,3.6857750415802,917700,0.0,0.0
1996-09-09,12.791666984558105,13.125,12.75,13.083333015441895,3.794536590576172,883500,0.0,0.0
1996-09-10,13.083333015441895,13.375,13.083333015441895,13.333333015441895,3.8670451641082764,760500,0.0,0.0
1996-09-11,13.25,13.416666984558105,13.208333015441895,13.333333015441895,3.8670451641082764,478200,0.0,0.0
1996-09-12,13.375,13.625,13.375,13.541666984558105,3.9274661540985107,913200,0.0,0.0
1996-09-13,13.541666984558105,13.708333015441895,13.5,13.5,3.9153828620910645,1432200,0.0,0.0
1996-09-16,13.541666984558105,13.583333015441895,13.5,13.5,3.9153828620910645,526800,0.0,0.0
1996-09-17,13.5,13.541666984558105,13.416666984558105,13.458333015441895,3.903296709060669,455100,0.0,0.0
1996-09-18,13.333333015441895,13.5,13.333333015441895,13.458333015441895,3.905714750289917,359400,0.008333,0.0
1996-09-19,13.541666984558105,13.583333015441895,13.458333015441895,13.541666984558105,3.929898500442505,571200,0.0,0.0
1996-09-20,13.541666984558105,13.583333015441895,13.5,13.541666984558105,3.929898500442505,556200,0.0,0.0
1996-09-23,13.541666984558105,14.125,13.5,14.125,4.099187850952148,1080900,0.0,0.0
1996-09-24,14.125,14.458333015441895,14.125,14.291666984558105,4.147556304931641,807000,0.0,0.0
1996-09-25,14.291666984558105,14.333333015441895,14.208333015441895,14.25,4.135462284088135,591300,0.0,0.0
1996-09-26,14.291666984558105,14.5,14.291666984558105,14.333333015441895,4.159648895263672,547200,0.0,0.0
1996-09-27,14.458333015441895,15.416666984558105,14.458333015441895,15.208333015441895,4.413580894470215,2604900,0.0,0.0
1996-09-30,15.125,15.166666984558105,15.041666984558105,15.083333015441895,4.3773064613342285,1920300,0.0,0.0
1996-10-01,15.166666984558105,15.375,15.166666984558105,15.208333015441895,4.413580894470215,1244100,0.0,0.0
1996-10-02,15.208333015441895,15.208333015441895,14.583333015441895,14.666666984558105,4.25638484954834,1643400,0.0,0.0
1996-10-03,14.625,14.625,14.25,14.5,4.208015441894531,891000,0.0,0.0
1996-10-04,14.458333015441895,14.583333015441895,14.416666984558105,14.583333015441895,4.232201099395752,320400,0.0,0.0
1996-10-07,14.583333015441895,14.583333015441895,14.5,14.5,4.208015441894531,362100,0.0,0.0
1996-10-08,14.5,14.5,14.125,14.125,4.099187850952148,577800,0.0,0.0
1996-10-09,14.166666984558105,14.458333015441895,14.041666984558105,14.375,4.171741962432861,1289100,0.0,0.0
1996-10-10,14.375,14.541666984558105,14.375,14.5,4.208015441894531,499800,0.0,0.0
1996-10-11,14.541666984558105,14.625,14.5,14.583333015441895,4.232201099395752,296700,0.0,0.0
1996-10-14,14.541666984558105,14.833333015441895,14.541666984558105,14.791666984558105,4.292658805847168,1257600,0.0,0.0
1996-10-15,14.75,14.791666984558105,14.666666984558105,14.791666984558105,4.292658805847168,1299300,0.0,0.0
1996-10-16,14.833333015441895,14.958333015441895,14.791666984558105,14.958333015441895,4.341030597686768,518700,0.0,0.0
1996-10-17,14.958333015441895,15.041666984558105,14.916666984558105,14.958333015441895,4.341030597686768,463200,0.0,0.0
1996-10-18,15.0,15.0,14.791666984558105,14.916666984558105,4.328935623168945,497400,0.0,0.0
1996-10-21,14.958333015441895,15.0,14.833333015441895,14.916666984558105,4.328935623168945,358800,0.0,0.0
1996-10-22,14.916666984558105,15.0,14.791666984558105,15.0,4.35312032699585,695700,0.0,0.0
1996-10-23,15.083333015441895,15.166666984558105,15.0,15.125,4.389395713806152,677400,0.0,0.0
1996-10-24,15.0,15.25,15.0,15.125,4.389395713806152,1062600,0.0,0.0
1996-10-25,15.125,15.166666984558105,14.75,14.791666984558105,4.292658805847168,577500,0.0,0.0
1996-10-28,14.75,14.791666984558105,14.458333015441895,14.541666984558105,4.220108985900879,965400,0.0,0.0
1996-10-29,14.458333015441895,14.5,14.333333015441895,14.416666984558105,4.183831214904785,533400,0.0,0.0
1996-10-30,14.458333015441895,14.458333015441895,14.125,14.125,4.099187850952148,794100,0.0,0.0
1996-10-31,14.208333015441895,14.25,14.166666984558105,14.208333015441895,4.123373031616211,366600,0.0,0.0
1996-11-01,14.291666984558105,14.333333015441895,14.166666984558105,14.166666984558105,4.1112823486328125,751500,0.0,0.0
1996-11-04,14.208333015441895,14.208333015441895,14.041666984558105,14.083333015441895,4.087095737457275,687600,0.0,0.0
1996-11-05,14.125,14.166666984558105,14.041666984558105,14.125,4.099187850952148,233100,0.0,0.0
1996-11-06,14.208333015441895,14.625,14.208333015441895,14.583333015441895,4.232201099395752,466500,0.0,0.0
1996-11-07,14.583333015441895,15.375,14.583333015441895,15.25,4.4256720542907715,1056300,0.0,0.0
1996-11-08,15.25,15.458333015441895,15.25,15.375,4.461948394775391,522300,0.0,0.0
1996-11-11,15.333333015441895,15.333333015441895,15.208333015441895,15.208333015441895,4.413580894470215,243300,0.0,0.0
1996-11-12,15.208333015441895,15.791666984558105,15.208333015441895,15.666666984558105,4.54659366607666,769200,0.0,0.0
1996-11-13,15.625,15.666666984558105,15.5,15.583333015441895,4.5224080085754395,303000,0.0,0.0
1996-11-14,15.541666984558105,15.75,15.5,15.583333015441895,4.5224080085754395,434100,0.0,0.0
1996-11-15,15.791666984558105,16.375,15.791666984558105,16.375,4.752158164978027,875400,0.0,0.0
1996-11-18,16.333332061767578,16.375,15.791666984558105,15.875,4.607053756713867,620700,0.0,0.0
1996-11-19,15.791666984558105,15.833333015441895,15.666666984558105,15.666666984558105,4.54659366607666,316500,0.0,0.0
1996-11-20,15.666666984558105,16.0,15.666666984558105,16.0,4.6433281898498535,244200,0.0,0.0
1996-11-21,16.0,16.0,15.666666984558105,16.0,4.6433281898498535,550800,0.0,0.0
1996-11-22,16.0,16.0,15.541666984558105,15.583333015441895,4.5224080085754395,771000,0.0,0.0
1996-11-25,15.5,15.5,15.25,15.291666984558105,4.437764644622803,1221300,0.0,0.0
1996-11-26,15.291666984558105,15.291666984558105,14.958333015441895,15.041666984558105,4.365213394165039,1006500,0.0,0.0
1996-11-27,14.958333015441895,15.0,14.916666984558105,14.958333015441895,4.343433856964111,427200,0.008333,0.0
1996-11-29,15.0,15.25,14.958333015441895,15.125,4.391826629638672,455700,0.0,0.0
1996-12-02,15.041666984558105,15.041666984558105,14.541666984558105,14.583333015441895,4.234545707702637,1120200,0.0,0.0
1996-12-03,14.666666984558105,14.708333015441895,14.416666984558105,14.416666984558105,4.186150550842285,983100,0.0,0.0
1996-12-04,14.333333015441895,14.375,14.208333015441895,14.291666984558105,4.149855613708496,1059900,0.0,0.0
1996-12-05,14.333333015441895,14.375,14.208333015441895,14.333333015441895,4.161953926086426,932700,0.0,0.0
1996-12-06,14.25,14.458333015441895,14.166666984558105,14.416666984558105,4.186150550842285,1167000,0.0,0.0
1996-12-09,14.583333015441895,14.75,14.291666984558105,14.666666984558105,4.258742809295654,703800,0.0,0.0
1996-12-10,14.666666984558105,14.791666984558105,14.666666984558105,14.708333015441895,4.2708420753479,398700,0.0,0.0
1996-12-11,14.625,14.625,14.458333015441895,14.541666984558105,4.222447872161865,200700,0.0,0.0
1996-12-12,14.583333015441895,14.666666984558105,14.25,14.333333015441895,4.161953926086426,474300,0.0,0.0
1996-12-13,14.375,14.541666984558105,14.291666984558105,14.541666984558105,4.222447872161865,275100,0.0,0.0
1996-12-16,14.541666984558105,14.958333015441895,14.541666984558105,14.791666984558105,4.29503870010376,632700,0.0,0.0
1996-12-17,14.708333015441895,14.75,14.416666984558105,14.416666984558105,4.186150550842285,525600,0.0,0.0
1996-12-18,14.416666984558105,14.541666984558105,14.416666984558105,14.458333015441895,4.198248386383057,198000,0.0,0.0
1996-12-19,14.375,15.041666984558105,14.375,15.041666984558105,4.3676323890686035,298200,0.0,0.0
1996-12-20,15.25,15.666666984558105,15.25,15.583333015441895,4.524913787841797,778200,0.0,0.0
1996-12-23,15.541666984558105,15.625,15.208333015441895,15.25,4.428125858306885,333600,0.0,0.0
1996-12-24,15.208333015441895,15.25,15.208333015441895,15.208333015441895,4.416027545928955,72600,0.0,0.0
1996-12-26,15.291666984558105,15.333333015441895,15.208333015441895,15.291666984558105,4.440225601196289,174900,0.0,0.0
1996-12-27,15.375,15.625,15.375,15.625,4.537013530731201,201300,0.0,0.0
1996-12-30,15.666666984558105,16.0,15.666666984558105,15.916666984558105,4.621707439422607,351000,0.0,0.0
1996-12-31,15.958333015441895,16.208332061767578,15.958333015441895,16.166667938232422,4.694295883178711,483900,0.0,0.0
1997-01-02,16.083332061767578,16.083332061767578,15.708333015441895,15.875,4.6096062660217285,624600,0.0,0.0
1997-01-03,15.916666984558105,16.125,15.791666984558105,16.0,4.645901679992676,798300,0.0,0.0
1997-01-06,15.958333015441895,16.375,15.958333015441895,16.291667938232422,4.730594635009766,588600,0.0,0.0
1997-01-07,16.291667938232422,16.291667938232422,16.0,16.166667938232422,4.694295883178711,174600,0.0,0.0
1997-01-08,16.25,16.333332061767578,16.041667938232422,16.083332061767578,4.67009973526001,252900,0.0,0.0
1997-01-09,16.083332061767578,16.333332061767578,16.083332061767578,16.208332061767578,4.7063984870910645,368100,0.0,0.0
1997-01-10,16.125,16.75,16.125,16.708332061767578,4.851578712463379,384300,0.0,0.0
1997-01-13,16.666667938232422,16.916667938232422,16.583332061767578,16.875,4.899977207183838,509700,0.0,0.0
1997-01-14,16.916667938232422,16.916667938232422,16.791667938232422,16.791667938232422,4.875779628753662,340200,0.0,0.0
1997-01-15,16.75,17.083332061767578,16.75,16.916667938232422,4.912074089050293,483900,0.0,0.0
1997-01-16,16.833332061767578,18.25,16.75,17.583332061767578,5.105652332305908,1125000,0.0,0.0
1997-01-17,17.5,17.666667938232422,17.375,17.416667938232422,5.057258605957031,526800,0.0,0.0
1997-01-20,17.416667938232422,17.5,17.333332061767578,17.5,5.081455707550049,761100,0.0,0.0
1997-01-21,17.541667938232422,18.291667938232422,17.458332061767578,18.291667938232422,5.311330318450928,1665600,0.0,0.0
1997-01-22,18.458332061767578,18.583332061767578,18.25,18.5,5.371827602386475,2016300,0.0,0.0
1997-01-23,18.5,18.875,18.291667938232422,18.708332061767578,5.432317733764648,1082400,0.0,0.0
1997-01-24,18.708332061767578,18.708332061767578,18.375,18.583332061767578,5.396016597747803,427500,0.0,0.0
1997-01-27,18.5,18.5,18.333332061767578,18.375,5.335529327392578,369300,0.0,0.0
1997-01-28,18.416667938232422,18.708332061767578,18.416667938232422,18.583332061767578,5.396016597747803,1315800,0.0,0.0
1997-01-29,18.541667938232422,18.708332061767578,18.5,18.583332061767578,5.396016597747803,660300,0.0,0.0
1997-01-30,18.625,18.958332061767578,18.583332061767578,18.833332061767578,5.4686150550842285,595800,0.0,0.0
1997-01-31,18.875,19.083332061767578,18.875,18.958332061767578,5.504909992218018,484500,0.0,0.0
1997-02-03,18.958332061767578,18.958332061767578,18.875,18.916667938232422,5.492812633514404,474300,0.0,0.0
1997-02-04,18.833332061767578,18.958332061767578,18.791667938232422,18.916667938232422,5.492812633514404,335100,0.0,0.0
1997-02-05,18.916667938232422,19.0,18.875,19.0,5.517007827758789,548400,0.0,0.0
1997-02-06,19.0,19.208332061767578,19.0,19.166667938232422,5.565402030944824,297000,0.0,0.0
1997-02-07,19.208332061767578,19.375,19.208332061767578,19.333332061767578,5.613797664642334,414900,0.0,0.0
1997-02-10,19.291667938232422,19.416667938232422,19.083332061767578,19.125,5.553302764892578,775800,0.0,0.0
1997-02-11,19.208332061767578,19.208332061767578,18.875,18.916667938232422,5.492812633514404,347100,0.0,0.0
1997-02-12,18.958332061767578,19.0,18.875,18.875,5.480712890625,383700,0.0,0.0
1997-02-13,18.958332061767578,19.541667938232422,18.958332061767578,19.541667938232422,5.674293518066406,743400,0.0,0.0
1997-02-14,19.541667938232422,19.75,19.541667938232422,19.666667938232422,5.710589408874512,477300,0.0,0.0
1997-02-18,19.708332061767578,20.541667938232422,19.666667938232422,20.541667938232422,5.964660167694092,1061100,0.0,0.0
1997-02-19,20.625,21.708332061767578,20.625,21.375,6.206637382507324,1719000,0.0,0.0
1997-02-20,21.5,21.541667938232422,21.125,21.291667938232422,6.18243932723999,1114200,0.0,0.0
1997-02-21,21.166667938232422,21.541667938232422,21.166667938232422,21.333332061767578,6.19453763961792,923100,0.0,0.0
1997-02-24,21.333332061767578,21.875,21.25,21.833332061767578,6.339721202850342,603300,0.0,0.0
1997-02-25,21.791667938232422,22.0,21.166667938232422,21.333332061767578,6.19453763961792,1023600,0.0,0.0
1997-02-26,21.375,21.375,21.041667938232422,21.083332061767578,6.121944904327393,896100,0.0,0.0
1997-02-27,21.125,21.208332061767578,20.875,20.916667938232422,6.073550224304199,1243500,0.0,0.0
1997-02-28,20.916667938232422,20.958332061767578,20.583332061767578,20.583332061767578,5.976760387420654,603600,0.0,0.0
1997-03-03,20.583332061767578,20.791667938232422,20.416667938232422,20.666667938232422,6.00095796585083,461700,0.0,0.0
1997-03-04,20.75,21.125,20.75,21.083332061767578,6.121944904327393,375300,0.0,0.0
1997-03-05,21.083332061767578,21.208332061767578,20.416667938232422,20.666667938232422,6.00095796585083,601800,0.0,0.0
1997-03-06,20.708332061767578,21.083332061767578,20.666667938232422,20.958332061767578,6.085646629333496,427500,0.0,0.0
1997-03-07,21.0,21.166667938232422,20.916667938232422,20.958332061767578,6.085646629333496,507300,0.0,0.0
1997-03-10,20.875,21.208332061767578,20.875,21.208332061767578,6.158237457275391,278100,0.0,0.0
1997-03-11,21.291667938232422,21.416667938232422,21.041667938232422,21.083332061767578,6.121944904327393,408600,0.0,0.0
1997-03-12,21.0,21.0,20.708332061767578,20.833332061767578,6.049350738525391,345600,0.0,0.0
1997-03-13,20.958332061767578,20.958332061767578,20.583332061767578,20.625,5.988855361938477,299100,0.0,0.0
1997-03-14,20.708332061767578,20.916667938232422,20.708332061767578,20.916667938232422,6.073550224304199,267300,0.0,0.0
1997-03-17,20.916667938232422,20.958332061767578,20.416667938232422,20.666667938232422,6.00095796585083,433800,0.0,0.0
1997-03-18,20.666667938232422,20.875,20.291667938232422,20.416667938232422,5.9283671379089355,527100,0.0,0.0
1997-03-19,20.333332061767578,20.833332061767578,20.333332061767578,20.666667938232422,6.003408908843994,625800,0.008333,0.0
1997-03-20,20.666667938232422,20.666667938232422,20.166667938232422,20.291667938232422,5.894474029541016,386100,0.0,0.0
1997-03-21,20.416667938232422,20.708332061767578,20.375,20.375,5.9186787605285645,444600,0.0,0.0
1997-03-24,20.416667938232422,20.458332061767578,20.0,20.0,5.809747695922852,521100,0.0,0.0
1997-03-25,20.125,20.75,20.083332061767578,20.75,6.027613639831543,830700,0.0,0.0
1997-03-26,20.958332061767578,21.291667938232422,20.791667938232422,20.791667938232422,6.0397210121154785,514200,0.0,0.0
1997-03-27,20.833332061767578,20.916667938232422,20.208332061767578,20.25,5.8823699951171875,576900,0.0,0.0
1997-03-31,20.166667938232422,20.208332061767578,19.125,19.125,5.555572509765625,921000,0.0,0.0
1997-04-01,19.083332061767578,19.75,18.25,19.416667938232422,5.640297889709473,2574000,0.0,0.0
1997-04-02,19.375,19.791667938232422,19.333332061767578,19.625,5.700814723968506,1126200,0.0,0.0
1997-04-03,19.708332061767578,19.791667938232422,18.916667938232422,18.916667938232422,5.495054721832275,724500,0.0,0.0
1997-04-04,18.916667938232422,19.083332061767578,18.75,19.083332061767578,5.543470859527588,785700,0.0,0.0
1997-04-07,19.125,19.375,19.125,19.333332061767578,5.616089820861816,1099200,0.0,0.0
1997-04-08,19.416667938232422,19.416667938232422,19.25,19.291667938232422,5.603986740112305,389700,0.0,0.0
1997-04-09,19.375,19.416667938232422,19.0,19.041667938232422,5.531368255615234,232800,0.0,0.0
1997-04-10,19.041667938232422,19.333332061767578,18.958332061767578,19.208332061767578,5.579779624938965,299100,0.0,0.0
1997-04-11,19.125,19.125,18.333332061767578,18.458332061767578,5.361915588378906,650100,0.0,0.0
1997-04-14,18.375,18.541667938232422,18.041667938232422,18.541667938232422,5.386120796203613,939600,0.0,0.0
1997-04-15,18.625,19.25,18.625,19.166667938232422,5.56767463684082,819000,0.0,0.0
1997-04-16,19.333332061767578,19.625,19.333332061767578,19.5,5.664504051208496,631200,0.0,0.0
1997-04-17,19.583332061767578,19.916667938232422,19.5,19.5,5.664504051208496,882600,0.0,0.0
1997-04-18,19.541667938232422,19.708332061767578,19.375,19.541667938232422,5.676609992980957,581700,0.0,0.0
1997-04-21,19.583332061767578,20.041667938232422,19.583332061767578,19.666667938232422,5.712919235229492,595500,0.0,0.0
1997-04-22,19.666667938232422,19.875,19.583332061767578,19.791667938232422,5.749234676361084,750600,0.0,0.0
1997-04-23,20.041667938232422,20.25,19.916667938232422,19.916667938232422,5.785541534423828,585300,0.0,0.0
1997-04-24,19.958332061767578,20.25,19.958332061767578,20.125,5.846059799194336,881400,0.0,0.0
1997-04-25,20.041667938232422,20.083332061767578,19.458332061767578,19.458332061767578,5.652400493621826,483900,0.0,0.0
1997-04-28,19.375,19.5,19.166667938232422,19.416667938232422,5.640297889709473,879600,0.0,0.0
1997-04-29,19.583332061767578,20.25,19.583332061767578,20.25,5.8823699951171875,816600,0.0,0.0
1997-04-30,20.166667938232422,20.375,20.083332061767578,20.125,5.846059799194336,733800,0.0,0.0
1997-05-01,20.208332061767578,20.25,19.666667938232422,19.708332061767578,5.72502326965332,1177200,0.0,0.0
1997-05-02,19.708332061767578,19.75,19.625,19.708332061767578,5.72502326965332,800100,0.0,0.0
1997-05-05,19.708332061767578,19.708332061767578,19.541667938232422,19.666667938232422,5.712919235229492,966000,0.0,0.0
1997-05-06,19.666667938232422,19.708332061767578,19.541667938232422,19.666667938232422,5.712919235229492,1297800,0.0,0.0
1997-05-07,19.666667938232422,19.708332061767578,19.583332061767578,19.625,5.700814723968506,897000,0.0,0.0
1997-05-08,19.666667938232422,19.75,19.583332061767578,19.625,5.700814723968506,630300,0.0,0.0
1997-05-09,19.625,19.708332061767578,19.416667938232422,19.541667938232422,5.676609992980957,1059300,0.0,0.0
1997-05-12,19.666667938232422,19.833332061767578,19.583332061767578,19.791667938232422,5.749234676361084,1240200,0.0,0.0
1997-05-13,20.0,20.125,19.75,20.0,5.809747695922852,996900,0.0,3.0
1997-05-14,20.0,20.125,19.375,19.375,5.628194808959961,833900,0.0,0.0
1997-05-15,19.5,19.875,19.25,19.25,5.591884136199951,623300,0.0,0.0
1997-05-16,19.375,19.375,19.0,19.125,5.555572509765625,639600,0.0,0.0
1997-05-19,19.25,19.375,19.125,19.375,5.628194808959961,925600,0.0,0.0
1997-05-20,19.25,19.5,19.25,19.5,5.664504051208496,697000,0.0,0.0
1997-05-21,19.5,19.75,19.125,19.375,5.628194808959961,984100,0.0,0.0
1997-05-22,19.375,19.375,18.875,19.25,5.591884136199951,1231400,0.0,0.0
1997-05-23,19.25,19.875,19.125,19.75,5.737125396728516,1037700,0.0,0.0
1997-05-27,19.5,19.75,19.25,19.625,5.700814723968506,619900,0.0,0.0
1997-05-28,19.875,20.625,19.75,20.5,5.954996109008789,1736400,0.0,0.0
1997-05-29,21.25,21.5,20.25,21.125,6.1365485191345215,1920100,0.0,0.0
1997-05-30,21.0,21.25,20.875,21.125,6.1365485191345215,1088800,0.0,0.0
1997-06-02,21.25,21.75,21.25,21.625,6.281789779663086,1018700,0.0,0.0
1997-06-03,21.625,21.625,21.25,21.375,6.209171295166016,1027000,0.0,0.0
1997-06-04,21.375,21.625,21.375,21.5,6.245479106903076,830200,0.0,0.0
1997-06-05,21.5,21.625,20.875,21.125,6.1365485191345215,1229600,0.0,0.0
1997-06-06,21.125,21.375,21.0,21.0,6.100235462188721,849100,0.0,0.0
1997-06-09,21.0,21.75,21.0,21.6875,6.299946308135986,915100,0.0,0.0
1997-06-10,21.375,21.625,21.25,21.5,6.245479106903076,1447600,0.0,0.0
1997-06-11,21.625,21.875,21.375,21.5,6.245479106903076,491600,0.0,0.0
1997-06-12,21.75,22.375,21.75,22.25,6.463346481323242,1176400,0.0,0.0
1997-06-13,22.25,23.5,22.25,23.375,6.790146350860596,1141800,0.0,0.0
1997-06-16,23.375,23.5,22.625,23.125,6.7175211906433105,1581700,0.0,0.0
1997-06-17,23.0,23.125,22.625,22.625,6.572280406951904,836100,0.0,0.0
1997-06-18,22.5,22.875,22.375,22.5,6.543198585510254,1262200,0.025,0.0
1997-06-19,22.625,23.5,22.625,23.5,6.8340044021606445,1189600,0.0,0.0
1997-06-20,23.5,23.625,22.5,23.25,6.761303901672363,540500,0.0,0.0
1997-06-23,23.25,23.5,23.0,23.125,6.72495174407959,493000,0.0,0.0
1997-06-24,23.25,23.375,21.9375,23.1875,6.743127346038818,1813500,0.0,0.0
1997-06-25,23.0,23.375,22.625,22.9375,6.6704277992248535,541800,0.0,0.0
1997-06-26,22.625,22.875,22.5,22.625,6.579550743103027,859800,0.0,0.0
1997-06-27,22.875,23.25,22.75,23.25,6.761303901672363,498300,0.0,0.0
1997-06-30,22.9375,23.125,22.5,23.0,6.688598155975342,1179200,0.0,0.0
1997-07-01,22.9375,22.9375,22.25,22.6875,6.597723960876465,479800,0.0,0.0
1997-07-02,22.75,22.9375,22.625,22.8125,6.63407564163208,471400,0.0,0.0
1997-07-03,22.75,23.125,22.75,23.0,6.688598155975342,776900,0.0,0.0
1997-07-07,23.125,24.0625,23.125,24.0625,6.997588634490967,852800,0.0,0.0
1997-07-08,23.875,24.1875,23.75,24.0625,6.997588634490967,708100,0.0,0.0
1997-07-09,24.0,24.125,23.9375,24.0,6.979409217834473,546700,0.0,0.0
1997-07-10,24.0,24.6875,23.4375,24.625,7.161168575286865,778700,0.0,0.0
1997-07-11,24.625,24.875,24.5625,24.625,7.161168575286865,687200,0.0,0.0
1997-07-14,24.5,24.5625,23.8125,23.8125,6.9248833656311035,385900,0.0,0.0
1997-07-15,24.4375,24.875,24.4375,24.8125,7.2156901359558105,1011000,0.0,0.0
1997-07-16,25.0,26.3125,25.0,26.25,7.633730411529541,1564700,0.0,0.0
1997-07-17,26.3125,26.875,26.25,26.5625,7.724612712860107,812700,0.0,0.0
1997-07-18,26.9375,27.0,25.8125,27.0,7.851836681365967,797200,0.0,0.0
1997-07-21,26.75,28.0,26.75,27.375,7.960892200469971,1247100,0.0,0.0
1997-07-22,27.3125,28.875,27.125,28.875,8.397104263305664,881900,0.0,0.0
1997-07-23,28.75,28.9375,27.125,27.5,7.997243404388428,1182600,0.0,0.0
1997-07-24,27.9375,28.625,26.75,28.5,8.28805160522461,1940300,0.0,0.0
1997-07-25,28.5,29.0,28.3125,29.0,8.433453559875488,787700,0.0,0.0
1997-07-28,29.4375,29.5,28.75,28.8125,8.378928184509277,455500,0.0,0.0
1997-07-29,28.4375,29.875,28.125,29.75,8.651557922363281,1009300,0.0,0.0
1997-07-30,30.0,31.0,29.625,30.625,8.90601921081543,1088400,0.0,0.0
1997-07-31,30.625,31.625,30.5625,31.0625,9.033247947692871,1074400,0.0,0.0
1997-08-01,31.3125,31.3125,29.8125,30.8125,8.96054744720459,833300,0.0,0.0
1997-08-04,30.8125,30.9375,30.125,30.3125,8.815142631530762,556500,0.0,0.0
1997-08-05,30.25,30.5,30.25,30.25,8.796961784362793,557700,0.0,0.0
1997-08-06,30.0,31.1875,30.0,31.0625,9.033247947692871,817300,0.0,0.0
1997-08-07,30.9375,31.125,30.25,30.25,8.796961784362793,435400,0.0,0.0
1997-08-08,30.0625,30.0625,28.0625,29.9375,8.706084251403809,1140000,0.0,0.0
1997-08-11,29.875,29.875,27.875,28.375,8.251699447631836,1176700,0.0,0.0
1997-08-12,28.5,28.875,26.5,27.0,7.851836681365967,1118000,0.0,0.0
1997-08-13,27.4375,27.625,25.8125,26.0,7.561034679412842,1521100,0.0,0.0
1997-08-14,26.125,26.3125,25.75,25.875,7.5246782302856445,650400,0.0,0.0
1997-08-15,25.25,26.375,25.25,26.25,7.633730411529541,2046800,0.0,0.0
1997-08-18,25.5625,26.5625,25.5,25.6875,7.470149993896484,694200,0.0,0.0
1997-08-19,26.125,27.5,26.0625,27.5,7.997243404388428,1120300,0.0,0.0
1997-08-20,27.5625,28.25,27.4375,28.125,8.178998947143555,1184200,0.0,0.0
1997-08-21,28.3125,28.6875,28.1875,28.625,8.3244047164917,541500,0.0,0.0
1997-08-22,28.375,28.75,27.375,28.625,8.3244047164917,492500,0.0,0.0
1997-08-25,28.625,28.75,27.875,28.0,8.142647743225098,313100,0.0,0.0
1997-08-26,28.0625,28.0625,27.4375,27.4375,7.979066371917725,541800,0.0,0.0
1997-08-27,27.5,27.5625,27.125,27.125,7.888187408447266,493800,0.0,0.0
1997-08-28,27.125,27.1875,26.75,27.0625,7.870017051696777,558000,0.0,0.0
1997-08-29,27.0,27.75,26.9375,27.5,7.997243404388428,483700,0.0,0.0
1997-09-02,27.5,28.0625,27.5,27.875,8.106294631958008,928400,0.0,0.0
1997-09-03,27.9375,28.4375,27.75,28.125,8.178998947143555,413900,0.0,0.0
1997-09-04,28.375,28.375,27.625,27.9375,8.124468803405762,411400,0.0,0.0
1997-09-05,27.875,28.25,27.8125,28.0625,8.160823822021484,400900,0.0,0.0
1997-09-08,28.0625,28.625,28.0625,28.375,8.251699447631836,219700,0.0,0.0
1997-09-09,28.375,28.5,28.25,28.4375,8.269874572753906,324400,0.0,0.0
1997-09-10,28.6875,29.1875,28.625,28.75,8.360753059387207,750600,0.0,0.0
1997-09-11,28.5,28.5,27.625,27.6875,8.051769256591797,371900,0.0,0.0
1997-09-12,27.5625,28.4375,27.375,28.375,8.251699447631836,394200,0.0,0.0
1997-09-15,28.5625,28.625,27.625,27.9375,8.124468803405762,658000,0.0,0.0
1997-09-16,28.0,28.5,27.9375,28.25,8.215349197387695,571100,0.0,0.0
1997-09-17,28.25,28.375,27.625,27.75,8.077093124389648,471300,0.025,0.0
1997-09-18,27.6875,28.0625,27.6875,28.0625,8.168052673339844,643100,0.0,0.0
1997-09-19,28.0,28.0625,27.875,28.0625,8.168052673339844,615500,0.0,0.0
1997-09-22,27.9375,28.3125,27.875,28.0,8.149857521057129,373200,0.0,0.0
1997-09-23,27.8125,27.9375,26.5,27.0,7.858791351318359,445000,0.0,0.0
1997-09-24,27.25,27.25,26.625,26.625,7.749645233154297,541600,0.0,0.0
1997-09-25,26.8125,27.0625,26.375,26.5625,7.731451988220215,518300,0.0,0.0
1997-09-26,26.625,27.0625,26.375,26.6875,7.7678303718566895,504700,0.0,0.0
1997-09-29,26.9375,27.375,26.9375,27.0,7.858791351318359,585700,0.0,0.0
1997-09-30,27.0,27.4375,26.9375,27.0,7.858791351318359,1342200,0.0,0.0
1997-10-01,27.0,27.5625,27.0,27.4375,7.986130237579346,322200,0.0,0.0
1997-10-02,27.3125,27.625,27.125,27.1875,7.913369655609131,899100,0.0,0.0
1997-10-03,27.375,27.4375,26.9375,27.125,7.895176410675049,439900,0.0,0.0
1997-10-06,27.3125,27.5625,27.1875,27.25,7.9315619468688965,402900,0.0,0.0
1997-10-07,27.1875,27.1875,26.3125,26.75,7.786021709442139,957200,0.0,0.0
1997-10-08,27.0,27.5,26.5,27.5,8.004327774047852,744900,0.0,0.0
1997-10-09,27.3125,27.375,26.5625,26.9375,7.8405985832214355,383900,0.0,0.0
1997-10-10,27.0,27.125,26.6875,26.9375,7.8405985832214355,419900,0.0,0.0
1997-10-13,26.9375,27.1875,26.5625,27.0,7.858791351318359,338200,0.0,0.0
1997-10-14,28.4375,29.25,28.375,28.9375,8.422733306884766,1220100,0.0,0.0
1997-10-15,28.8125,30.3125,28.75,30.3125,8.822949409484863,1416500,0.0,0.0
1997-10-16,30.3125,30.9375,30.3125,30.375,8.84113597869873,1189300,0.0,0.0
1997-10-17,30.5,30.5625,29.5,29.875,8.695602416992188,559300,0.0,0.0
1997-10-20,30.0625,30.125,29.125,29.6875,8.641031265258789,633100,0.0,0.0
1997-10-21,30.0,30.9375,30.0,30.75,8.950288772583008,630400,0.0,0.0
1997-10-22,30.75,30.9375,30.4375,30.625,8.913908958435059,383900,0.0,0.0
1997-10-23,30.4375,30.4375,29.375,29.9375,8.713793754577637,458900,0.0,0.0
1997-10-24,30.75,30.75,29.8125,29.875,8.695602416992188,474200,0.0,0.0
1997-10-27,29.8125,29.9375,28.125,28.25,8.222626686096191,490700,0.0,0.0
1997-10-28,26.5,28.6875,25.5,28.6875,8.349966049194336,871200,0.0,0.0
1997-10-29,29.375,29.875,27.4375,27.4375,7.986130237579346,604200,0.0,0.0
1997-10-30,27.125,28.1875,27.0625,28.0,8.149857521057129,427300,0.0,0.0
1997-10-31,28.3125,28.8125,28.0625,28.0625,8.168052673339844,571400,0.0,0.0
1997-11-03,29.0,29.375,28.875,29.0625,8.45911693572998,361200,0.0,0.0
1997-11-04,29.0,29.375,28.9375,29.1875,8.495497703552246,230100,0.0,0.0
1997-11-05,29.4375,29.8125,29.0625,29.75,8.659221649169922,210800,0.0,0.0
1997-11-06,29.75,29.75,29.3125,29.375,8.55007266998291,126900,0.0,0.0
1997-11-07,28.875,28.9375,28.25,28.75,8.368157386779785,267600,0.0,0.0
1997-11-10,29.0,29.0625,28.75,28.9375,8.422733306884766,134500,0.0,0.0
1997-11-11,29.9375,29.9375,29.375,29.625,8.622840881347656,290000,0.0,0.0
1997-11-12,29.625,29.875,29.25,29.25,8.513690948486328,246500,0.0,0.0
1997-11-13,29.25,29.6875,27.8125,28.75,8.368157386779785,321300,0.0,0.0
1997-11-14,29.0,29.0625,28.5625,28.75,8.368157386779785,272700,0.0,0.0
1997-11-17,29.0,29.6875,28.625,29.4375,8.568267822265625,477300,0.0,0.0
1997-11-18,29.3125,30.625,29.3125,30.1875,8.786565780639648,841200,0.0,0.0
1997-11-19,30.1875,30.5,29.875,30.125,8.768373489379883,205100,0.0,0.0
1997-11-20,30.5,30.5625,30.25,30.25,8.804756164550781,243100,0.0,0.0
1997-11-21,30.5,30.5,30.0,30.125,8.768373489379883,172900,0.0,0.0
1997-11-24,30.375,30.5,29.25,29.625,8.622840881347656,261900,0.0,0.0
1997-11-25,29.875,30.375,29.625,30.25,8.804756164550781,723300,0.0,0.0
1997-11-26,30.25,30.9375,30.25,30.75,8.950288772583008,430000,0.0,0.0
1997-11-28,30.8125,30.875,30.5625,30.5625,8.895709991455078,114800,0.0,0.0
1997-12-01,30.6875,31.1875,30.5625,30.875,8.99403190612793,850200,0.025,0.0
1997-12-02,31.125,32.375,31.125,32.0625,9.339951515197754,1457900,0.0,0.0
1997-12-03,32.0625,33.0,32.0,32.875,9.576642036437988,1167000,0.0,0.0
1997-12-04,33.0,33.4375,32.875,33.125,9.649469375610352,803600,0.0,0.0
1997-12-05,32.625,34.25,32.625,34.25,9.977188110351562,550200,0.0,0.0
1997-12-08,34.5625,35.0,33.6875,33.75,9.831534385681152,849100,0.0,0.0
1997-12-09,32.9375,33.0,32.5,32.9375,9.594842910766602,677700,0.0,0.0
1997-12-10,32.9375,33.5,32.625,33.125,9.649469375610352,415700,0.0,0.0
1997-12-11,33.375,33.375,32.5625,33.0,9.613054275512695,283200,0.0,0.0
1997-12-12,33.125,33.6875,33.0,33.1875,9.667675971984863,437500,0.0,0.0
1997-12-15,34.0,34.0,33.5,33.8125,9.849740982055664,325300,0.0,0.0
1997-12-16,33.5,33.875,33.375,33.875,9.867949485778809,282700,0.0,0.0
1997-12-17,33.75,34.125,33.625,33.875,9.867949485778809,454500,0.0,0.0
1997-12-18,34.0625,34.0625,33.0625,33.0625,9.631263732910156,291000,0.0,0.0
1997-12-19,33.0,34.0625,32.875,33.875,9.867949485778809,642200,0.0,0.0
1997-12-22,33.5,34.4375,33.5,33.9375,9.886148452758789,374300,0.0,0.0
1997-12-23,34.0,34.25,33.375,33.375,9.722291946411133,196500,0.0,0.0
1997-12-24,34.0,34.0,33.125,33.4375,9.740495681762695,115900,0.0,0.0
1997-12-26,33.4375,33.625,33.25,33.5625,9.776914596557617,57700,0.0,0.0
1997-12-29,33.4375,34.8125,33.4375,34.0,9.9043550491333,233000,0.0,0.0
1997-12-30,34.125,35.8125,34.0625,35.5625,10.359518051147461,628200,0.0,0.0
1997-12-31,35.5,36.0,35.5,35.5625,10.359518051147461,338200,0.0,0.0
1998-01-02,35.5625,35.5625,34.25,35.0,10.195662498474121,551900,0.0,0.0
1998-01-05,35.0625,35.9375,35.0,35.8125,10.432348251342773,575200,0.0,0.0
1998-01-06,35.8125,36.5,35.5625,36.4375,10.61441421508789,509800,0.0,0.0
1998-01-07,36.3125,36.9375,36.1875,36.25,10.559793472290039,610300,0.0,0.0
1998-01-08,36.5,37.4375,36.5,36.875,10.741859436035156,1011200,0.0,0.0
1998-01-09,37.3125,37.3125,34.625,35.1875,10.250279426574707,455500,0.0,0.0
1998-01-12,34.0,36.0,34.0,34.9375,10.177456855773926,491900,0.0,0.0
1998-01-13,35.5,35.9375,35.4375,35.9375,10.468757629394531,271400,0.0,0.0
1998-01-14,36.125,36.375,36.0,36.25,10.559793472290039,274600,0.0,0.0
1998-01-15,36.25,36.25,35.25,35.625,10.377729415893555,189800,0.0,0.0
1998-01-16,35.75,36.75,35.75,36.4375,10.61441421508789,290800,0.0,0.0
1998-01-20,37.5,37.5,35.6875,35.875,10.450555801391602,905300,0.0,0.0
1998-01-21,33.75,33.875,31.25,33.125,9.649469375610352,2193600,0.0,0.0
1998-01-22,33.1875,33.9375,31.8125,32.5625,9.48560619354248,924400,0.0,0.0
1998-01-23,32.75,32.8125,31.625,32.375,9.430988311767578,485400,0.0,0.0
1998-01-26,32.375,33.6875,31.625,32.9375,9.594842910766602,600300,0.0,0.0
1998-01-27,33.0625,33.375,32.75,32.75,9.540229797363281,464800,0.0,0.0
1998-01-28,32.8125,33.375,32.6875,32.8125,9.558435440063477,367700,0.0,0.0
1998-01-29,33.0625,33.0625,32.1875,32.25,9.394577026367188,527700,0.0,0.0
1998-01-30,32.5,32.5,31.625,31.875,9.285333633422852,632500,0.0,0.0
1998-02-02,32.125,32.75,32.125,32.75,9.540229797363281,597700,0.0,0.0
1998-02-03,33.0,33.5625,32.6875,32.875,9.576642036437988,663100,0.0,0.0
1998-02-04,33.0625,33.25,32.8125,33.0625,9.631263732910156,552400,0.0,0.0
1998-02-05,33.3125,33.5,32.375,32.375,9.430988311767578,694800,0.0,0.0
1998-02-06,32.6875,32.9375,32.125,32.75,9.540229797363281,395100,0.0,0.0
1998-02-09,32.875,33.125,31.9375,32.3125,9.412782669067383,617500,0.0,0.0
1998-02-10,32.375,33.0,32.3125,32.5625,9.48560619354248,363300,0.0,0.0
1998-02-11,32.5625,32.875,32.4375,32.5625,9.48560619354248,283300,0.0,0.0
1998-02-12,32.5625,32.75,31.75,32.5,9.467397689819336,392300,0.0,0.0
1998-02-13,32.5,33.0,32.5,32.9375,9.594842910766602,426300,0.0,0.0
1998-02-17,33.0625,33.125,32.5,32.5625,9.48560619354248,688400,0.0,0.0
1998-02-18,32.6875,33.4375,32.5625,33.375,9.722291946411133,458000,0.0,0.0
1998-02-19,33.625,34.125,33.4375,34.0,9.9043550491333,643600,0.0,0.0
1998-02-20,34.125,34.25,33.8125,34.1875,9.958977699279785,289300,0.0,0.0
1998-02-23,34.25,34.25,33.25,33.625,9.79511833190918,419100,0.0,0.0
1998-02-24,33.5625,33.5625,32.875,32.875,9.576642036437988,323300,0.0,0.0
1998-02-25,33.125,33.75,33.125,33.375,9.722291946411133,619300,0.0,0.0
1998-02-26,33.25,33.9375,33.0,33.375,9.722291946411133,592600,0.0,0.0
1998-02-27,33.375,33.4375,32.8125,33.125,9.649469375610352,592600,0.0,0.0
1998-03-02,32.9375,33.25,32.8125,32.875,9.576642036437988,728500,0.0,0.0
1998-03-03,32.9375,33.0,32.625,32.875,9.576642036437988,419400,0.0,0.0
1998-03-04,32.875,32.875,32.375,32.4375,9.449190139770508,308600,0.0,0.0
1998-03-05,32.4375,32.5,31.875,32.5,9.467397689819336,407200,0.0,0.0
1998-03-06,32.75,33.1875,32.75,33.125,9.649469375610352,623500,0.0,0.0
1998-03-09,33.125,34.1875,33.0,34.125,9.940768241882324,1202600,0.0,0.0
1998-03-10,34.0,34.125,33.0625,34.125,9.940768241882324,811500,0.0,0.0
1998-03-11,34.0625,34.125,32.9375,33.0,9.613054275512695,498900,0.0,0.0
1998-03-12,33.5,33.75,33.0625,33.0625,9.631263732910156,563000,0.0,0.0
1998-03-13,33.1875,33.25,32.75,33.0625,9.631263732910156,1018300,0.0,0.0
1998-03-16,33.125,33.625,33.0,33.625,9.79511833190918,420400,0.0,0.0
1998-03-17,33.875,34.1875,33.6875,33.9375,9.886148452758789,762400,0.0,0.0
1998-03-18,33.875,35.25,33.875,35.0,10.203178405761719,723100,0.025,0.0
1998-03-19,35.1875,35.5,34.75,34.9375,10.184958457946777,555600,0.0,0.0
1998-03-20,34.9375,35.25,34.5,34.75,10.130293846130371,615800,0.0,0.0
1998-03-23,35.5,36.25,35.0625,35.3125,10.29427433013916,718200,0.0,0.0
1998-03-24,35.75,36.4375,35.625,36.125,10.53114128112793,487600,0.0,0.0
1998-03-25,36.375,36.4375,35.75,36.3125,10.585793495178223,425800,0.0,0.0
1998-03-26,36.3125,36.875,35.625,36.875,10.749776840209961,518400,0.0,0.0
1998-03-27,37.0,37.125,36.6875,36.75,10.713335990905762,421500,0.0,0.0
1998-03-30,36.8125,37.8125,36.75,37.375,10.895541191101074,449800,0.0,0.0
1998-03-31,37.375,37.8125,36.625,36.6875,10.695116996765137,421000,0.0,0.0
1998-04-01,36.8125,37.0,36.25,36.625,10.676902770996094,449500,0.0,0.0
1998-04-02,36.375,36.5625,35.5625,35.5625,10.367157936096191,491500,0.0,0.0
1998-04-03,35.75,36.5,35.6875,36.25,10.56757926940918,948800,0.0,0.0
1998-04-06,36.75,38.25,36.75,37.75,11.00485610961914,621500,0.0,0.0
1998-04-07,38.5,38.5,37.9375,38.25,11.150614738464355,718600,0.0,0.0
1998-04-08,38.875,38.875,37.75,38.0625,11.095952987670898,406500,0.0,0.0
1998-04-09,38.3125,39.0,37.6875,38.0,11.07773494720459,492100,0.0,0.0
1998-04-13,37.9375,38.0,37.375,38.0,11.07773494720459,454000,0.0,0.0
1998-04-14,40.0,40.25,39.5,39.875,11.624332427978516,731200,0.0,0.0
1998-04-15,40.25,41.4375,40.0625,40.5,11.806534767150879,525400,0.0,0.0
1998-04-16,40.3125,40.3125,39.375,39.5,11.515013694763184,363400,0.0,0.0
1998-04-17,39.375,40.375,39.3125,40.125,11.69721508026123,930600,0.0,0.0
1998-04-20,40.375,41.125,40.3125,41.125,11.988736152648926,305000,0.0,0.0
1998-04-21,41.125,41.125,39.375,40.0,11.660770416259766,477100,0.0,0.0
1998-04-22,40.125,40.8125,40.0625,40.5,11.806534767150879,433400,0.0,0.0
1998-04-23,40.5625,40.625,39.875,40.0,11.660770416259766,349600,0.0,0.0
1998-04-24,39.9375,40.25,38.9375,39.0625,11.38747787475586,402300,0.0,0.0
1998-04-27,38.5,38.75,37.1875,37.75,11.00485610961914,480600,0.0,0.0
1998-04-28,39.25,39.375,37.3125,37.75,11.00485610961914,844800,0.0,0.0
1998-04-29,37.75,38.0625,37.75,37.9375,11.059514045715332,299000,0.0,0.0
1998-04-30,38.5,38.75,37.75,37.75,11.00485610961914,465900,0.0,0.0
1998-05-01,38.0,38.25,37.75,38.0625,11.095952987670898,378100,0.0,0.0
1998-05-04,38.125,38.3125,37.75,38.1875,11.13239860534668,432100,0.0,0.0
1998-05-05,38.25,38.25,37.4375,37.5,10.93197250366211,273900,0.0,0.0
1998-05-06,37.75,38.125,37.375,37.625,10.968415260314941,478100,0.0,0.0
1998-05-07,37.6875,37.8125,36.4375,36.4375,10.622238159179688,756500,0.0,0.0
1998-05-08,36.5,37.875,36.5,37.25,10.859099388122559,377500,0.0,0.0
1998-05-11,37.5,37.9375,37.125,37.1875,10.840873718261719,280000,0.0,0.0
1998-05-12,37.25,37.6875,36.75,37.375,10.895541191101074,181700,0.0,0.0
1998-05-13,37.5,37.9375,37.1875,37.875,11.041300773620605,246800,0.0,0.0
1998-05-14,37.75,37.9375,37.4375,37.5625,10.950196266174316,318900,0.0,0.0
1998-05-15,37.4375,37.5,36.25,36.625,10.676902770996094,474700,0.0,0.0
1998-05-18,36.6875,36.75,36.0,36.1875,10.549356460571289,736600,0.0,0.0
1998-05-19,36.4375,36.6875,35.875,36.0625,10.512917518615723,328100,0.0,0.0
1998-05-20,35.9375,36.125,35.625,35.625,10.385377883911133,338800,0.0,0.0
1998-05-21,35.6875,36.1875,35.625,36.1875,10.549356460571289,399700,0.0,0.0
1998-05-22,36.25,37.375,36.25,36.875,10.749776840209961,379900,0.0,0.0
1998-05-26,36.9375,37.0,36.5,36.8125,10.731558799743652,457300,0.0,0.0
1998-05-27,36.6875,37.1875,36.25,37.0625,10.804436683654785,429500,0.0,0.0
1998-05-28,37.3125,37.75,37.1875,37.5625,10.950196266174316,316200,0.0,0.0
1998-05-29,37.8125,37.9375,37.125,37.5625,10.950196266174316,204600,0.0,0.0
1998-06-01,38.0,38.0,36.375,36.8125,10.731558799743652,377700,0.0,0.0
1998-06-02,36.25,37.25,35.5625,36.9375,10.76799488067627,462700,0.0,0.0
1998-06-03,36.9375,38.25,36.9375,38.1875,11.13239860534668,469100,0.0,0.0
1998-06-04,38.875,38.875,38.25,38.875,11.332820892333984,484700,0.0,0.0
1998-06-05,38.75,39.625,38.25,39.625,11.551458358764648,699800,0.0,0.0
1998-06-08,39.375,39.5,38.6875,39.25,11.442131042480469,619400,0.0,0.0
1998-06-09,39.125,39.75,38.5625,39.625,11.551458358764648,388700,0.0,0.0
1998-06-10,39.625,39.9375,39.1875,39.8125,11.606115341186523,268300,0.0,0.0
1998-06-11,39.8125,39.8125,38.5625,39.5625,11.53323745727539,260100,0.0,0.0
1998-06-12,39.75,39.8125,38.5,38.875,11.332820892333984,454500,0.0,0.0
1998-06-15,38.4375,40.0,37.9375,39.625,11.551458358764648,526100,0.0,0.0
1998-06-16,39.5,39.875,38.625,39.75,11.587896347045898,300300,0.0,0.0
1998-06-17,39.9375,40.5,39.875,40.1875,11.727232933044434,300500,0.04,0.0
1998-06-18,40.25,40.25,39.8125,40.0,11.672516822814941,399100,0.0,0.0
1998-06-19,39.125,39.9375,39.125,39.9375,11.654279708862305,475100,0.0,0.0
1998-06-22,39.9375,40.125,39.4375,39.875,11.636041641235352,190500,0.0,0.0
1998-06-23,40.0,40.25,39.8125,40.25,11.74547290802002,627800,0.0,0.0
1998-06-24,40.0,40.125,38.875,39.875,11.636041641235352,591900,0.0,0.0
1998-06-25,40.0625,41.25,39.875,40.0,11.672516822814941,674700,0.0,0.0
1998-06-26,39.875,40.0,39.3125,39.9375,11.654279708862305,847700,0.0,0.0
1998-06-29,39.9375,40.0,39.125,39.3125,11.47189712524414,623000,0.0,0.0
1998-06-30,39.375,39.375,39.0625,39.125,11.417189598083496,528000,0.0,0.0
1998-07-01,40.25,40.25,39.0,39.3125,11.47189712524414,583300,0.0,0.0
1998-07-02,39.1875,39.5,39.1875,39.25,11.453656196594238,239600,0.0,0.0
1998-07-06,39.4375,39.6875,39.375,39.375,11.490140914916992,268300,0.0,0.0
1998-07-07,39.5625,40.125,39.25,39.625,11.563094139099121,545900,0.0,0.0
1998-07-08,39.875,39.875,39.375,39.4375,11.508374214172363,991500,0.0,0.0
1998-07-09,39.5,39.9375,39.25,39.375,11.490140914916992,797600,0.0,0.0
1998-07-10,39.75,39.9375,39.0625,39.9375,11.654279708862305,790800,0.0,0.0
1998-07-13,39.8125,40.0625,39.5625,40.0625,11.690762519836426,286500,0.0,0.0
1998-07-14,39.875,40.5,39.75,40.5,11.818427085876465,168600,0.0,0.0
1998-07-15,40.5,40.8125,40.25,40.75,11.891376495361328,447000,0.0,0.0
1998-07-16,41.0,41.5625,40.9375,41.0,11.96434211730957,1112600,0.0,0.0
1998-07-17,41.0,41.0,40.0,40.0625,11.690762519836426,336600,0.0,0.0
1998-07-20,40.3125,40.3125,40.125,40.125,11.70899772644043,446900,0.0,0.0
1998-07-21,40.25,40.25,38.9375,39.0,11.380705833435059,289600,0.0,0.0
1998-07-22,38.4375,38.5,34.25,35.3125,10.304644584655762,7996100,0.0,0.0
1998-07-23,35.0625,35.1875,34.5,34.625,10.104031562805176,1618900,0.0,0.0
1998-07-24,34.625,35.1875,33.875,34.4375,10.049311637878418,932600,0.0,0.0
1998-07-27,34.375,34.375,33.0625,33.375,9.739261627197266,699700,0.0,0.0
1998-07-28,32.9375,32.9375,32.625,32.75,9.556879043579102,1429500,0.0,0.0
1998-07-29,32.6875,32.6875,32.1875,32.3125,9.429206848144531,641000,0.0,0.0
1998-07-30,32.5,33.5,32.375,33.5,9.775734901428223,1288500,0.0,0.0
1998-07-31,33.5,33.5,32.5,32.9375,9.611591339111328,762800,0.0,0.0
1998-08-03,33.0,33.0625,32.75,32.875,9.593353271484375,1799000,0.0,0.0
1998-08-04,32.9375,32.9375,31.5,31.8125,9.283303260803223,987900,0.0,0.0
1998-08-05,31.6875,31.6875,28.375,29.375,8.572011947631836,1790700,0.0,0.0
1998-08-06,29.0,29.125,28.0,28.5625,8.334911346435547,1436300,0.0,0.0
1998-08-07,28.625,29.4375,28.25,28.9375,8.444340705871582,1575400,0.0,0.0
1998-08-10,28.9375,30.25,28.3125,29.5625,8.626723289489746,6091800,0.0,0.0
1998-08-11,29.0,29.0625,28.25,28.3125,8.261955261230469,1046200,0.0,0.0
1998-08-12,28.5,28.875,27.5625,28.5,8.316675186157227,1492600,0.0,0.0
1998-08-13,28.5,29.1875,28.25,28.4375,8.298431396484375,1689700,0.0,0.0
1998-08-14,28.9375,28.9375,28.3125,28.375,8.280196189880371,685600,0.0,0.0
1998-08-17,28.375,28.8125,28.0,28.75,8.389626502990723,515800,0.0,0.0
1998-08-18,28.9375,29.0,27.875,28.1875,8.225481986999512,927300,0.0,0.0
1998-08-19,28.1875,28.75,28.0625,28.75,8.389626502990723,382200,0.0,0.0
1998-08-20,28.625,28.625,27.875,28.0,8.170766830444336,1189600,0.0,0.0
1998-08-21,27.6875,27.75,26.5,27.0,7.878951549530029,1069000,0.0,0.0
1998-08-24,27.5,27.75,26.125,26.9375,7.860715389251709,619900,0.0,0.0
1998-08-25,26.875,27.9375,26.75,27.9375,8.152527809143066,1440400,0.0,0.0
1998-08-26,27.5,27.5,25.25,26.0,7.5871429443359375,1393600,0.0,0.0
1998-08-27,25.25,25.25,23.875,24.75,7.222373008728027,1789800,0.0,0.0
1998-08-28,24.75,24.9375,23.5625,24.8125,7.240608215332031,1000300,0.0,0.0
1998-08-31,25.375,25.375,23.5,23.9375,6.985276699066162,940700,0.0,0.0
1998-09-01,24.125,24.5,22.9375,23.9375,6.985276699066162,1406300,0.0,0.0
1998-09-02,24.1875,24.9375,24.0625,24.875,7.258851051330566,1060400,0.0,0.0
1998-09-03,24.375,25.125,24.3125,25.0,7.295327186584473,595500,0.0,0.0
1998-09-04,25.0625,25.5,24.6875,25.0,7.295327186584473,407900,0.0,0.0
1998-09-08,25.5,26.8125,25.5,26.8125,7.824237823486328,806500,0.0,0.0
1998-09-09,27.25,27.6875,26.5625,27.25,7.951908588409424,1140900,0.0,0.0
1998-09-10,26.5,26.5,25.8125,26.125,7.62361478805542,774600,0.0,0.0
1998-09-11,25.875,27.25,25.875,27.0625,7.897192001342773,509400,0.0,0.0
1998-09-14,27.3125,27.6875,26.8125,27.125,7.9154276847839355,281900,0.0,0.0
1998-09-15,26.75,27.625,26.75,27.3125,7.970145225524902,506200,0.0,0.0
1998-09-16,27.0,27.5625,27.0,27.5,8.03663158416748,319800,0.04,0.0
1998-09-17,27.25,27.5,26.875,27.5,8.03663158416748,708800,0.0,0.0
1998-09-18,27.25,27.5625,26.9375,27.5,8.03663158416748,695100,0.0,0.0
1998-09-21,27.25,27.3125,25.75,26.625,7.780920028686523,733700,0.0,0.0
1998-09-22,26.625,26.8125,26.0,26.1875,7.653063774108887,589600,0.0,0.0
1998-09-23,26.25,27.75,26.1875,27.625,8.073158264160156,387600,0.0,0.0
1998-09-24,27.625,27.8125,26.25,26.625,7.780920028686523,457400,0.0,0.0
1998-09-25,26.0,26.3125,25.5625,25.8125,7.54347562789917,409500,0.0,0.0
1998-09-28,26.0,26.4375,24.9375,25.8125,7.54347562789917,706400,0.0,0.0
1998-09-29,25.875,26.0,25.5,25.9375,7.580002784729004,550400,0.0,0.0
1998-09-30,25.8125,25.8125,24.5625,25.25,7.379087448120117,587700,0.0,0.0
1998-10-01,24.875,25.1875,22.875,22.875,6.685011386871338,686700,0.0,0.0
1998-10-02,26.0,26.0,23.375,24.8125,7.251232147216797,4583800,0.0,0.0
1998-10-05,24.75,26.0,24.4375,25.875,7.561736106872559,2422900,0.0,0.0
1998-10-06,26.75,27.9375,26.625,27.8125,8.127952575683594,4009700,0.0,0.0
1998-10-07,28.0,29.5,27.75,28.875,8.438459396362305,19204600,0.0,0.0
1998-10-08,28.625,30.25,28.625,29.625,8.65764045715332,4487700,0.0,0.0
1998-10-09,29.875,30.9375,28.8125,30.6875,8.968149185180664,2488000,0.0,0.0
1998-10-12,31.0,31.9375,31.0,31.4375,9.187328338623047,1846100,0.0,0.0
1998-10-13,31.25,31.625,30.625,30.6875,8.968149185180664,2186000,0.0,0.0
1998-10-14,30.6875,30.6875,29.875,29.9375,8.748963356018066,1580500,0.0,0.0
1998-10-15,29.875,30.125,29.5,30.0,8.767232894897461,1668300,0.0,0.0
1998-10-16,30.0,30.375,29.6875,30.0625,8.785497665405273,1356700,0.0,0.0
1998-10-19,30.0625,30.6875,29.625,30.6875,8.968149185180664,3107100,0.0,0.0
1998-10-20,31.0,33.125,30.75,32.8125,9.58916187286377,1985600,0.0,0.0
1998-10-21,33.0,35.125,33.0,34.0,9.936198234558105,4188400,0.0,0.0
1998-10-22,34.0,36.1875,33.8125,35.5625,10.39281940460205,2614800,0.0,0.0
1998-10-23,35.375,36.375,34.75,36.0625,10.538942337036133,1341500,0.0,0.0
1998-10-26,36.0625,36.9375,35.875,35.875,10.484148979187012,990300,0.0,0.0
1998-10-27,36.25,36.75,35.5,35.75,10.447617530822754,1187600,0.0,0.0
1998-10-28,35.5,35.9375,35.3125,35.625,10.411087036132812,968400,0.0,0.0
1998-10-29,35.6875,36.0,35.125,35.875,10.484148979187012,1078500,0.0,0.0
1998-10-30,36.0,36.25,35.5,36.0,10.520675659179688,1501900,0.0,0.0
1998-11-02,36.5,37.75,36.3125,37.5,10.95903205871582,1717600,0.0,0.0
1998-11-03,37.5,38.8125,36.9375,38.375,11.21474838256836,867900,0.0,0.0
1998-11-04,38.625,39.0625,37.25,38.375,11.21474838256836,1310600,0.0,0.0
1998-11-05,38.0,38.25,37.5,37.8125,11.050363540649414,1159100,0.0,0.0
1998-11-06,37.8125,37.8125,36.9375,36.9375,10.79465103149414,649900,0.0,0.0
1998-11-09,37.0,37.8125,36.5625,37.625,10.995573043823242,866100,0.0,0.0
1998-11-10,37.75,39.5625,37.75,39.25,11.470462799072266,1091200,0.0,0.0
1998-11-11,39.25,39.25,37.75,38.25,11.178214073181152,822000,0.0,0.0
1998-11-12,38.0,39.0,37.875,38.875,11.36087703704834,506000,0.0,0.0
1998-11-13,39.0,40.375,39.0,40.1875,11.744434356689453,898900,0.0,0.0
1998-11-16,40.0,41.1875,39.375,41.0,11.981892585754395,1920100,0.0,0.0
1998-11-17,39.875,40.0,38.5,39.0,11.39739990234375,1816500,0.0,0.0
1998-11-18,39.0,39.0,37.5625,38.0625,11.123419761657715,876900,0.0,0.0
1998-11-19,38.75,39.0,38.625,38.875,11.36087703704834,556000,0.0,0.0
1998-11-20,39.0,39.125,38.6875,38.875,11.36087703704834,528600,0.0,0.0
1998-11-23,39.125,39.9375,38.6875,39.75,11.616581916809082,626500,0.0,0.0
1998-11-24,39.75,40.0,39.4375,40.0,11.68963623046875,477000,0.0,0.0
1998-11-25,40.0,40.0625,39.5,39.6875,11.598313331604004,338000,0.0,0.0
1998-11-27,39.5625,39.5625,39.125,39.25,11.470462799072266,111900,0.0,0.0
1998-11-30,39.125,39.1875,37.8125,37.875,11.06862735748291,875100,0.0,0.0
1998-12-01,37.75,37.875,36.875,37.4375,10.940776824951172,1383300,0.0,0.0
1998-12-02,37.375,37.875,36.5625,37.875,11.080467224121094,677100,0.04,0.0
1998-12-03,37.875,39.125,37.625,38.9375,11.391307830810547,792900,0.0,0.0
1998-12-04,38.8125,39.3125,38.5625,39.0625,11.427872657775879,793700,0.0,0.0
1998-12-07,38.5,39.25,38.0,39.25,11.4827299118042,520700,0.0,0.0
1998-12-08,39.125,39.125,38.4375,38.4375,11.24502944946289,793500,0.0,0.0
1998-12-09,38.0625,38.0625,37.4375,37.875,11.080467224121094,691200,0.0,0.0
1998-12-10,37.625,37.6875,36.5,36.5,10.67820930480957,462900,0.0,0.0
1998-12-11,35.25,35.4375,34.0,34.5625,10.111385345458984,1747600,0.0,0.0
1998-12-14,33.375,34.3125,33.375,33.625,9.837116241455078,1090400,0.0,0.0
1998-12-15,33.25,35.875,33.0,35.875,10.495359420776367,1486100,0.0,0.0
1998-12-16,34.875,34.875,34.0,34.3125,10.038252830505371,829700,0.0,0.0
1998-12-17,34.6875,34.875,33.75,34.375,10.056529998779297,394700,0.0,0.0
1998-12-18,33.875,34.0,33.0625,33.0625,9.67255687713623,2504300,0.0,0.0
1998-12-21,33.0625,34.5625,33.0,33.0,9.654271125793457,587400,0.0,0.0
1998-12-22,33.0625,34.0,33.0625,34.0,9.946818351745605,499700,0.0,0.0
1998-12-23,33.5,37.0,33.5,37.0,10.824484825134277,965700,0.0,0.0
1998-12-24,36.125,36.875,36.125,36.625,10.714771270751953,235000,0.0,0.0
1998-12-28,36.75,37.1875,35.9375,36.0625,10.550219535827637,293400,0.0,0.0
1998-12-29,36.0625,37.4375,36.0,37.375,10.934188842773438,350700,0.0,0.0
1998-12-30,37.5,37.5,36.0,36.375,10.641633987426758,508000,0.0,0.0
1998-12-31,36.4375,36.4375,35.0,35.75,10.458789825439453,483000,0.0,0.0
1999-01-04,35.8125,35.8125,34.3125,34.625,10.129669189453125,1385600,0.0,0.0
1999-01-05,34.75,35.0,34.125,34.1875,10.001678466796875,848600,0.0,0.0
1999-01-06,34.1875,34.4375,33.5625,34.4375,10.074816703796387,966500,0.0,0.0
1999-01-07,33.875,33.9375,32.5625,32.9375,9.635987281799316,880700,0.0,0.0
1999-01-08,32.625,33.375,32.5,33.3125,9.745694160461426,1656900,0.0,0.0
1999-01-11,33.125,33.875,33.0625,33.75,9.873685836791992,650000,0.0,0.0
1999-01-12,33.75,34.3125,33.5625,34.3125,10.038252830505371,774600,0.0,0.0
1999-01-13,33.5,34.875,33.3125,34.3125,10.038252830505371,663300,0.0,0.0
1999-01-14,34.3125,34.75,34.0625,34.25,10.019964218139648,863900,0.0,0.0
1999-01-15,35.0,36.3125,34.5,36.0,10.531928062438965,1143700,0.0,0.0
1999-01-19,35.9375,36.4375,35.75,35.8125,10.477082252502441,1592300,0.0,0.0
1999-01-20,35.8125,35.8125,34.0,34.0,9.946818351745605,1077200,0.0,0.0
1999-01-21,34.0625,34.25,33.5625,33.9375,9.928537368774414,1570900,0.0,0.0
1999-01-22,33.75,34.5,33.4375,33.9375,9.928537368774414,596300,0.0,0.0
1999-01-25,33.875,34.125,33.625,33.9375,9.928537368774414,652100,0.0,0.0
1999-01-26,34.0,34.6875,33.625,34.5625,10.111385345458984,1106100,0.0,0.0
1999-01-27,34.3125,35.875,33.8125,35.75,10.458789825439453,1162100,0.0,0.0
1999-01-28,35.9375,36.3125,35.6875,35.875,10.495359420776367,642000,0.0,0.0
1999-01-29,35.8125,35.8125,34.8125,35.375,10.349081993103027,665600,0.0,0.0
1999-02-01,35.3125,35.3125,34.625,34.75,10.166239738464355,314500,0.0,0.0
1999-02-02,34.1875,34.8125,34.15625,34.3125,10.038252830505371,508400,0.0,0.0
1999-02-03,34.3125,34.625,34.1875,34.5,10.093097686767578,837100,0.0,0.0
1999-02-04,34.3125,34.5,34.125,34.25,10.019964218139648,457700,0.0,0.0
1999-02-05,34.25,34.4375,33.5,33.625,9.837116241455078,415200,0.0,0.0
1999-02-08,33.25,33.5,32.6875,33.5,9.80054759979248,598200,0.0,0.0
1999-02-09,33.25,33.375,32.25,32.4375,9.489709854125977,836800,0.0,0.0
1999-02-10,32.25,32.3125,31.8125,32.1875,9.416569709777832,607100,0.0,0.0
1999-02-11,32.25,32.8125,31.75,32.75,9.581127166748047,511900,0.0,0.0
1999-02-12,32.5,32.5,32.125,32.4375,9.489709854125977,493400,0.0,0.0
1999-02-16,33.0,33.5625,33.0,33.5,9.80054759979248,572200,0.0,0.0
1999-02-17,33.0625,33.75,32.5625,32.625,9.544563293457031,236100,0.0,0.0
1999-02-18,32.4375,32.8125,32.125,32.25,9.434853553771973,394600,0.0,0.0
1999-02-19,32.0,33.125,31.5,32.75,9.581127166748047,878300,0.0,0.0
1999-02-22,32.0,32.125,31.25,32.0,9.361717224121094,1578200,0.0,0.0
1999-02-23,32.125,32.9375,32.0,32.3125,9.453142166137695,945900,0.0,0.0
1999-02-24,32.3125,32.5,32.0625,32.25,9.434853553771973,743600,0.0,0.0
1999-02-25,32.3125,32.3125,31.75,32.1875,9.416569709777832,578200,0.0,0.0
1999-02-26,32.1875,32.1875,30.75,31.0,9.06916332244873,573200,0.0,0.0
1999-03-01,30.125,31.6875,30.125,31.5625,9.233722686767578,728200,0.0,0.0
1999-03-02,31.4375,32.4375,31.3125,31.5,9.215439796447754,762200,0.0,0.0
1999-03-03,31.3125,33.125,31.3125,32.1875,9.416569709777832,1479600,0.0,0.0
1999-03-04,32.4375,35.0,32.4375,34.125,9.983392715454102,1043000,0.0,0.0
1999-03-05,34.25,34.875,33.9375,34.75,10.166239738464355,1040400,0.0,0.0
1999-03-08,34.125,34.625,33.8125,34.5625,10.111385345458984,491300,0.0,0.0
1999-03-09,34.3125,34.875,34.0625,34.625,10.129669189453125,358100,0.0,0.0
1999-03-10,34.6875,34.6875,33.8125,34.125,9.983392715454102,705300,0.0,0.0
1999-03-11,34.125,34.375,33.6875,33.875,9.910257339477539,932200,0.0,0.0
1999-03-12,33.9375,34.4375,33.9375,34.3125,10.038252830505371,543100,0.0,0.0
1999-03-15,34.1875,35.3125,34.1875,35.1875,10.294225692749023,638600,0.0,0.0
1999-03-16,35.9375,36.0625,35.625,35.875,10.495359420776367,1087700,0.0,0.0
1999-03-17,35.875,35.875,35.0625,35.375,10.360633850097656,596600,0.04,0.0
1999-03-18,35.125,36.0,35.125,35.875,10.507073402404785,337500,0.0,0.0
1999-03-19,35.375,35.8125,34.9375,35.0,10.250805854797363,508200,0.0,0.0
1999-03-22,34.125,34.3125,34.0,34.0625,9.976227760314941,506900,0.0,0.0
1999-03-23,33.625,33.6875,32.9375,32.9375,9.64674186706543,521400,0.0,0.0
1999-03-24,33.0,33.4375,32.75,32.8125,9.610135078430176,577400,0.0,0.0
1999-03-25,32.875,33.375,32.75,33.375,9.774872779846191,263900,0.0,0.0
1999-03-26,33.375,33.375,32.25,32.5,9.51860237121582,589200,0.0,0.0
1999-03-29,31.125,33.4375,31.125,33.3125,9.756571769714355,504800,0.0,0.0
1999-03-30,31.5,32.3125,31.4375,31.5,9.225727081298828,788400,0.0,0.0
1999-03-31,31.0625,31.25,30.0,30.25,8.859626770019531,1205200,0.0,0.0
1999-04-01,30.5,30.6875,29.75,30.6875,8.987761497497559,651100,0.0,0.0
1999-04-05,30.125,31.3125,30.125,31.0625,9.097591400146484,705400,0.0,0.0
1999-04-06,30.25,31.0,30.25,31.0,9.079286575317383,593700,0.0,0.0
1999-04-07,30.9375,30.9375,29.3125,29.6875,8.694876670837402,690900,0.0,0.0
1999-04-08,29.6875,30.0,29.25,29.6875,8.694876670837402,739000,0.0,0.0
1999-04-09,29.6875,30.0,28.9375,29.9375,8.768101692199707,615500,0.0,0.0
1999-04-12,29.9375,30.4375,29.25,30.4375,8.914542198181152,432500,0.0,0.0
1999-04-13,31.5,31.875,30.25,30.3125,8.877930641174316,663300,0.0,0.0
1999-04-14,30.3125,30.4375,29.125,29.125,8.530137062072754,548300,0.0,0.0
1999-04-15,29.625,29.9375,29.0,29.875,8.749794006347656,771100,0.0,0.0
1999-04-16,30.5,31.0,30.25,30.5,8.932844161987305,703200,0.0,0.0
1999-04-19,30.5,30.9375,29.5,29.5625,8.658268928527832,599500,0.0,0.0
1999-04-20,30.25,31.3125,30.25,31.0,9.079286575317383,1444900,0.0,0.0
1999-04-21,31.25,33.25,31.0,33.25,9.73826789855957,739800,0.0,0.0
1999-04-22,33.25,33.25,32.5,32.875,9.628437042236328,694300,0.0,0.0
1999-04-23,32.875,33.125,32.5,32.875,9.628437042236328,327300,0.0,0.0
1999-04-26,32.8125,33.25,32.6875,33.1875,9.719962120056152,415700,0.0,0.0
1999-04-27,33.25,36.0,33.25,35.9375,10.525376319885254,1822200,0.0,0.0
1999-04-28,35.9375,36.5,35.875,36.5,10.6901273727417,1263600,0.0,0.0
1999-04-29,36.4375,36.75,34.8125,35.0625,10.26911449432373,391800,0.0,0.0
1999-04-30,34.8125,35.4375,33.75,34.5,10.104363441467285,506900,0.0,0.0
1999-05-03,34.3125,35.1875,34.3125,35.125,10.287416458129883,277900,0.0,0.0
1999-05-04,34.875,35.0,34.1875,34.1875,10.012839317321777,228700,0.0,0.0
1999-05-05,34.25,35.125,33.5,35.125,10.287416458129883,312200,0.0,0.0
1999-05-06,35.0,35.0,33.5625,34.0,9.957921981811523,432700,0.0,0.0
1999-05-07,34.0625,34.5,32.6875,32.75,9.591821670532227,621300,0.0,0.0
1999-05-10,33.375,33.6875,32.6875,32.8125,9.610135078430176,284400,0.0,0.0
1999-05-11,32.8125,34.0,32.5625,33.8125,9.903007507324219,303100,0.0,0.0
1999-05-12,33.5625,33.625,32.8125,33.1875,9.719962120056152,320200,0.0,0.0
1999-05-13,33.1875,33.875,32.8125,33.625,9.848097801208496,207700,0.0,0.0
1999-05-14,32.9375,33.5,32.5625,33.3125,9.756571769714355,412100,0.0,0.0
1999-05-17,33.125,33.125,32.5625,32.75,9.591821670532227,288000,0.0,0.0
1999-05-18,32.75,34.0625,32.5,34.0,9.957921981811523,579800,0.0,0.0
1999-05-19,35.25,35.4375,34.4375,34.6875,10.159276962280273,1920900,0.0,0.0
1999-05-20,34.6875,35.375,34.5625,35.0,10.250805854797363,484400,0.0,0.0
1999-05-21,34.9375,35.25,34.5625,35.25,10.324027061462402,506800,0.0,0.0
1999-05-24,35.5,35.8125,35.1875,35.625,10.433854103088379,740000,0.0,0.0
1999-05-25,35.5,36.625,35.4375,36.3125,10.635209083557129,1113800,0.0,0.0
1999-05-26,36.0625,37.125,35.5625,36.375,10.65351676940918,1051800,0.0,0.0
1999-05-27,36.125,36.125,35.0625,35.75,10.470465660095215,498500,0.0,0.0
1999-05-28,35.75,36.875,35.75,36.25,10.616909980773926,822500,0.0,0.0
1999-06-01,36.125,36.125,35.0625,35.5,10.39725112915039,682300,0.0,0.0
1999-06-02,35.5,35.5,34.625,34.6875,10.159276962280273,360600,0.0,0.0
1999-06-03,34.9375,35.375,34.6875,35.25,10.324027061462402,241600,0.0,0.0
1999-06-04,35.4375,37.0,35.1875,37.0,10.836567878723145,873100,0.0,0.0
1999-06-07,36.5,37.5,36.375,37.3125,10.928091049194336,614600,0.0,0.0
1999-06-08,36.875,37.1875,35.875,36.25,10.616909980773926,540000,0.0,0.0
1999-06-09,35.75,36.8125,35.75,36.8125,10.781657218933105,403800,0.0,0.0
1999-06-10,36.25,36.5,35.375,35.875,10.507073402404785,374200,0.0,0.0
1999-06-11,35.625,35.875,33.875,34.875,10.214200973510742,591000,0.0,0.0
1999-06-14,35.125,35.5625,34.75,35.25,10.324027061462402,298900,0.0,0.0
1999-06-15,34.125,35.1875,34.125,34.1875,10.012839317321777,682600,0.0,0.0
1999-06-16,34.0,34.0,32.875,33.5,9.822979927062988,1263100,0.04,0.0
1999-06-17,34.0,34.0,32.8125,33.375,9.786324501037598,430400,0.0,0.0
1999-06-18,33.4375,33.4375,32.0,32.125,9.41979694366455,1250300,0.0,0.0
1999-06-21,32.625,33.3125,32.0625,33.125,9.713018417358398,1292600,0.0,0.0
1999-06-22,33.0625,34.0,32.5625,32.625,9.566411018371582,1227700,0.0,0.0
1999-06-23,32.875,33.0,32.25,32.375,9.4931001663208,445100,0.0,0.0
1999-06-24,32.1875,32.3125,31.4375,31.6875,9.291511535644531,979600,0.0,0.0
1999-06-25,31.6875,32.6875,31.65625,31.875,9.346491813659668,338700,0.0,0.0
1999-06-28,32.125,32.8125,31.875,32.125,9.41979694366455,401300,0.0,0.0
1999-06-29,31.5,34.0,31.125,33.375,9.786324501037598,932700,0.0,0.0
1999-06-30,32.625,32.625,29.75,29.75,8.723393440246582,2037800,0.0,0.0
1999-07-01,30.625,31.875,30.625,31.625,9.273187637329102,1830100,0.0,0.0
1999-07-02,32.0,32.5,31.8125,32.1875,9.43812370300293,523000,0.0,0.0
1999-07-06,32.1875,32.1875,31.0625,31.1875,9.144903182983398,450900,0.0,0.0
1999-07-07,31.1875,31.1875,30.4375,30.75,9.016616821289062,748400,0.0,0.0
1999-07-08,31.0,31.0,30.3125,30.4375,8.924985885620117,763500,0.0,0.0
1999-07-09,30.4375,31.75,30.4375,31.0,9.089920043945312,933200,0.0,0.0
1999-07-12,31.25,31.3125,30.125,30.75,9.016616821289062,295000,0.0,0.0
1999-07-13,30.125,30.875,30.125,30.4375,8.924985885620117,1108500,0.0,0.0
1999-07-14,30.0625,30.3125,29.625,29.6875,8.705061912536621,846200,0.0,0.0
1999-07-15,29.6875,30.5,29.625,30.125,8.833353996276855,793900,0.0,0.0
1999-07-16,30.1875,30.4375,29.75,30.0,8.796695709228516,434700,0.0,0.0
1999-07-19,29.875,30.0,29.125,29.375,8.613431930541992,586400,0.0,0.0
1999-07-20,29.625,30.125,29.0,29.375,8.613431930541992,617800,0.0,0.0
1999-07-21,29.875,29.875,28.5,28.625,8.393512725830078,642400,0.0,0.0
1999-07-22,28.625,28.9375,28.0625,28.0625,8.22857666015625,561400,0.0,0.0
1999-07-23,28.125,28.3125,27.0625,27.3125,8.008659362792969,864500,0.0,0.0
1999-07-26,26.625,27.1875,26.3125,26.375,7.733762264251709,1223800,0.0,0.0
1999-07-27,27.125,28.4375,26.9375,27.875,8.173596382141113,2040200,0.0,0.0
1999-07-28,28.125,29.5,28.0625,29.0,8.503473281860352,2942900,0.0,0.0
1999-07-29,28.625,29.1875,28.5,29.1875,8.558452606201172,1492200,0.0,0.0
1999-07-30,29.4375,29.4375,28.3125,29.1875,8.558452606201172,1356000,0.0,0.0
1999-08-02,28.875,28.875,28.125,28.3125,8.301887512207031,431700,0.0,0.0
1999-08-03,28.375,28.75,28.375,28.5625,8.375184059143066,384800,0.0,0.0
1999-08-04,28.5625,28.5625,27.0,27.0625,7.935356616973877,1860600,0.0,0.0
1999-08-05,27.0625,27.125,26.4375,26.875,7.880370616912842,1051600,0.0,0.0
1999-08-06,27.375,28.125,27.1875,27.3125,8.008659362792969,937800,0.0,0.0
1999-08-09,27.3125,28.3125,27.3125,28.25,8.28355884552002,695200,0.0,0.0
1999-08-10,28.25,28.5625,28.0,28.3125,8.301887512207031,979500,0.0,0.0
1999-08-11,28.1875,28.5,27.875,28.1875,8.265231132507324,1006200,0.0,0.0
1999-08-12,28.3125,28.5625,28.0,28.0,8.210249900817871,505800,0.0,0.0
1999-08-13,28.1875,29.1875,28.1875,28.9375,8.485151290893555,918800,0.0,0.0
1999-08-16,28.8125,28.875,27.875,28.0,8.210249900817871,614800,0.0,0.0
1999-08-17,28.0,28.1875,27.8125,28.125,8.246902465820312,729900,0.0,0.0
1999-08-18,28.125,28.375,27.9375,28.25,8.28355884552002,424000,0.0,0.0
1999-08-19,28.1875,28.1875,27.25,27.6875,8.118618965148926,803300,0.0,0.0
1999-08-20,27.8125,27.8125,26.875,27.375,8.026984214782715,556000,0.0,0.0
1999-08-23,27.5,27.875,27.4375,27.8125,8.15527629852295,501900,0.0,0.0
1999-08-24,27.6875,28.25,27.5625,28.125,8.246902465820312,542700,0.0,0.0
1999-08-25,28.125,28.75,27.875,28.625,8.393512725830078,1228700,0.0,0.0
1999-08-26,28.5,29.1875,28.5,29.125,8.540131568908691,853600,0.0,0.0
1999-08-27,29.125,29.3125,28.25,28.3125,8.301887512207031,387200,0.0,0.0
1999-08-30,28.3125,28.4375,27.625,27.9375,8.191926956176758,459100,0.0,0.0
1999-08-31,28.5,28.625,28.125,28.4375,8.33853816986084,1075400,0.0,0.0
1999-09-01,28.4375,28.4375,27.6875,27.9375,8.191926956176758,324800,0.0,0.0
1999-09-02,27.5625,27.5625,27.0,27.1875,7.972005367279053,324900,0.0,0.0
1999-09-03,27.375,27.5625,27.0,27.0625,7.935356616973877,595500,0.0,0.0
1999-09-07,27.0625,27.0625,26.625,26.8125,7.862049579620361,478200,0.0,0.0
1999-09-08,26.8125,27.125,26.25,26.9375,7.898698806762695,437400,0.0,0.0
1999-09-09,26.9375,26.9375,26.0,26.0625,7.64213228225708,424600,0.0,0.0
1999-09-10,26.125,26.1875,25.5,25.5625,7.495518207550049,482000,0.0,0.0
1999-09-13,25.4375,26.125,25.25,25.4375,7.458864688873291,475100,0.0,0.0
1999-09-14,25.1875,25.375,24.4375,24.6875,7.238950252532959,502900,0.0,0.0
1999-09-15,24.875,25.5,24.625,24.9375,7.324123382568359,946300,0.04,0.0
1999-09-16,25.0625,25.25,24.5,24.8125,7.287406921386719,456200,0.0,0.0
1999-09-17,25.0,25.5,24.875,24.875,7.305767059326172,829700,0.0,0.0
1999-09-20,25.125,25.1875,24.375,25.0625,7.360835552215576,413400,0.0,0.0
1999-09-21,25.375,25.8125,25.1875,25.375,7.452617645263672,803700,0.0,0.0
1999-09-22,25.5,25.75,24.75,25.5625,7.507683277130127,718900,0.0,0.0
1999-09-23,25.5625,25.5625,24.0625,24.3125,7.140562534332275,678800,0.0,0.0
1999-09-24,24.375,24.875,23.875,24.3125,7.140562534332275,403000,0.0,0.0
1999-09-27,24.875,24.875,23.75,23.875,7.012067794799805,339000,0.0,0.0
1999-09-28,23.75,24.1875,22.8125,23.25,6.828500747680664,680900,0.0,0.0
1999-09-29,23.5,23.875,23.125,23.25,6.828500747680664,563600,0.0,0.0
1999-09-30,23.3125,23.3125,22.5,22.5625,6.626589775085449,706600,0.0,0.0
1999-10-01,22.375,22.4375,21.9375,22.25,6.5348052978515625,930400,0.0,0.0
1999-10-04,22.5,22.75,21.375,21.875,6.42466926574707,711800,0.0,0.0
1999-10-05,22.375,22.375,21.6875,22.0,6.4613800048828125,588400,0.0,0.0
1999-10-06,22.25,24.25,22.25,24.1875,7.103848934173584,737800,0.0,0.0
1999-10-07,24.25,24.875,23.5625,23.6875,6.956998348236084,685500,0.0,0.0
1999-10-08,23.875,24.375,23.8125,24.3125,7.140562534332275,413200,0.0,0.0
1999-10-11,24.3125,24.3125,23.875,23.875,7.012067794799805,382700,0.0,0.0
1999-10-12,23.75,23.8125,22.9375,23.25,6.828500747680664,317100,0.0,0.0
1999-10-13,23.375,23.375,22.125,22.125,6.4980950355529785,338600,0.0,0.0
1999-10-14,22.125,23.375,22.125,22.875,6.718364238739014,650800,0.0,0.0
1999-10-15,23.375,23.375,22.0,22.0625,6.479737281799316,543700,0.0,0.0
1999-10-18,22.25,22.875,21.875,22.6875,6.663301944732666,339500,0.0,0.0
1999-10-19,23.25,23.5,22.5,22.875,6.718364238739014,531100,0.0,0.0
1999-10-20,23.125,23.375,22.6875,23.25,6.828500747680664,889200,0.0,0.0
1999-10-21,23.25,23.625,22.8125,23.25,6.828500747680664,378900,0.0,0.0
1999-10-22,23.4375,23.75,23.25,23.6875,6.956998348236084,744600,0.0,0.0
1999-10-25,23.625,24.0,23.3125,23.6875,6.956998348236084,418600,0.0,0.0
1999-10-26,23.5625,23.875,23.0625,23.625,6.938640594482422,640400,0.0,0.0
1999-10-27,23.9375,24.4375,23.3125,24.25,7.122203350067139,529700,0.0,0.0
1999-10-28,24.875,25.1875,24.625,25.125,7.379188060760498,851900,0.0,0.0
1999-10-29,25.5,26.25,25.25,25.5625,7.507683277130127,643000,0.0,0.0
1999-11-01,25.5625,25.5625,24.8125,25.25,7.415904521942139,344300,0.0,0.0
1999-11-02,25.3125,25.3125,24.0,24.0,7.04878044128418,494800,0.0,0.0
1999-11-03,24.375,25.625,24.0625,25.5625,7.507683277130127,623100,0.0,0.0
1999-11-04,25.375,25.4375,23.0,23.375,6.865218639373779,1100900,0.0,0.0
1999-11-05,23.375,23.75,22.875,23.0,6.755080699920654,834500,0.0,0.0
1999-11-08,23.0,23.8125,22.8125,23.5625,6.920284748077393,987600,0.0,0.0
1999-11-09,23.625,23.625,22.0625,22.4375,6.589874744415283,911900,0.0,0.0
1999-11-10,22.1875,22.6875,21.5,21.875,6.42466926574707,1027700,0.0,0.0
1999-11-11,21.9375,22.0,19.0625,20.375,5.984121799468994,5991900,0.0,0.0
1999-11-12,20.75,21.8125,20.125,21.75,6.3879570960998535,2184000,0.0,0.0
1999-11-15,22.125,22.375,21.6875,22.0,6.4613800048828125,1605500,0.0,0.0
1999-11-16,22.0625,23.125,22.0,22.0625,6.479737281799316,921200,0.0,0.0
1999-11-17,22.125,23.0,21.9375,21.9375,6.443026065826416,699000,0.0,0.0
1999-11-18,22.0,22.125,21.8125,22.0,6.4613800048828125,938900,0.0,0.0
1999-11-19,22.375,22.625,21.875,21.9375,6.443026065826416,826000,0.0,0.0
1999-11-22,22.0,23.125,21.9375,22.5625,6.626589775085449,1395400,0.0,0.0
1999-11-23,22.5625,22.75,22.125,22.4375,6.589874744415283,915100,0.0,0.0
1999-11-24,22.6875,22.875,22.5,22.5625,6.626589775085449,1450500,0.0,0.0
1999-11-26,22.75,22.75,22.0,22.0,6.4613800048828125,389000,0.0,0.0
1999-11-29,22.0625,22.125,21.25,21.4375,6.296175479888916,861000,0.0,0.0
1999-11-30,21.375,21.5625,20.9375,21.1875,6.222752571105957,1060800,0.0,0.0
1999-12-01,21.0,21.25,20.875,21.0625,6.197740077972412,983500,0.04,0.0
1999-12-02,20.8125,20.9375,20.0,20.0625,5.9034833908081055,2302000,0.0,0.0
1999-12-03,19.875,20.625,19.8125,20.1875,5.940267562866211,1957300,0.0,0.0
1999-12-06,20.25,20.25,19.125,19.1875,5.646010875701904,1335400,0.0,0.0
1999-12-07,19.375,19.5,18.5,18.5625,5.462101459503174,1739100,0.0,0.0
1999-12-08,18.625,19.0,18.0,18.0,5.296583652496338,1512000,0.0,0.0
1999-12-09,18.1875,18.25,16.8125,16.9375,4.9839396476745605,1995100,0.0,0.0
1999-12-10,17.0,18.8125,16.875,18.375,5.406931400299072,2980900,0.0,0.0
1999-12-13,19.5,19.5,18.0,18.0,5.296583652496338,2803900,0.0,0.0
1999-12-14,17.875,18.4375,17.75,18.0625,5.314975261688232,1492300,0.0,0.0
1999-12-15,18.0,18.5,17.875,18.25,5.370148181915283,1355500,0.0,0.0
1999-12-16,18.0,18.125,17.4375,17.6875,5.204629421234131,1003900,0.0,0.0
1999-12-17,18.0,18.0,17.5,17.9375,5.278191566467285,2047900,0.0,0.0
1999-12-20,17.8125,18.125,17.8125,18.125,5.333365440368652,1712200,0.0,0.0
1999-12-21,18.125,18.75,18.125,18.375,5.406931400299072,1582700,0.0,0.0
1999-12-22,18.5,18.625,18.1875,18.5,5.44371223449707,2451100,0.0,0.0
1999-12-23,18.5,18.75,18.375,18.625,5.4804911613464355,808400,0.0,0.0
1999-12-27,18.5625,19.375,18.1875,19.0625,5.609229564666748,1147600,0.0,0.0
1999-12-28,19.4375,20.125,19.0625,19.625,5.774747371673584,1195400,0.0,0.0
1999-12-29,20.0,20.6875,20.0,20.125,5.921874523162842,1316900,0.0,0.0
1999-12-30,20.625,20.6875,20.375,20.375,5.995438575744629,744600,0.0,0.0
1999-12-31,20.125,20.3125,20.125,20.125,5.921874523162842,467000,0.0,0.0
2000-01-03,19.625,20.125,18.75,19.9375,5.866701602935791,1131200,0.0,0.0
2000-01-04,20.125,20.1875,19.375,19.4375,5.71957540512085,1434900,0.0,0.0
2000-01-05,19.375,20.0,19.375,19.75,5.811531066894531,2005100,0.0,0.0
2000-01-06,19.6875,20.5625,19.6875,20.5625,6.050614356994629,1534300,0.0,0.0
2000-01-07,20.9375,21.125,20.0,20.8125,6.12417459487915,3658800,0.0,0.0
2000-01-10,21.5,21.625,20.6875,20.6875,6.087392807006836,751400,0.0,0.0
2000-01-11,21.0,21.125,20.4375,20.8125,6.12417459487915,867000,0.0,0.0
2000-01-12,21.375,21.5,21.125,21.5,6.32647705078125,1051600,0.0,0.0
2000-01-13,21.4375,21.5,20.9375,21.125,6.216128826141357,604300,0.0,0.0
2000-01-14,21.25,21.5,21.0,21.3125,6.271303653717041,575900,0.0,0.0
2000-01-18,21.375,22.5625,21.25,22.1875,6.528773784637451,1021300,0.0,0.0
2000-01-19,21.9375,22.1875,21.625,22.0625,6.491992473602295,991100,0.0,0.0
2000-01-20,22.125,22.5,21.9375,22.4375,6.602341651916504,830100,0.0,0.0
2000-01-21,22.5,24.0,22.375,23.5625,6.933374881744385,1470400,0.0,0.0
2000-01-24,23.625,23.625,23.0,23.1875,6.8230299949646,859800,0.0,0.0
2000-01-25,23.25,25.9375,23.25,25.5625,7.521883010864258,2883200,0.0,0.0
2000-01-26,25.625,26.1875,25.5,25.6875,7.558665752410889,1543700,0.0,0.0
2000-01-27,25.6875,25.9375,23.5,23.8125,7.006943225860596,1717000,0.0,0.0
2000-01-28,23.8125,23.875,22.3125,22.5,6.620726585388184,980000,0.0,0.0
2000-01-31,23.5,25.75,23.375,25.25,7.429928302764893,1601800,0.0,0.0
2000-02-01,25.25,26.3125,25.25,26.0625,7.669012546539307,1539300,0.0,0.0
2000-02-02,26.0,26.25,25.0625,26.125,7.687402248382568,1449200,0.0,0.0
2000-02-03,26.0,28.0,26.0,28.0,8.239129066467285,1810700,0.0,0.0
2000-02-04,27.8125,30.25,27.8125,29.1875,8.588555335998535,3697000,0.0,0.0
2000-02-07,29.375,29.4375,27.5625,28.5,8.38625717163086,1777800,0.0,0.0
2000-02-08,28.25,28.625,28.0,28.375,8.349477767944336,1178700,0.0,0.0
2000-02-09,28.25,28.5625,28.0,28.5625,8.404645919799805,1035600,0.0,0.0
2000-02-10,28.5,28.8125,27.875,28.1875,8.29430103302002,1049400,0.0,0.0
2000-02-11,28.25,28.5,27.9375,28.3125,8.331082344055176,905200,0.0,0.0
2000-02-14,28.3125,28.375,27.25,27.8125,8.183958053588867,796600,0.0,0.0
2000-02-15,27.9375,28.3125,27.5,27.9375,8.220738410949707,809900,0.0,0.0
2000-02-16,26.75,26.8125,25.875,26.5625,7.8161420822143555,1663800,0.0,0.0
2000-02-17,26.5625,27.4375,26.5625,27.125,7.981657028198242,662500,0.0,0.0
2000-02-18,27.125,27.125,26.375,26.5,7.797751426696777,1214000,0.0,0.0
2000-02-22,26.625,26.6875,25.6875,26.625,7.834527969360352,1428900,0.0,0.0
2000-02-23,26.5,27.25,25.25,25.25,7.429928302764893,906800,0.0,0.0
2000-02-24,25.5,25.5,23.9375,24.625,7.246020793914795,1371700,0.0,0.0
2000-02-25,24.5,24.5,23.4375,23.9375,7.043720245361328,802400,0.0,0.0
2000-02-28,23.8125,23.875,23.4375,23.8125,7.006943225860596,1102100,0.0,0.0
2000-02-29,23.5625,24.0,23.3125,23.375,6.878201961517334,1305800,0.0,0.0
2000-03-01,23.4375,23.4375,23.125,23.375,6.878201961517334,1034800,0.0,0.0
2000-03-02,23.0625,23.125,22.125,23.0,6.767860412597656,896200,0.0,0.0
2000-03-03,22.75,22.875,22.4375,22.8125,6.712684631347656,607200,0.0,0.0
2000-03-06,22.6875,22.6875,20.9375,21.3125,6.271303653717041,1008000,0.0,0.0
2000-03-07,21.0625,21.8125,20.5,21.3125,6.271303653717041,997800,0.0,0.0
2000-03-08,21.0625,21.9375,20.9375,21.8125,6.418430328369141,765000,0.0,0.0
2000-03-09,21.5625,21.875,21.0625,21.8125,6.418430328369141,399400,0.0,0.0
2000-03-10,21.8125,21.8125,20.875,21.0,6.179347038269043,480200,0.0,0.0
2000-03-13,20.5625,20.625,20.0,20.0625,5.9034833908081055,544500,0.0,0.0
2000-03-14,20.0625,21.25,19.8125,20.75,6.105781078338623,821500,0.0,0.0
2000-03-15,20.9375,22.8125,20.625,22.1875,6.528773784637451,818200,0.0,0.0
2000-03-16,22.4375,23.125,22.4375,23.0,6.767860412597656,1150800,0.0,0.0
2000-03-17,23.0,23.0,22.25,22.25,6.5585737228393555,919000,0.04,0.0
2000-03-20,22.25,22.6875,21.875,21.875,6.448034286499023,494200,0.0,0.0
2000-03-21,21.625,22.75,21.5625,22.125,6.521726131439209,411000,0.0,0.0
2000-03-22,21.875,22.5,21.5,21.75,6.41118860244751,419000,0.0,0.0
2000-03-23,21.6875,22.0625,21.125,22.0,6.484884262084961,628200,0.0,0.0
2000-03-24,21.75,21.9375,21.5,21.9375,6.466457843780518,459200,0.0,0.0
2000-03-27,20.75,21.5,20.75,20.75,6.116418838500977,487600,0.0,0.0
2000-03-28,20.9375,21.6875,20.75,21.25,6.263805389404297,487900,0.0,0.0
2000-03-29,21.25,21.9375,21.1875,21.625,6.374343395233154,500600,0.0,0.0
2000-03-30,21.625,22.0,21.0625,21.625,6.374343395233154,767400,0.0,0.0
2000-03-31,21.875,21.875,21.3125,21.5625,6.355920791625977,607000,0.0,0.0
2000-04-03,21.3125,22.1875,20.9375,22.125,6.521726131439209,1592000,0.0,0.0
2000-04-04,22.25,22.625,21.3125,21.9375,6.466457843780518,1501900,0.0,0.0
2000-04-05,21.625,22.125,21.625,22.0,6.484884262084961,838900,0.0,0.0
2000-04-06,22.0,22.0,20.125,20.5625,6.061154365539551,784200,0.0,0.0
2000-04-07,20.625,20.6875,19.6875,20.0625,5.913768768310547,1522900,0.0,0.0
2000-04-10,20.0,20.5625,19.75,20.125,5.93218994140625,815600,0.0,0.0
2000-04-11,20.375,21.625,20.375,21.375,6.300649642944336,908400,0.0,0.0
2000-04-12,21.0,21.6875,21.0,21.125,6.226959228515625,397600,0.0,0.0
2000-04-13,20.875,21.875,20.75,21.5625,6.355920791625977,533500,0.0,0.0
2000-04-14,21.25,21.4375,20.3125,20.5625,6.061154365539551,633600,0.0,0.0
2000-04-17,21.125,21.3125,20.25,21.25,6.263805389404297,602200,0.0,0.0
2000-04-18,21.0625,22.0625,21.0625,21.5,6.337500095367432,1100200,0.0,0.0
2000-04-19,21.625,22.5,21.5,21.5,6.337500095367432,432600,0.0,0.0
2000-04-20,21.75,21.875,21.0625,21.5,6.337500095367432,764400,0.0,0.0
2000-04-24,21.5,21.75,21.25,21.625,6.374343395233154,910000,0.0,0.0
2000-04-25,22.0,23.6875,21.625,23.3125,6.871767044067383,1156400,0.0,0.0
2000-04-26,23.875,23.875,22.625,22.75,6.705957889556885,890700,0.0,0.0
2000-04-27,22.1875,22.5,21.625,21.6875,6.392765045166016,414700,0.0,0.0
2000-04-28,21.8125,21.9375,21.125,21.3125,6.282229423522949,1652500,0.0,0.0
2000-05-01,20.5,21.25,20.5,20.9375,6.171689510345459,952100,0.0,0.0
2000-05-02,20.8125,21.0625,20.5,20.625,6.0795745849609375,1009100,0.0,0.0
2000-05-03,20.5625,20.875,20.375,20.5,6.042727470397949,637700,0.0,0.0
2000-05-04,20.5,21.25,20.5,20.9375,6.171689510345459,236300,0.0,0.0
2000-05-05,20.8125,20.8125,20.1875,20.3125,5.987460613250732,318000,0.0,0.0
2000-05-08,20.5625,20.625,20.25,20.4375,6.02430534362793,793200,0.0,0.0
2000-05-09,20.875,21.3125,20.75,21.0625,6.208538055419922,614700,0.0,0.0
2000-05-10,21.0,21.3125,20.875,21.125,6.226959228515625,680600,0.0,0.0
2000-05-11,21.3125,21.625,21.0625,21.625,6.374343395233154,1297300,0.0,0.0
2000-05-12,21.875,22.125,21.375,21.5,6.337500095367432,629200,0.0,0.0
2000-05-15,22.0,22.9375,21.375,21.375,6.300649642944336,1303200,0.0,0.0
2000-05-16,16.75,16.75,14.625,16.0,4.716277599334717,20324200,0.0,0.0
2000-05-17,15.75,16.125,15.3125,16.0,4.716277599334717,7185300,0.0,0.0
2000-05-18,16.25,16.3125,15.125,15.125,4.458354949951172,3735900,0.0,0.0
2000-05-19,15.75,15.9375,14.5,14.625,4.310970306396484,3847300,0.0,0.0
2000-05-22,14.6875,15.125,14.0,15.0,4.4215087890625,2378400,0.0,0.0
2000-05-23,15.1875,15.5,15.0,15.3125,4.513624668121338,2692900,0.0,0.0
2000-05-24,15.4375,16.875,15.375,16.5,4.8636603355407715,4730700,0.0,0.0
2000-05-25,16.4375,16.875,16.3125,16.5625,4.882083892822266,2505900,0.0,0.0
2000-05-26,16.4375,17.1875,16.375,17.0,5.01104211807251,1644800,0.0,0.0
2000-05-30,17.0,17.125,16.875,16.9375,4.992621898651123,1107800,0.0,0.0
2000-05-31,16.8125,17.25,16.625,17.125,5.047889709472656,1656700,0.0,0.0
2000-06-01,17.0,17.9375,16.9375,17.875,5.268963813781738,1432000,0.0,0.0
2000-06-02,18.0,18.3125,17.875,18.1875,5.361079216003418,2007500,0.0,0.0
2000-06-05,18.1875,18.625,17.875,18.0,5.305811405181885,1111200,0.0,0.0
2000-06-06,17.5,19.0,17.5,18.4375,5.434773921966553,1235200,0.0,0.0
2000-06-07,18.4375,18.8125,18.0,18.375,5.416350841522217,696400,0.0,0.0
2000-06-08,18.0,18.1875,17.6875,18.125,5.34265661239624,679100,0.0,0.0
2000-06-09,18.0625,18.125,17.25,17.4375,5.1400065422058105,562300,0.0,0.0
2000-06-12,17.4375,17.5625,17.125,17.25,5.084736347198486,690700,0.0,0.0
2000-06-13,17.125,17.5,17.125,17.375,5.12158203125,430400,0.0,0.0
2000-06-14,17.25,17.5625,17.25,17.4375,5.1400065422058105,673700,0.0,0.0
2000-06-15,17.5,17.5,17.125,17.3125,5.103158473968506,550400,0.0,0.0
2000-06-16,16.5,17.4375,16.5,17.3125,5.1149773597717285,1077200,0.04,0.0
2000-06-19,16.8125,17.5,16.6875,17.375,5.133442401885986,1104000,0.0,0.0
2000-06-20,17.375,17.4375,16.8125,17.0,5.022647857666016,1005600,0.0,0.0
2000-06-21,17.0625,17.125,16.625,16.75,4.948787212371826,416800,0.0,0.0
2000-06-22,16.625,16.6875,16.5625,16.625,4.9118571281433105,373900,0.0,0.0
2000-06-23,16.75,16.75,16.3125,16.375,4.837991237640381,348500,0.0,0.0
2000-06-26,16.4375,17.0625,16.3125,16.75,4.948787212371826,629300,0.0,0.0
2000-06-27,16.9375,17.0,16.6875,16.9375,5.004184722900391,724000,0.0,0.0
2000-06-28,17.0,17.0,16.25,16.828125,4.97186803817749,576900,0.0,0.0
2000-06-29,16.75,16.9375,16.4375,16.75,4.948787212371826,591400,0.0,0.0
2000-06-30,16.8125,16.875,16.125,16.3125,4.819528102874756,1099400,0.0,0.0
2000-07-03,16.5625,17.125,16.5,16.875,4.985716819763184,504000,0.0,0.0
2000-07-05,16.875,17.6875,16.8125,17.375,5.133442401885986,762200,0.0,0.0
2000-07-06,17.375,17.6875,17.1875,17.6875,5.225772380828857,655400,0.0,0.0
2000-07-07,17.4375,17.875,17.375,17.5625,5.188840866088867,727500,0.0,0.0
2000-07-10,17.5625,17.625,17.1875,17.3125,5.1149773597717285,850300,0.0,0.0
2000-07-11,17.5625,17.75,17.3125,17.5625,5.188840866088867,721800,0.0,0.0
2000-07-12,17.5625,17.6875,17.4375,17.5625,5.188840866088867,548500,0.0,0.0
2000-07-13,17.6875,18.25,17.625,18.25,5.391960620880127,986700,0.0,0.0
2000-07-14,18.125,18.4375,17.75,18.0,5.318099021911621,517300,0.0,0.0
2000-07-17,17.875,17.875,17.25,17.46875,5.161141872406006,573600,0.0,0.0
2000-07-18,17.75,18.6875,17.75,18.4375,5.447359561920166,1125400,0.0,0.0
2000-07-19,18.875,19.5,18.6875,18.875,5.576619625091553,1541000,0.0,0.0
2000-07-20,18.9375,19.3125,18.5625,18.6875,5.521221160888672,1002000,0.0,0.0
2000-07-21,18.9375,18.9375,18.4375,18.5,5.46582555770874,766300,0.0,0.0
2000-07-24,18.6875,19.3125,18.375,18.75,5.53968620300293,1011500,0.0,0.0
2000-07-25,18.875,19.25,18.75,19.125,5.650480270385742,536100,0.0,0.0
2000-07-26,19.0625,19.125,18.6875,18.6875,5.521221160888672,649600,0.0,0.0
2000-07-27,18.9375,19.1875,18.625,18.625,5.502752780914307,430300,0.0,0.0
2000-07-28,18.875,19.125,18.75,18.875,5.576619625091553,476800,0.0,0.0
2000-07-31,19.125,19.375,19.0,19.375,5.72434139251709,699900,0.0,0.0
2000-08-01,19.3125,19.875,19.0,19.6875,5.816670894622803,456400,0.0,0.0
2000-08-02,19.75,19.875,19.25,19.8125,5.853603363037109,304700,0.0,0.0
2000-08-03,19.6875,19.75,19.25,19.375,5.72434139251709,411200,0.0,0.0
2000-08-04,19.5625,20.5625,19.0625,20.0625,5.927464485168457,814900,0.0,0.0
2000-08-07,20.0625,20.125,19.75,19.9375,5.890532493591309,407300,0.0,0.0
2000-08-08,20.75,20.9375,20.5625,20.625,6.093654632568359,769600,0.0,0.0
2000-08-09,20.75,20.875,20.3125,20.375,6.019792556762695,460200,0.0,0.0
2000-08-10,20.5,20.5625,20.0625,20.125,5.94592809677124,379700,0.0,0.0
2000-08-11,20.3125,21.0,20.25,20.5,6.0567216873168945,431000,0.0,0.0
2000-08-14,20.75,20.9375,20.5,20.875,6.167517185211182,298600,0.0,0.0
2000-08-15,20.75,20.9375,20.4375,20.625,6.093654632568359,476100,0.0,0.0
2000-08-16,20.375,20.5,19.8125,20.25,5.982859134674072,718700,0.0,0.0
2000-08-17,20.25,20.4375,20.0,20.0,5.908999443054199,745900,0.0,0.0
2000-08-18,19.75,20.1875,19.75,20.0,5.908999443054199,776900,0.0,0.0
2000-08-21,20.0,20.25,19.8125,20.0,5.908999443054199,938400,0.0,0.0
2000-08-22,20.0,20.1875,19.8125,20.0625,5.927464485168457,495900,0.0,0.0
2000-08-23,20.0,20.1875,19.875,20.0625,5.927464485168457,380200,0.0,0.0
2000-08-24,20.0625,20.125,19.75,19.875,5.872066974639893,310200,0.0,0.0
2000-08-25,19.75,19.75,18.875,19.0625,5.632012844085693,558200,0.0,0.0
2000-08-28,19.125,20.625,19.0625,20.0625,5.927464485168457,1561800,0.0,0.0
2000-08-29,20.0625,20.125,18.75,19.1875,5.668944835662842,510400,0.0,0.0
2000-08-30,19.1875,19.625,18.9375,18.9375,5.595083236694336,561100,0.0,0.0
2000-08-31,18.6875,19.0,18.5,18.640625,5.507370471954346,881400,0.0,0.0
2000-09-01,18.625,19.5,18.5625,18.875,5.576619625091553,495200,0.0,0.0
2000-09-05,18.625,19.375,18.4375,18.9375,5.595083236694336,604000,0.0,0.0
2000-09-06,18.5625,19.1875,18.5625,19.0,5.6135478019714355,1029800,0.0,0.0
2000-09-07,19.0,19.0,18.3125,18.375,5.42889404296875,446200,0.0,0.0
2000-09-08,18.25,18.3125,17.5,18.125,5.355030059814453,937200,0.0,0.0
2000-09-11,18.125,18.125,17.875,17.9375,5.299631118774414,411300,0.0,0.0
2000-09-12,17.9375,18.375,17.75,18.3125,5.410427570343018,357200,0.0,0.0
2000-09-13,18.3125,18.3125,17.5625,17.8125,5.26270055770874,464900,0.0,0.0
2000-09-14,17.6875,17.8125,16.75,16.9375,5.004184722900391,994100,0.0,0.0
2000-09-15,17.0,17.875,16.875,16.875,4.997518539428711,980100,0.04,0.0
2000-09-18,17.0,17.125,16.625,16.75,4.960501670837402,634000,0.0,0.0
2000-09-19,16.75,16.75,16.5625,16.75,4.960501670837402,427300,0.0,0.0
2000-09-20,16.9375,16.9375,15.9375,16.0,4.738389015197754,2222400,0.0,0.0
2000-09-21,16.125,16.4375,16.0,16.125,4.775406837463379,635300,0.0,0.0
2000-09-22,16.25,16.8125,16.125,16.25,4.812425136566162,526300,0.0,0.0
2000-09-25,16.5,16.5,15.9375,15.9375,4.719881057739258,665600,0.0,0.0
2000-09-26,16.0,16.375,15.9375,16.25,4.812425136566162,506100,0.0,0.0
2000-09-27,16.3125,16.375,16.0625,16.3125,4.830936431884766,323300,0.0,0.0
2000-09-28,16.375,16.4375,16.125,16.3125,4.830936431884766,254500,0.0,0.0
2000-09-29,16.4375,16.4375,15.9375,15.9375,4.719881057739258,395700,0.0,0.0
2000-10-02,16.0,16.5625,16.0,16.4375,4.867955207824707,604400,0.0,0.0
2000-10-03,16.25,16.5625,16.1875,16.3125,4.830936431884766,474400,0.0,0.0
2000-10-04,16.375,16.625,15.875,16.0,4.738389015197754,335800,0.0,0.0
2000-10-05,16.3125,16.75,15.9375,16.125,4.775406837463379,733000,0.0,0.0
2000-10-06,16.3125,16.625,16.0625,16.0625,4.756899356842041,636400,0.0,0.0
2000-10-09,16.1875,16.5,16.125,16.125,4.775406837463379,387600,0.0,0.0
2000-10-10,16.3125,16.375,16.0625,16.0625,4.756899356842041,583700,0.0,0.0
2000-10-11,16.1875,16.25,15.75,15.9375,4.719881057739258,533900,0.0,0.0
2000-10-12,16.0,16.0625,15.375,15.5,4.590312957763672,870100,0.0,0.0
2000-10-13,15.6875,15.75,15.0625,15.25,4.516276836395264,699700,0.0,0.0
2000-10-16,15.5,15.625,15.125,15.25,4.516276836395264,486100,0.0,0.0
2000-10-17,15.75,17.5,15.625,17.4375,5.164106845855713,7046700,0.0,0.0
2000-10-18,17.4375,17.5,16.25,17.0625,5.053046703338623,548800,0.0,0.0
2000-10-19,16.875,17.3125,16.5625,17.3125,5.127085208892822,481800,0.0,0.0
2000-10-20,17.5625,17.625,16.6875,16.875,4.997518539428711,330900,0.0,0.0
2000-10-23,17.0,17.0,16.6875,16.8125,4.979010105133057,316300,0.0,0.0
2000-10-24,17.0,17.1875,16.8125,17.1875,5.090068817138672,457800,0.0,0.0
2000-10-25,17.4375,17.625,17.0625,17.1875,5.090068817138672,387300,0.0,0.0
2000-10-26,17.0625,17.5,16.875,17.4375,5.164106845855713,570100,0.0,0.0
2000-10-27,17.625,18.25,17.5,18.0625,5.349196434020996,767800,0.0,0.0
2000-10-30,18.25,18.375,17.8125,18.25,5.404725074768066,460200,0.0,0.0
2000-10-31,18.125,18.4375,17.875,18.375,5.441745281219482,353100,0.0,0.0
2000-11-01,18.375,19.0625,18.25,18.875,5.589820384979248,890100,0.0,0.0
2000-11-02,19.125,19.25,18.75,18.8125,5.57130765914917,1935000,0.0,0.0
2000-11-03,18.8125,19.125,18.8125,19.125,5.663856029510498,338800,0.0,0.0
2000-11-06,19.0625,19.3125,19.0625,19.3125,5.719383716583252,284000,0.0,0.0
2000-11-07,19.3125,19.4375,18.0625,18.4375,5.460254669189453,688400,0.0,0.0
2000-11-08,18.5625,18.875,18.3125,18.4375,5.460254669189453,534400,0.0,0.0
2000-11-09,18.5,19.375,18.5,19.25,5.700874328613281,479400,0.0,0.0
2000-11-10,19.25,19.9375,19.25,19.9375,5.904476642608643,894500,0.0,0.0
2000-11-13,20.0,20.0,18.9375,19.75,5.848948955535889,834400,0.0,0.0
2000-11-14,19.6875,19.9375,19.0625,19.8125,5.867459774017334,549400,0.0,0.0
2000-11-15,19.625,19.6875,19.25,19.5,5.7749128341674805,451200,0.0,0.0
2000-11-16,19.6875,19.6875,19.3125,19.5625,5.793420314788818,275300,0.0,0.0
2000-11-17,19.625,19.6875,19.125,19.375,5.737891674041748,418500,0.0,0.0
2000-11-20,19.5,20.0,19.125,19.5,5.7749128341674805,1149400,0.0,0.0
2000-11-21,19.3125,21.9375,19.3125,21.9375,6.496774673461914,2077400,0.0,0.0
2000-11-22,21.1875,21.1875,19.75,20.75,6.145095348358154,838000,0.0,0.0
2000-11-24,20.75,20.875,20.5625,20.75,6.145095348358154,180500,0.0,0.0
2000-11-27,20.5625,20.9375,20.25,20.875,6.182116985321045,403600,0.0,0.0
2000-11-28,20.9375,21.6875,20.875,21.625,6.404229164123535,769100,0.0,0.0
2000-11-29,21.5,22.0,21.3125,22.0,6.527360916137695,671600,0.04,0.0
2000-11-30,22.0,22.0,21.75,21.9375,6.508815765380859,705900,0.0,0.0
2000-12-01,21.625,21.6875,21.1875,21.375,6.341921806335449,682900,0.0,0.0
2000-12-04,21.25,21.625,21.125,21.25,6.304833889007568,605700,0.0,0.0
2000-12-05,21.125,22.375,21.0,22.1875,6.582986354827881,1939000,0.0,0.0
2000-12-06,22.25,22.4375,21.8125,22.375,6.638620376586914,368200,0.0,0.0
2000-12-07,22.25,23.125,22.125,22.9375,6.805513858795166,1375900,0.0,0.0
2000-12-08,21.0,21.0,19.6875,19.9375,5.9154181480407715,1959300,0.0,0.0
2000-12-11,19.8125,19.8125,18.3125,18.4375,5.470372200012207,1177600,0.0,0.0
2000-12-12,18.5,18.8125,18.25,18.25,5.414741039276123,675600,0.0,0.0
2000-12-13,18.3125,18.6875,18.25,18.5625,5.507458209991455,348800,0.0,0.0
2000-12-14,18.4375,18.5,17.75,17.8125,5.2849345207214355,408700,0.0,0.0
2000-12-15,17.625,18.0625,17.625,17.6875,5.247849464416504,973900,0.0,0.0
2000-12-18,17.9375,18.4375,17.625,18.125,5.3776535987854,364700,0.0,0.0
2000-12-19,18.25,18.6875,18.1875,18.4375,5.470372200012207,558700,0.0,0.0
2000-12-20,18.5,18.9375,18.1875,18.75,5.563088893890381,716400,0.0,0.0
2000-12-21,18.75,18.9375,18.5,18.625,5.526001453399658,399900,0.0,0.0
2000-12-22,18.5,19.1875,18.3125,18.8125,5.581633567810059,508000,0.0,0.0
2000-12-26,18.75,19.0625,18.625,18.625,5.526001453399658,288700,0.0,0.0
2000-12-27,18.75,19.0,18.625,18.9375,5.618720531463623,520100,0.0,0.0
2000-12-28,19.0625,19.125,18.6875,18.875,5.600178241729736,505000,0.0,0.0
2000-12-29,18.875,19.125,18.8125,19.0,5.637263774871826,330800,0.0,0.0
2001-01-02,18.8125,18.9375,18.375,18.375,5.451828479766846,265000,0.0,0.0
2001-01-03,18.625,19.0,18.3125,18.4375,5.470372200012207,594600,0.0,0.0
2001-01-04,18.375,18.625,17.90625,18.25,5.414741039276123,478500,0.0,0.0
2001-01-05,18.25,18.5625,18.0625,18.125,5.3776535987854,333000,0.0,0.0
2001-01-08,17.75,18.4375,17.625,18.0,5.340566158294678,511700,0.0,0.0
2001-01-09,18.0,18.4375,18.0,18.25,5.414741039276123,354300,0.0,0.0
2001-01-10,18.125,18.375,18.0,18.1875,5.396195888519287,405700,0.0,0.0
2001-01-11,18.25,18.3125,17.3125,17.3125,5.136585712432861,740300,0.0,0.0
2001-01-12,17.1875,17.875,17.1875,17.625,5.22930383682251,504600,0.0,0.0
2001-01-16,17.4375,17.875,17.0,17.1875,5.09950065612793,741600,0.0,0.0
2001-01-17,17.25,17.375,17.1875,17.25,5.118041515350342,468800,0.0,0.0
2001-01-18,17.1875,17.25,16.875,16.9375,5.025325298309326,479100,0.0,0.0
2001-01-19,16.9375,17.375,16.9375,17.25,5.118041515350342,707200,0.0,0.0
2001-01-22,17.5,18.0625,17.4375,17.9375,5.322021484375,748800,0.0,0.0
2001-01-23,18.625,19.0,18.0625,18.8125,5.581633567810059,1253900,0.0,0.0
2001-01-24,18.8125,19.75,18.8125,19.5,5.785614967346191,824800,0.0,0.0
2001-01-25,19.75,19.75,19.3125,19.4375,5.767070770263672,636900,0.0,0.0
2001-01-26,19.4375,19.6875,19.3125,19.5,5.785614967346191,334900,0.0,0.0
2001-01-29,19.600000381469727,19.850000381469727,19.299999237060547,19.610000610351562,5.818253040313721,417700,0.0,0.0
2001-01-30,19.450000762939453,20.0,19.399999618530273,19.969999313354492,5.9250593185424805,569900,0.0,0.0
2001-01-31,19.969999313354492,20.75,19.399999618530273,20.209999084472656,5.996267318725586,946300,0.0,0.0
2001-02-01,20.25,20.709999084472656,19.399999618530273,20.639999389648438,6.123849391937256,734700,0.0,0.0
2001-02-02,20.549999237060547,20.719999313354492,20.260000228881836,20.559999465942383,6.100113868713379,524000,0.0,0.0
2001-02-05,20.56999969482422,21.469999313354492,20.549999237060547,21.260000228881836,6.307801723480225,673200,0.0,0.0
2001-02-06,21.260000228881836,21.299999237060547,21.010000228881836,21.020000457763672,6.236596584320068,515600,0.0,0.0
2001-02-07,21.020000457763672,21.399999618530273,21.010000228881836,21.34000015258789,6.331538677215576,556500,0.0,0.0
2001-02-08,21.34000015258789,22.200000762939453,21.34000015258789,21.8700008392334,6.4887895584106445,691700,0.0,0.0
2001-02-09,21.8700008392334,22.1200008392334,21.25,21.610000610351562,6.411643028259277,396400,0.0,0.0
2001-02-12,21.549999237060547,22.040000915527344,21.360000610351562,21.799999237060547,6.468020439147949,536700,0.0,0.0
2001-02-13,21.399999618530273,21.649999618530273,21.399999618530273,21.579999923706055,6.402743816375732,383500,0.0,0.0
2001-02-14,21.579999923706055,21.799999237060547,21.299999237060547,21.3799991607666,6.3434062004089355,518100,0.0,0.0
2001-02-15,21.1299991607666,21.799999237060547,20.0,20.90999984741211,6.203952789306641,1236600,0.0,0.0
2001-02-16,21.15999984741211,21.979999542236328,21.0,21.979999542236328,6.521426677703857,805900,0.0,0.0
2001-02-20,21.969999313354492,22.0,21.549999237060547,21.889999389648438,6.494720935821533,619700,0.0,0.0
2001-02-21,21.8799991607666,23.0,21.6299991607666,22.829999923706055,6.773618221282959,1369800,0.0,0.0
2001-02-22,22.75,23.0,22.459999084472656,22.950000762939453,6.809218406677246,2022500,0.0,0.0
2001-02-23,22.899999618530273,22.899999618530273,21.450000762939453,21.75,6.453186511993408,631500,0.0,0.0
2001-02-26,22.0,22.899999618530273,21.549999237060547,22.56999969482422,6.696478366851807,816800,0.0,0.0
2001-02-27,22.700000762939453,22.84000015258789,22.350000381469727,22.549999237060547,6.690541744232178,638000,0.0,0.0
2001-02-28,22.799999237060547,22.979999542236328,22.350000381469727,22.700000762939453,6.73504638671875,762400,0.0,0.0
2001-03-01,23.100000381469727,23.899999618530273,22.799999237060547,23.639999389648438,7.013941287994385,1121300,0.0,0.0
2001-03-02,23.799999237060547,23.889999389648438,22.700000762939453,23.1299991607666,6.862626075744629,939500,0.0,0.0
2001-03-05,23.0,23.25,22.600000381469727,22.780000686645508,6.758782386779785,759200,0.0,0.0
2001-03-06,22.75,23.0,22.399999618530273,22.540000915527344,6.6875762939453125,628900,0.0,0.0
2001-03-07,22.540000915527344,23.15999984741211,22.399999618530273,22.739999771118164,6.746912956237793,471600,0.0,0.0
2001-03-08,22.950000762939453,23.420000076293945,22.93000030517578,23.420000076293945,6.948670387268066,440100,0.0,0.0
2001-03-09,23.049999237060547,23.75,22.809999465942383,23.399999618530273,6.9427361488342285,442900,0.0,0.0
2001-03-12,23.399999618530273,23.489999771118164,22.780000686645508,22.8700008392334,6.785486698150635,428300,0.0,0.0
2001-03-13,22.75,22.940000534057617,22.049999237060547,22.489999771118164,6.672741413116455,552900,0.0,0.0
2001-03-14,21.5,22.0,21.399999618530273,21.8799991607666,6.491752624511719,488300,0.0,0.0
2001-03-15,21.799999237060547,22.350000381469727,21.479999542236328,22.260000228881836,6.604504108428955,391900,0.0,0.0
2001-03-16,21.0,22.3799991607666,21.0,21.940000534057617,6.521278381347656,1122600,0.04,0.0
2001-03-19,21.950000762939453,22.309999465942383,21.760000228881836,21.969999313354492,6.53018856048584,426500,0.0,0.0
2001-03-20,21.950000762939453,21.950000762939453,21.31999969482422,21.420000076293945,6.366715431213379,403900,0.0,0.0
2001-03-21,21.200000762939453,21.350000381469727,20.799999237060547,21.030000686645508,6.250795364379883,378600,0.0,0.0
2001-03-22,20.5,21.149999618530273,20.34000015258789,21.06999969482422,6.262683868408203,896400,0.0,0.0
2001-03-23,21.06999969482422,21.299999237060547,20.329999923706055,21.290000915527344,6.328073024749756,614300,0.0,0.0
2001-03-26,21.290000915527344,21.440000534057617,21.0,21.299999237060547,6.331046104431152,533400,0.0,0.0
2001-03-27,21.25,21.540000915527344,21.209999084472656,21.540000915527344,6.402379989624023,503800,0.0,0.0
2001-03-28,21.5,21.799999237060547,21.020000457763672,21.1200008392334,6.277546405792236,436700,0.0,0.0
2001-03-29,17.75,18.399999618530273,17.75,18.100000381469727,5.379904270172119,2971300,0.0,0.0
2001-03-30,18.100000381469727,18.100000381469727,17.670000076293945,17.780000686645508,5.284789085388184,1249900,0.0,0.0
2001-04-02,17.780000686645508,17.93000030517578,17.649999618530273,17.780000686645508,5.284789085388184,1147600,0.0,0.0
2001-04-03,17.850000381469727,17.899999618530273,16.81999969482422,16.899999618530273,5.023226261138916,840400,0.0,0.0
2001-04-04,16.8700008392334,16.940000534057617,16.299999237060547,16.600000381469727,4.934054851531982,1104800,0.0,0.0
2001-04-05,16.799999237060547,16.799999237060547,16.0,16.260000228881836,4.83299446105957,3473200,0.0,0.0
2001-04-06,16.200000762939453,16.25,16.010000228881836,16.200000762939453,4.8151655197143555,2054200,0.0,0.0
2001-04-09,16.200000762939453,16.350000381469727,16.06999969482422,16.209999084472656,4.8181352615356445,1200900,0.0,0.0
2001-04-10,16.450000762939453,16.540000915527344,16.329999923706055,16.5,4.904333591461182,1498900,0.0,0.0
2001-04-11,16.299999237060547,16.700000762939453,15.880000114440918,16.360000610351562,4.86271858215332,3343300,0.0,0.0
2001-04-12,16.360000610351562,16.850000381469727,16.100000381469727,16.850000381469727,5.008366107940674,2081100,0.0,0.0
2001-04-16,16.899999618530273,18.399999618530273,16.899999618530273,17.899999618530273,5.3204569816589355,1718800,0.0,0.0
2001-04-17,17.700000762939453,17.889999389648438,17.600000381469727,17.8700008392334,5.311539173126221,706200,0.0,0.0
2001-04-18,17.6299991607666,18.299999237060547,17.59000015258789,18.170000076293945,5.40070915222168,573200,0.0,0.0
2001-04-19,18.700000762939453,18.75,17.600000381469727,17.899999618530273,5.3204569816589355,750500,0.0,0.0
2001-04-20,17.75,18.1299991607666,17.5,17.940000534057617,5.3323469161987305,713900,0.0,0.0
2001-04-23,18.350000381469727,18.649999618530273,18.09000015258789,18.200000762939453,5.40962553024292,670900,0.0,0.0
2001-04-24,18.399999618530273,18.600000381469727,18.270000457763672,18.280000686645508,5.433406352996826,337800,0.0,0.0
2001-04-25,18.149999618530273,18.75,18.0,18.3799991607666,5.463128566741943,312700,0.0,0.0
2001-04-26,18.1299991607666,18.25,17.899999618530273,18.010000228881836,5.353153228759766,1094900,0.0,0.0
2001-04-27,18.010000228881836,18.68000030517578,18.0,18.6299991607666,5.537436008453369,851700,0.0,0.0
2001-04-30,18.6299991607666,18.729999542236328,18.100000381469727,18.1299991607666,5.388819217681885,535300,0.0,0.0
2001-05-01,18.049999237060547,18.670000076293945,18.049999237060547,18.56999969482422,5.519603729248047,473400,0.0,0.0
2001-05-02,18.31999969482422,18.43000030517578,17.5,18.030000686645508,5.359097480773926,854400,0.0,0.0
2001-05-03,18.0,18.100000381469727,17.399999618530273,17.610000610351562,5.234260559082031,426700,0.0,0.0
2001-05-04,17.299999237060547,17.989999771118164,17.25,17.850000381469727,5.3055949211120605,394400,0.0,0.0
2001-05-07,17.799999237060547,18.25,17.600000381469727,18.0,5.350181579589844,820400,0.0,0.0
2001-05-08,17.75,18.299999237060547,17.200000762939453,17.709999084472656,5.263983726501465,862600,0.0,0.0
2001-05-09,17.75,17.84000015258789,17.309999465942383,17.399999618530273,5.171841621398926,444200,0.0,0.0
2001-05-10,17.700000762939453,17.700000762939453,17.100000381469727,17.15999984741211,5.100505352020264,504400,0.0,0.0
2001-05-11,17.350000381469727,17.489999771118164,17.1200008392334,17.3799991607666,5.165897369384766,352800,0.0,0.0
2001-05-14,17.3799991607666,17.700000762939453,17.270000457763672,17.610000610351562,5.234260559082031,532800,0.0,0.0
2001-05-15,17.450000762939453,17.809999465942383,17.420000076293945,17.610000610351562,5.234260559082031,337500,0.0,0.0
2001-05-16,17.399999618530273,18.299999237060547,17.299999237060547,18.139999389648438,5.3917951583862305,371600,0.0,0.0
2001-05-17,18.350000381469727,18.350000381469727,17.799999237060547,17.8799991607666,5.314511775970459,289800,0.0,0.0
2001-05-18,17.8799991607666,17.959999084472656,17.600000381469727,17.959999084472656,5.338292121887207,397000,0.0,0.0
2001-05-21,17.899999618530273,17.950000762939453,17.25,17.530000686645508,5.210481643676758,511300,0.0,0.0
2001-05-22,17.540000915527344,17.540000915527344,17.06999969482422,17.15999984741211,5.100505352020264,599400,0.0,0.0
2001-05-23,17.200000762939453,17.200000762939453,16.75,16.969999313354492,5.04403018951416,920300,0.0,0.0
2001-05-24,17.0,17.15999984741211,16.899999618530273,17.09000015258789,5.079700946807861,462400,0.0,0.0
2001-05-25,17.100000381469727,17.190000534057617,16.90999984741211,16.969999313354492,5.04403018951416,437200,0.0,0.0
2001-05-29,16.719999313354492,16.950000762939453,16.579999923706055,16.889999389648438,5.0202531814575195,1406500,0.0,0.0
2001-05-30,16.950000762939453,17.149999618530273,16.700000762939453,16.739999771118164,4.9756693840026855,681800,0.0,0.0
2001-05-31,16.850000381469727,16.979999542236328,16.549999237060547,16.68000030517578,4.957834243774414,462300,0.0,0.0
2001-06-01,16.899999618530273,17.149999618530273,16.610000610351562,17.020000457763672,5.058892250061035,585000,0.0,0.0
2001-06-04,17.0,17.010000228881836,16.649999618530273,16.889999389648438,5.0202531814575195,362200,0.0,0.0
2001-06-05,16.850000381469727,17.0,16.75,16.850000381469727,5.008366107940674,617100,0.0,0.0
2001-06-06,16.979999542236328,17.149999618530273,16.729999542236328,17.0,5.052947044372559,1007900,0.0,0.0
2001-06-07,17.049999237060547,17.149999618530273,16.899999618530273,17.059999465942383,5.070781230926514,1044100,0.0,0.0
2001-06-08,17.020000457763672,17.149999618530273,17.010000228881836,17.100000381469727,5.08267068862915,346800,0.0,0.0
2001-06-11,17.100000381469727,17.100000381469727,16.93000030517578,16.950000762939453,5.038087368011475,465200,0.0,0.0
2001-06-12,16.899999618530273,17.0,16.75,16.81999969482422,4.99944543838501,2791200,0.0,0.0
2001-06-13,16.81999969482422,16.989999771118164,16.65999984741211,16.799999237060547,4.993502140045166,354100,0.0,0.0
2001-06-14,16.829999923706055,16.829999923706055,16.360000610351562,16.389999389648438,4.8716349601745605,408300,0.0,0.0
2001-06-15,16.25,16.549999237060547,16.200000762939453,16.219999313354492,4.832900524139404,947200,0.04,0.0
2001-06-18,16.229999542236328,16.229999542236328,15.899999618530273,15.920000076293945,4.7435150146484375,469000,0.0,0.0
2001-06-19,16.0,16.09000015258789,15.800000190734863,16.0,4.767350196838379,581500,0.0,0.0
2001-06-20,16.0,16.200000762939453,15.899999618530273,16.0,4.767350196838379,468000,0.0,0.0
2001-06-21,15.949999809265137,16.25,15.869999885559082,16.209999084472656,4.829922199249268,595900,0.0,0.0
2001-06-22,16.209999084472656,16.229999542236328,15.899999618530273,16.049999237060547,4.782247066497803,637400,0.0,0.0
2001-06-25,16.18000030517578,16.389999389648438,16.100000381469727,16.299999237060547,4.856736660003662,575600,0.0,0.0
2001-06-26,16.100000381469727,16.25,16.0,16.049999237060547,4.782247066497803,907400,0.0,0.0
2001-06-27,16.0,16.25,15.949999809265137,16.219999313354492,4.832900524139404,476400,0.0,0.0
2001-06-28,16.25,16.75,16.25,16.600000381469727,4.946126461029053,617300,0.0,0.0
2001-06-29,16.850000381469727,16.850000381469727,16.350000381469727,16.350000381469727,4.87163782119751,1110700,0.0,0.0
2001-07-02,16.399999618530273,16.65999984741211,16.270000457763672,16.559999465942383,4.934206485748291,739200,0.0,0.0
2001-07-03,16.600000381469727,16.829999923706055,16.450000762939453,16.760000228881836,4.99379825592041,309300,0.0,0.0
2001-07-05,16.700000762939453,16.899999618530273,16.510000228881836,16.600000381469727,4.946126461029053,436600,0.0,0.0
2001-07-06,16.649999618530273,16.81999969482422,16.450000762939453,16.649999618530273,4.961023807525635,937800,0.0,0.0
2001-07-09,16.700000762939453,16.979999542236328,16.700000762939453,16.8700008392334,5.026574611663818,817900,0.0,0.0
2001-07-10,16.860000610351562,16.950000762939453,16.799999237060547,16.860000610351562,5.023596286773682,692500,0.0,0.0
2001-07-11,17.149999618530273,18.600000381469727,16.969999313354492,17.850000381469727,5.318575859069824,3266300,0.0,0.0
2001-07-12,17.850000381469727,17.93000030517578,17.549999237060547,17.719999313354492,5.279839515686035,1819800,0.0,0.0
2001-07-13,17.719999313354492,17.850000381469727,17.59000015258789,17.75,5.288778305053711,406100,0.0,0.0
2001-07-16,17.75,17.850000381469727,17.549999237060547,17.729999542236328,5.282818794250488,548600,0.0,0.0
2001-07-17,17.100000381469727,17.25,15.050000190734863,15.050000190734863,4.484289169311523,3442000,0.0,0.0
2001-07-18,15.149999618530273,15.5,15.149999618530273,15.260000228881836,4.546860218048096,1278300,0.0,0.0
2001-07-19,15.260000228881836,15.40999984741211,14.970000267028809,15.069999694824219,4.490248680114746,781200,0.0,0.0
2001-07-20,15.069999694824219,15.449999809265137,15.0,15.350000381469727,4.573678016662598,907700,0.0,0.0
2001-07-23,15.199999809265137,15.399999618530273,14.630000114440918,14.630000114440918,4.359147071838379,904100,0.0,0.0
2001-07-24,14.850000381469727,14.850000381469727,14.5,14.550000190734863,4.33530855178833,611000,0.0,0.0
2001-07-25,14.699999809265137,14.880000114440918,14.59000015258789,14.869999885559082,4.430656909942627,802900,0.0,0.0
2001-07-26,14.850000381469727,14.949999809265137,14.699999809265137,14.930000305175781,4.448531150817871,404800,0.0,0.0
2001-07-27,14.829999923706055,14.850000381469727,14.420000076293945,14.489999771118164,4.317431926727295,512800,0.0,0.0
2001-07-30,14.550000190734863,14.600000381469727,14.149999618530273,14.399999618530273,4.290616035461426,814000,0.0,0.0
2001-07-31,14.5,14.970000267028809,14.399999618530273,14.619999885559082,4.356167793273926,800700,0.0,0.0
2001-08-01,14.720000267028809,14.729999542236328,14.069999694824219,14.09000015258789,4.198246955871582,648100,0.0,0.0
2001-08-02,14.149999618530273,14.600000381469727,14.010000228881836,14.579999923706055,4.344249248504639,1307500,0.0,0.0
2001-08-03,14.5,14.6899995803833,14.25,14.399999618530273,4.290616035461426,462400,0.0,0.0
2001-08-06,14.399999618530273,14.550000190734863,14.279999732971191,14.40999984741211,4.293595314025879,335200,0.0,0.0
2001-08-07,14.399999618530273,14.75,14.350000381469727,14.729999542236328,4.388942241668701,597400,0.0,0.0
2001-08-08,14.729999542236328,15.25,14.649999618530273,15.0,4.469391345977783,947600,0.0,0.0
2001-08-09,15.300000190734863,15.300000190734863,14.90999984741211,15.0,4.469391345977783,2817000,0.0,0.0
2001-08-10,14.949999809265137,15.079999923706055,14.930000305175781,15.0,4.469391345977783,824600,0.0,0.0
2001-08-13,15.0,15.25,14.899999618530273,14.989999771118164,4.4664130210876465,472000,0.0,0.0
2001-08-14,15.0,15.199999809265137,14.949999809265137,14.979999542236328,4.4634318351745605,297400,0.0,0.0
2001-08-15,15.079999923706055,15.300000190734863,14.90999984741211,15.130000114440918,4.5081257820129395,538900,0.0,0.0
2001-08-16,15.130000114440918,15.369999885559082,15.050000190734863,15.289999961853027,4.555799961090088,644600,0.0,0.0
2001-08-17,15.149999618530273,15.420000076293945,15.010000228881836,15.34000015258789,4.5706963539123535,359200,0.0,0.0
2001-08-20,15.34000015258789,15.399999618530273,15.220000267028809,15.25,4.543881416320801,255200,0.0,0.0
2001-08-21,15.229999542236328,15.229999542236328,14.850000381469727,14.920000076293945,4.445554256439209,792900,0.0,0.0
2001-08-22,14.949999809265137,15.050000190734863,14.760000228881836,14.920000076293945,4.445554256439209,450500,0.0,0.0
2001-08-23,14.850000381469727,15.0,14.789999961853027,14.859999656677246,4.427677631378174,485700,0.0,0.0
2001-08-24,14.850000381469727,15.479999542236328,14.800000190734863,15.399999618530273,4.588576316833496,589800,0.0,0.0
2001-08-27,15.399999618530273,15.600000381469727,15.25,15.3100004196167,4.561759948730469,362700,0.0,0.0
2001-08-28,15.25,15.470000267028809,15.100000381469727,15.25,4.543881416320801,464000,0.0,0.0
2001-08-29,15.15999984741211,15.300000190734863,14.899999618530273,14.979999542236328,4.4634318351745605,348500,0.0,0.0
2001-08-30,15.050000190734863,15.149999618530273,14.989999771118164,15.050000190734863,4.484289169311523,381300,0.0,0.0
2001-08-31,14.949999809265137,15.25,14.899999618530273,15.170000076293945,4.520044803619385,372600,0.0,0.0
2001-09-04,15.149999618530273,15.579999923706055,15.100000381469727,15.449999809265137,4.60347318649292,630500,0.0,0.0
2001-09-05,15.25,15.739999771118164,15.069999694824219,15.510000228881836,4.621350288391113,627400,0.0,0.0
2001-09-06,15.75,15.75,15.220000267028809,15.300000190734863,4.558780670166016,656800,0.0,0.0
2001-09-07,15.170000076293945,15.270000457763672,15.0,15.0600004196167,4.487268924713135,687700,0.0,0.0
2001-09-10,15.0,15.609999656677246,14.979999542236328,15.550000190734863,4.6332688331604,713200,0.0,0.0
2001-09-17,14.5,15.15999984741211,14.479999542236328,15.050000190734863,4.484289169311523,906000,0.0,0.0
2001-09-18,14.800000190734863,15.180000305175781,14.729999542236328,15.029999732971191,4.478329181671143,452200,0.0,0.0
2001-09-19,14.930000305175781,15.279999732971191,14.630000114440918,15.149999618530273,4.5140838623046875,1066700,0.0,0.0
2001-09-20,15.0,15.039999961853027,14.600000381469727,14.600000381469727,4.350209712982178,1072200,0.0,0.0
2001-09-21,13.75,14.710000038146973,13.460000038146973,14.600000381469727,4.350209712982178,1386000,0.0,0.0
2001-09-24,14.609999656677246,15.199999809265137,14.609999656677246,15.199999809265137,4.528982162475586,605400,0.0,0.0
2001-09-25,15.199999809265137,15.449999809265137,14.899999618530273,15.029999732971191,4.478329181671143,608100,0.0,0.0
2001-09-26,15.039999961853027,15.079999923706055,14.399999618530273,14.609999656677246,4.353185653686523,432500,0.0,0.0
2001-09-27,14.729999542236328,15.010000228881836,14.6899995803833,14.970000267028809,4.460452079772949,525700,0.0,0.0
2001-09-28,15.199999809265137,15.430000305175781,14.829999923706055,15.34000015258789,4.5706963539123535,714700,0.0,0.0
2001-10-01,15.25,15.25,14.75,14.850000381469727,4.42469596862793,572500,0.0,0.0
2001-10-02,15.199999809265137,15.25,14.819999694824219,15.0,4.469391345977783,664300,0.0,0.0
2001-10-03,14.899999618530273,15.0,14.800000190734863,14.949999809265137,4.454493045806885,501400,0.0,0.0
2001-10-04,15.399999618530273,15.399999618530273,14.819999694824219,14.850000381469727,4.42469596862793,697800,0.0,0.0
2001-10-05,14.899999618530273,15.359999656677246,14.880000114440918,15.359999656677246,4.576657772064209,751800,0.0,0.0
2001-10-08,15.5,15.90999984741211,15.25,15.90999984741211,4.740533351898193,845700,0.0,0.0
2001-10-09,15.90999984741211,16.309999465942383,15.800000190734863,16.260000228881836,4.844819068908691,1084100,0.0,0.0
2001-10-10,16.200000762939453,16.600000381469727,16.059999465942383,16.31999969482422,4.862697124481201,509100,0.0,0.0
2001-10-11,16.56999969482422,16.700000762939453,16.190000534057617,16.190000534057617,4.82396125793457,635800,0.0,0.0
2001-10-12,16.049999237060547,16.149999618530273,15.699999809265137,15.949999809265137,4.752450942993164,424400,0.0,0.0
2001-10-15,15.949999809265137,15.979999542236328,15.699999809265137,15.850000381469727,4.722657203674316,646000,0.0,0.0
2001-10-16,16.049999237060547,16.979999542236328,16.030000686645508,16.829999923706055,5.0146565437316895,1653400,0.0,0.0
2001-10-17,16.950000762939453,17.450000762939453,16.829999923706055,17.280000686645508,5.14873743057251,1269600,0.0,0.0
2001-10-18,17.5,18.1200008392334,17.450000762939453,17.850000381469727,5.318575859069824,2012200,0.0,0.0
2001-10-19,17.899999618530273,18.049999237060547,17.5,17.559999465942383,5.232165813446045,3272700,0.0,0.0
2001-10-22,18.0,18.0,17.719999313354492,17.979999542236328,5.357310771942139,1354200,0.0,0.0
2001-10-23,18.0,18.25,17.8700008392334,17.899999618530273,5.333474159240723,1524900,0.0,0.0
2001-10-24,17.950000762939453,18.489999771118164,17.889999389648438,18.360000610351562,5.470533847808838,760100,0.0,0.0
2001-10-25,18.149999618530273,19.010000228881836,18.06999969482422,19.0,5.661230087280273,1106500,0.0,0.0
2001-10-26,19.0,19.229999542236328,18.8799991607666,18.979999542236328,5.655269145965576,995700,0.0,0.0
2001-10-29,18.899999618530273,18.90999984741211,18.600000381469727,18.799999237060547,5.6016364097595215,620300,0.0,0.0
2001-10-30,18.950000762939453,18.950000762939453,18.489999771118164,18.600000381469727,5.542045593261719,936800,0.0,0.0
2001-10-31,18.5,18.649999618530273,18.25,18.350000381469727,5.467553615570068,908100,0.0,0.0
2001-11-01,18.350000381469727,19.079999923706055,18.25,19.0,5.661230087280273,1200600,0.0,0.0
2001-11-02,19.0,19.049999237060547,18.829999923706055,18.969999313354492,5.652289390563965,933200,0.0,0.0
2001-11-05,18.979999542236328,19.149999618530273,18.899999618530273,19.049999237060547,5.676126480102539,503300,0.0,0.0
2001-11-06,18.950000762939453,19.0,18.899999618530273,18.989999771118164,5.658248424530029,642500,0.0,0.0
2001-11-07,19.0,19.469999313354492,18.950000762939453,19.110000610351562,5.694003582000732,1285200,0.0,0.0
2001-11-08,19.149999618530273,19.43000030517578,19.149999618530273,19.3799991607666,5.774453163146973,691200,0.0,0.0
2001-11-09,19.299999237060547,19.299999237060547,19.010000228881836,19.15999984741211,5.708899974822998,432500,0.0,0.0
2001-11-12,18.90999984741211,19.190000534057617,18.729999542236328,19.139999389648438,5.702941417694092,627000,0.0,0.0
2001-11-13,19.100000381469727,19.290000915527344,18.989999771118164,19.1200008392334,5.696985721588135,1110400,0.0,0.0
2001-11-14,19.1200008392334,19.149999618530273,19.0,19.079999923706055,5.685064792633057,531500,0.0,0.0
2001-11-15,19.0,19.06999969482422,18.549999237060547,18.790000915527344,5.598660469055176,758900,0.0,0.0
2001-11-16,18.950000762939453,19.06999969482422,18.6200008392334,18.75,5.586737632751465,2613500,0.0,0.0
2001-11-19,18.850000381469727,18.850000381469727,18.510000228881836,18.799999237060547,5.6016364097595215,454500,0.0,0.0
2001-11-20,18.649999618530273,18.649999618530273,17.940000534057617,18.030000686645508,5.3722076416015625,1691800,0.0,0.0
2001-11-21,18.100000381469727,18.100000381469727,17.65999984741211,17.93000030517578,5.342411518096924,775000,0.0,0.0
2001-11-23,17.75,17.899999618530273,17.6200008392334,17.889999389648438,5.330493927001953,258700,0.0,0.0
2001-11-26,17.899999618530273,17.93000030517578,17.780000686645508,17.899999618530273,5.333474159240723,450000,0.0,0.0
2001-11-27,17.700000762939453,17.700000762939453,17.209999084472656,17.399999618530273,5.1844940185546875,834100,0.0,0.0
2001-11-28,17.399999618530273,17.399999618530273,16.969999313354492,17.0,5.065309047698975,1160300,0.0,0.0
2001-11-29,17.100000381469727,17.18000030517578,16.969999313354492,17.079999923706055,5.101149559020996,757900,0.04,0.0
2001-11-30,17.079999923706055,17.579999923706055,17.059999465942383,17.450000762939453,5.211655139923096,881400,0.0,0.0
2001-12-03,17.200000762939453,17.209999084472656,16.75,17.020000457763672,5.0832295417785645,1207200,0.0,0.0
2001-12-04,17.399999618530273,18.149999618530273,17.299999237060547,17.8700008392334,5.33709192276001,2613100,0.0,0.0
2001-12-05,20.0,20.1200008392334,19.40999984741211,19.5,5.82391357421875,5233100,0.0,0.0
2001-12-06,19.549999237060547,19.549999237060547,18.5,19.0,5.674582004547119,1667100,0.0,0.0
2001-12-07,19.25,19.690000534057617,19.170000076293945,19.479999542236328,5.817939758300781,1432900,0.0,0.0
2001-12-10,19.549999237060547,19.600000381469727,19.209999084472656,19.280000686645508,5.758204460144043,535700,0.0,0.0
2001-12-11,19.1299991607666,19.290000915527344,19.100000381469727,19.260000228881836,5.752233505249023,789900,0.0,0.0
2001-12-12,19.200000762939453,19.389999389648438,19.149999618530273,19.290000915527344,5.7611918449401855,503000,0.0,0.0
2001-12-13,19.290000915527344,19.3799991607666,19.110000610351562,19.139999389648438,5.7163920402526855,459200,0.0,0.0
2001-12-14,19.100000381469727,19.239999771118164,19.0,19.0,5.674582004547119,603000,0.0,0.0
2001-12-17,19.0,19.25,18.8799991607666,19.110000610351562,5.707433223724365,678800,0.0,0.0
2001-12-18,19.100000381469727,19.149999618530273,19.040000915527344,19.139999389648438,5.7163920402526855,332000,0.0,0.0
2001-12-19,19.049999237060547,19.299999237060547,19.0,19.190000534057617,5.731327056884766,721900,0.0,0.0
2001-12-20,19.25,19.299999237060547,19.030000686645508,19.200000762939453,5.734310150146484,478100,0.0,0.0
2001-12-21,19.299999237060547,19.469999313354492,19.059999465942383,19.270000457763672,5.755220413208008,1133900,0.0,0.0
2001-12-24,19.25,19.25,19.149999618530273,19.18000030517578,5.728340148925781,118600,0.0,0.0
2001-12-26,19.0,19.43000030517578,19.0,19.219999313354492,5.740285873413086,474400,0.0,0.0
2001-12-27,19.450000762939453,19.469999313354492,19.040000915527344,19.239999771118164,5.74625825881958,289100,0.0,0.0
2001-12-28,19.239999771118164,19.299999237060547,18.959999084472656,19.100000381469727,5.704446315765381,574700,0.0,0.0
2001-12-31,19.09000015258789,19.25,18.920000076293945,18.940000534057617,5.656660079956055,452300,0.0,0.0
2002-01-02,18.799999237060547,19.40999984741211,18.469999313354492,19.3799991607666,5.788069725036621,1146700,0.0,0.0
2002-01-03,19.479999542236328,19.5,19.25,19.489999771118164,5.820925235748291,880700,0.0,0.0
2002-01-04,19.489999771118164,19.850000381469727,19.350000381469727,19.770000457763672,5.904550075531006,1194200,0.0,0.0
2002-01-07,19.600000381469727,19.600000381469727,19.360000610351562,19.389999389648438,5.791057109832764,1035100,0.0,0.0
2002-01-08,19.389999389648438,19.450000762939453,19.059999465942383,19.290000915527344,5.7611918449401855,903900,0.0,0.0
2002-01-09,19.350000381469727,19.5,19.079999923706055,19.200000762939453,5.734310150146484,923300,0.0,0.0
2002-01-10,19.239999771118164,19.329999923706055,19.0,19.100000381469727,5.704446315765381,811200,0.0,0.0
2002-01-11,19.299999237060547,19.299999237060547,19.1200008392334,19.170000076293945,5.7253546714782715,712300,0.0,0.0
2002-01-14,19.170000076293945,19.809999465942383,19.100000381469727,19.530000686645508,5.83287239074707,1148400,0.0,0.0
2002-01-15,19.6299991607666,19.989999771118164,19.59000015258789,19.950000762939453,5.958309650421143,1003100,0.0,0.0
2002-01-16,19.899999618530273,19.989999771118164,19.84000015258789,19.8799991607666,5.937403678894043,1089700,0.0,0.0
2002-01-17,19.700000762939453,20.079999923706055,19.700000762939453,20.030000686645508,5.982204437255859,1616800,0.0,0.0
2002-01-18,19.950000762939453,20.100000381469727,19.90999984741211,20.020000457763672,5.979216575622559,1199100,0.0,0.0
2002-01-22,20.020000457763672,20.670000076293945,20.010000228881836,20.450000762939453,6.107641220092773,1642500,0.0,0.0
2002-01-23,20.5,20.5,18.0,18.299999237060547,5.465516567230225,5953100,0.0,0.0
2002-01-24,18.0,18.0,15.989999771118164,16.829999923706055,5.026484489440918,5556900,0.0,0.0
2002-01-25,16.829999923706055,16.829999923706055,16.100000381469727,16.649999618530273,4.972723960876465,3352500,0.0,0.0
2002-01-28,16.649999618530273,16.959999084472656,16.639999389648438,16.799999237060547,5.017524719238281,1755300,0.0,0.0
2002-01-29,16.799999237060547,16.850000381469727,16.059999465942383,16.1299991607666,4.817419528961182,1821800,0.0,0.0
2002-01-30,16.18000030517578,16.25,15.9399995803833,16.149999618530273,4.823390483856201,1512900,0.0,0.0
2002-01-31,16.149999618530273,16.25,16.059999465942383,16.25,4.8532586097717285,1302000,0.0,0.0
2002-02-01,16.25,16.25,15.970000267028809,16.170000076293945,4.829367637634277,1862600,0.0,0.0
2002-02-04,16.18000030517578,16.850000381469727,16.139999389648438,16.350000381469727,4.883127689361572,1841400,0.0,0.0
2002-02-05,16.110000610351562,16.770000457763672,16.110000610351562,16.520000457763672,4.933899879455566,1028900,0.0,0.0
2002-02-06,16.520000457763672,16.959999084472656,16.450000762939453,16.920000076293945,5.053363800048828,2255600,0.0,0.0
2002-02-07,16.8799991607666,16.889999389648438,16.649999618530273,16.700000762939453,4.98765754699707,1225200,0.0,0.0
2002-02-08,16.5,16.68000030517578,16.280000686645508,16.450000762939453,4.912993431091309,710200,0.0,0.0
2002-02-11,16.5,16.860000610351562,16.420000076293945,16.780000686645508,5.011552810668945,1020600,0.0,0.0
2002-02-12,16.530000686645508,16.899999618530273,16.450000762939453,16.739999771118164,4.999605178833008,1208600,0.0,0.0
2002-02-13,16.579999923706055,16.850000381469727,16.360000610351562,16.600000381469727,4.957792282104492,712600,0.0,0.0
2002-02-14,16.469999313354492,16.989999771118164,16.469999313354492,16.850000381469727,5.032458782196045,512200,0.0,0.0
2002-02-15,16.700000762939453,17.149999618530273,16.479999542236328,17.010000228881836,5.080242156982422,889400,0.0,0.0
2002-02-19,17.0,17.200000762939453,16.889999389648438,17.149999618530273,5.122055530548096,1167100,0.0,0.0
2002-02-20,17.149999618530273,17.5,17.030000686645508,17.440000534057617,5.208669185638428,1470600,0.0,0.0
2002-02-21,17.579999923706055,17.579999923706055,17.149999618530273,17.229999542236328,5.145949363708496,656400,0.0,0.0
2002-02-22,17.149999618530273,17.809999465942383,17.100000381469727,17.75,5.3012518882751465,970900,0.0,0.0
2002-02-25,17.75,17.969999313354492,17.559999465942383,17.809999465942383,5.3191728591918945,502500,0.0,0.0
2002-02-26,17.68000030517578,17.700000762939453,17.100000381469727,17.479999542236328,5.220613956451416,793800,0.0,0.0
2002-02-27,17.399999618530273,17.540000915527344,17.049999237060547,17.540000915527344,5.238534450531006,1033300,0.0,0.0
2002-02-28,17.540000915527344,17.829999923706055,17.34000015258789,17.43000030517578,5.205682277679443,737900,0.0,0.0
2002-03-01,17.43000030517578,17.540000915527344,17.200000762939453,17.399999618530273,5.196722507476807,632500,0.0,0.0
2002-03-04,17.399999618530273,17.399999618530273,16.850000381469727,17.170000076293945,5.128028392791748,1721800,0.0,0.0
2002-03-05,17.170000076293945,17.309999465942383,16.8700008392334,17.010000228881836,5.080242156982422,1388000,0.0,0.0
2002-03-06,17.149999618530273,17.149999618530273,17.0,17.079999923706055,5.101149559020996,1876300,0.0,0.0
2002-03-07,17.200000762939453,17.200000762939453,16.739999771118164,17.1200008392334,5.113096714019775,890900,0.0,0.0
2002-03-08,17.170000076293945,17.600000381469727,17.100000381469727,17.3700008392334,5.18776273727417,815600,0.0,0.0
2002-03-11,17.3700008392334,17.479999542236328,17.049999237060547,17.350000381469727,5.181789398193359,764600,0.0,0.0
2002-03-12,17.329999923706055,17.34000015258789,17.010000228881836,17.25,5.151920795440674,721900,0.0,0.0
2002-03-13,17.25,17.290000915527344,17.100000381469727,17.149999618530273,5.122055530548096,364700,0.0,0.0
2002-03-14,17.25,17.920000076293945,17.100000381469727,17.81999969482422,5.322157859802246,1212300,0.0,0.0
2002-03-15,17.920000076293945,17.920000076293945,17.43000030517578,17.8799991607666,5.3400774002075195,1146300,0.0,0.0
2002-03-18,17.84000015258789,17.899999618530273,17.549999237060547,17.75,5.313138008117676,329600,0.04,0.0
2002-03-19,17.75,17.850000381469727,17.399999618530273,17.530000686645508,5.247287750244141,797600,0.0,0.0
2002-03-20,17.399999618530273,17.829999923706055,17.25,17.450000762939453,5.223339557647705,537700,0.0,0.0
2002-03-21,17.450000762939453,18.0,17.399999618530273,17.829999923706055,5.337086200714111,1110500,0.0,0.0
2002-03-22,17.8799991607666,18.649999618530273,17.780000686645508,18.5,5.5376386642456055,1723000,0.0,0.0
2002-03-25,18.6200008392334,18.649999618530273,18.219999313354492,18.299999237060547,5.477772235870361,547300,0.0,0.0
2002-03-26,18.350000381469727,18.579999923706055,18.280000686645508,18.399999618530273,5.507702827453613,845000,0.0,0.0
2002-03-27,18.5,18.729999542236328,18.270000457763672,18.610000610351562,5.570566177368164,1011000,0.0,0.0
2002-03-28,18.850000381469727,19.010000228881836,18.65999984741211,18.780000686645508,5.621450424194336,1836800,0.0,0.0
2002-04-01,18.579999923706055,18.75,18.299999237060547,18.670000076293945,5.588524341583252,699000,0.0,0.0
2002-04-02,18.670000076293945,18.700000762939453,18.299999237060547,18.65999984741211,5.585530757904053,993700,0.0,0.0
2002-04-03,18.65999984741211,18.799999237060547,18.399999618530273,18.649999618530273,5.582539081573486,596900,0.0,0.0
2002-04-04,18.5,19.0,18.450000762939453,19.0,5.687304973602295,888600,0.0,0.0
2002-04-05,19.100000381469727,19.149999618530273,18.760000228881836,19.049999237060547,5.702271461486816,706500,0.0,0.0
2002-04-08,18.799999237060547,19.049999237060547,18.799999237060547,18.979999542236328,5.681315898895264,358100,0.0,0.0
2002-04-09,18.950000762939453,18.979999542236328,18.540000915527344,18.700000762939453,5.597506046295166,531700,0.0,0.0
2002-04-10,18.700000762939453,19.100000381469727,18.600000381469727,19.100000381469727,5.71723747253418,730500,0.0,0.0
2002-04-11,19.200000762939453,19.290000915527344,18.75,18.860000610351562,5.645397663116455,804800,0.0,0.0
2002-04-12,18.780000686645508,18.899999618530273,18.440000534057617,18.780000686645508,5.621450424194336,616500,0.0,0.0
2002-04-15,18.950000762939453,18.989999771118164,18.549999237060547,18.770000457763672,5.618458271026611,663700,0.0,0.0
2002-04-16,18.809999465942383,19.479999542236328,18.799999237060547,19.34000015258789,5.789074420928955,1219800,0.0,0.0
2002-04-17,19.530000686645508,19.530000686645508,19.049999237060547,19.420000076293945,5.813024997711182,1035700,0.0,0.0
2002-04-18,19.81999969482422,19.90999984741211,19.100000381469727,19.389999389648438,5.804041862487793,1278600,0.0,0.0
2002-04-19,19.399999618530273,19.950000762939453,19.100000381469727,19.950000762939453,5.971668243408203,1198800,0.0,0.0
2002-04-22,19.979999542236328,20.1299991607666,19.81999969482422,19.979999542236328,5.980653762817383,1620600,0.0,0.0
2002-04-23,19.979999542236328,20.0,19.700000762939453,19.700000762939453,5.896835803985596,1209300,0.0,0.0
2002-04-24,19.739999771118164,20.0,19.700000762939453,19.899999618530273,5.956700325012207,456200,0.0,0.0
2002-04-25,19.799999237060547,19.860000610351562,19.479999542236328,19.489999771118164,5.833976745605469,849700,0.0,0.0
2002-04-26,19.479999542236328,19.68000030517578,19.200000762939453,19.420000076293945,5.813024997711182,985500,0.0,0.0
2002-04-29,19.350000381469727,19.700000762939453,19.079999923706055,19.420000076293945,5.813024997711182,1201400,0.0,0.0
2002-04-30,19.600000381469727,19.829999923706055,19.25,19.6200008392334,5.872889518737793,785500,0.0,0.0
2002-05-01,19.649999618530273,20.229999542236328,19.459999084472656,20.139999389648438,6.028542518615723,1942200,0.0,0.0
2002-05-02,20.149999618530273,20.68000030517578,20.100000381469727,20.68000030517578,6.190182209014893,1912200,0.0,0.0
2002-05-03,20.719999313354492,20.729999542236328,20.200000762939453,20.5,6.136297225952148,954600,0.0,0.0
2002-05-06,20.450000762939453,20.899999618530273,20.420000076293945,20.68000030517578,6.190182209014893,937300,0.0,0.0
2002-05-07,20.5,20.90999984741211,20.31999969482422,20.530000686645508,6.145280838012695,839700,0.0,0.0
2002-05-08,20.43000030517578,20.700000762939453,20.149999618530273,20.649999618530273,6.1812005043029785,683800,0.0,0.0
2002-05-09,20.579999923706055,20.709999084472656,20.299999237060547,20.6299991607666,6.175213813781738,762900,0.0,0.0
2002-05-10,20.6299991607666,20.65999984741211,20.25,20.489999771118164,6.133306980133057,868900,0.0,0.0
2002-05-13,20.489999771118164,20.979999542236328,20.31999969482422,20.940000534057617,6.268006801605225,1079200,0.0,0.0
2002-05-14,21.0,21.020000457763672,20.75,20.979999542236328,6.279980659484863,994500,0.0,0.0
2002-05-15,20.979999542236328,21.06999969482422,20.799999237060547,21.06999969482422,6.306921482086182,1008700,0.0,0.0
2002-05-16,21.219999313354492,21.84000015258789,21.200000762939453,21.719999313354492,6.501486301422119,1214600,0.0,0.0
2002-05-17,21.719999313354492,22.440000534057617,21.6200008392334,22.43000030517578,6.714013576507568,2023900,0.0,0.0
2002-05-20,22.420000076293945,22.6299991607666,22.049999237060547,22.219999313354492,6.651149749755859,2026700,0.0,0.0
2002-05-21,22.200000762939453,22.440000534057617,22.06999969482422,22.360000610351562,6.693058967590332,1586800,0.0,0.0
2002-05-22,22.479999542236328,22.75,22.299999237060547,22.670000076293945,6.785850524902344,1006200,0.0,0.0
2002-05-23,22.670000076293945,22.899999618530273,22.600000381469727,22.75,6.8097991943359375,1573600,0.0,0.0
2002-05-24,22.75,22.799999237060547,22.450000762939453,22.549999237060547,6.749929428100586,1034000,0.0,0.0
2002-05-28,22.25,22.450000762939453,21.899999618530273,21.979999542236328,6.5793137550354,1750800,0.0,0.0
2002-05-29,21.979999542236328,21.979999542236328,21.40999984741211,21.40999984741211,6.408694744110107,2114800,0.0,0.0
2002-05-30,21.200000762939453,22.079999923706055,21.200000762939453,21.6200008392334,6.471555233001709,1278600,0.0,0.0
2002-05-31,21.6200008392334,22.15999984741211,21.549999237060547,21.75,6.510468006134033,794600,0.0,0.0
2002-06-03,21.799999237060547,22.06999969482422,21.420000076293945,21.719999313354492,6.501486301422119,579500,0.0,0.0
2002-06-04,21.600000381469727,21.600000381469727,20.700000762939453,20.899999618530273,6.256034851074219,1541500,0.0,0.0
2002-06-05,20.649999618530273,21.200000762939453,20.600000381469727,21.18000030517578,6.339847564697266,1525500,0.0,0.0
2002-06-06,21.200000762939453,21.299999237060547,20.850000381469727,20.860000610351562,6.2440619468688965,706800,0.0,0.0
2002-06-07,20.950000762939453,21.309999465942383,20.770000457763672,21.100000381469727,6.315898895263672,1278400,0.0,0.0
2002-06-10,21.049999237060547,21.43000030517578,20.950000762939453,21.200000762939453,6.345836162567139,839600,0.0,0.0
2002-06-11,20.979999542236328,21.149999618530273,20.899999618530273,20.950000762939453,6.270999431610107,1088900,0.0,0.0
2002-06-12,21.200000762939453,22.079999923706055,21.06999969482422,22.079999923706055,6.609243392944336,2434300,0.0,0.0
2002-06-13,22.149999618530273,22.950000762939453,22.100000381469727,22.8700008392334,6.845720291137695,1737700,0.0,0.0
2002-06-14,22.75,22.979999542236328,22.209999084472656,22.950000762939453,6.869665145874023,1594900,0.0,0.0
2002-06-17,22.979999542236328,23.399999618530273,22.829999923706055,23.360000610351562,6.9923882484436035,1378900,0.0,0.0
2002-06-18,23.200000762939453,23.209999084472656,22.799999237060547,22.979999542236328,6.890441417694092,917400,0.04,0.0
2002-06-19,22.979999542236328,23.239999771118164,22.899999618530273,23.209999084472656,6.959407806396484,751400,0.0,0.0
2002-06-20,23.209999084472656,23.979999542236328,23.149999618530273,23.899999618530273,7.166301250457764,1420700,0.0,0.0
2002-06-21,23.450000762939453,23.969999313354492,23.450000762939453,23.81999969482422,7.1423115730285645,2503500,0.0,0.0
2002-06-24,23.790000915527344,23.969999313354492,23.479999542236328,23.649999618530273,7.091341018676758,1377800,0.0,0.0
2002-06-25,23.649999618530273,23.799999237060547,22.850000381469727,22.920000076293945,6.872452735900879,1261400,0.0,0.0
2002-06-26,22.56999969482422,23.139999389648438,22.549999237060547,22.950000762939453,6.881446361541748,1316200,0.0,0.0
2002-06-27,22.950000762939453,22.950000762939453,22.200000762939453,22.600000381469727,6.776500701904297,1910700,0.0,0.0
2002-06-28,22.600000381469727,22.850000381469727,22.079999923706055,22.079999923706055,6.620580196380615,1930300,0.0,0.0
2002-07-01,22.200000762939453,22.510000228881836,22.200000762939453,22.420000076293945,6.722529888153076,1072000,0.0,0.0
2002-07-02,22.420000076293945,22.5,21.559999465942383,21.65999984741211,6.494644641876221,1565200,0.0,0.0
2002-07-03,21.649999618530273,21.65999984741211,20.899999618530273,21.229999542236328,6.365712642669678,1373100,0.0,0.0
2002-07-05,21.329999923706055,21.3799991607666,21.09000015258789,21.31999969482422,6.392701625823975,761400,0.0,0.0
2002-07-08,21.200000762939453,21.799999237060547,21.200000762939453,21.75,6.521634101867676,1468900,0.0,0.0
2002-07-09,21.549999237060547,21.600000381469727,20.280000686645508,20.75,6.221786975860596,2254900,0.0,0.0
2002-07-10,20.649999618530273,21.040000915527344,20.610000610351562,20.649999618530273,6.191802978515625,1432400,0.0,0.0
2002-07-11,20.700000762939453,20.700000762939453,20.209999084472656,20.399999618530273,6.116841793060303,1568200,0.0,0.0
2002-07-12,20.350000381469727,20.389999389648438,19.399999618530273,19.510000228881836,5.849979877471924,875500,0.0,0.0
2002-07-15,19.5,19.799999237060547,18.770000457763672,19.799999237060547,5.936934471130371,1662000,0.0,0.0
2002-07-16,19.600000381469727,19.799999237060547,18.950000762939453,19.170000076293945,5.748033046722412,776500,0.0,0.0
2002-07-17,19.450000762939453,19.75,18.709999084472656,18.8700008392334,5.658079624176025,2001900,0.0,0.0
2002-07-18,19.100000381469727,19.299999237060547,18.200000762939453,18.360000610351562,5.505157470703125,1466500,0.0,0.0
2002-07-19,17.770000457763672,18.0,17.100000381469727,17.299999237060547,5.187322616577148,1510800,0.0,0.0
2002-07-22,17.350000381469727,18.450000762939453,17.34000015258789,18.0,5.397213935852051,2042300,0.0,0.0
2002-07-23,18.0,18.0,17.25,17.809999465942383,5.340243816375732,1422100,0.0,0.0
2002-07-24,17.850000381469727,18.0,16.8700008392334,17.56999969482422,5.268280029296875,1675400,0.0,0.0
2002-07-25,17.5,18.350000381469727,17.399999618530273,17.989999771118164,5.3942155838012695,1895300,0.0,0.0
2002-07-26,18.049999237060547,18.190000534057617,17.829999923706055,18.110000610351562,5.430198669433594,1324500,0.0,0.0
2002-07-29,18.649999618530273,19.139999389648438,18.43000030517578,19.1299991607666,5.736038684844971,1643300,0.0,0.0
2002-07-30,19.1299991607666,19.200000762939453,18.389999389648438,18.700000762939453,5.607107162475586,911100,0.0,0.0
2002-07-31,18.899999618530273,19.049999237060547,18.459999084472656,18.6200008392334,5.5831193923950195,1271500,0.0,0.0
2002-08-01,18.850000381469727,19.260000228881836,18.799999237060547,19.059999465942383,5.715051174163818,1305100,0.0,0.0
2002-08-02,19.059999465942383,19.059999465942383,18.3799991607666,18.68000030517578,5.601109981536865,981900,0.0,0.0
2002-08-05,18.899999618530273,19.09000015258789,18.84000015258789,18.899999618530273,5.667072772979736,1356100,0.0,0.0
2002-08-06,18.950000762939453,19.389999389648438,18.670000076293945,18.81999969482422,5.643087863922119,1012900,0.0,0.0
2002-08-07,18.920000076293945,19.5,18.649999618530273,19.40999984741211,5.819996356964111,917700,0.0,0.0
2002-08-08,19.75,20.360000610351562,19.450000762939453,20.360000610351562,6.1048502922058105,1008400,0.0,0.0
2002-08-09,20.360000610351562,20.579999923706055,20.149999618530273,20.25,6.071865081787109,1051000,0.0,0.0
2002-08-12,20.25,20.299999237060547,19.969999313354492,20.18000030517578,6.050878524780273,740700,0.0,0.0
2002-08-13,20.0,20.34000015258789,20.0,20.110000610351562,6.029889106750488,812100,0.0,0.0
2002-08-14,20.25,20.969999313354492,20.149999618530273,20.959999084472656,6.284757137298584,1026000,0.0,0.0
2002-08-15,20.959999084472656,21.0,20.75,21.0,6.296753883361816,1337900,0.0,0.0
2002-08-16,21.0,21.549999237060547,20.950000762939453,21.3700008392334,6.40769624710083,1536600,0.0,0.0
2002-08-19,21.6200008392334,21.6299991607666,21.010000228881836,21.5,6.446672439575195,1149300,0.0,0.0
2002-08-20,21.0,21.34000015258789,20.84000015258789,21.270000457763672,6.377706527709961,1377800,0.0,0.0
2002-08-21,21.299999237060547,21.3700008392334,20.899999618530273,21.260000228881836,6.374705791473389,924100,0.0,0.0
2002-08-22,21.399999618530273,21.469999313354492,20.989999771118164,21.25,6.371711254119873,960600,0.0,0.0
2002-08-23,21.25,21.389999389648438,20.899999618530273,20.979999542236328,6.290750503540039,736400,0.0,0.0
2002-08-26,20.979999542236328,21.25,20.799999237060547,21.15999984741211,6.344726085662842,454500,0.0,0.0
2002-08-27,21.100000381469727,21.149999618530273,20.649999618530273,21.059999465942383,6.314739227294922,608500,0.0,0.0
2002-08-28,20.719999313354492,20.729999542236328,20.049999237060547,20.270000457763672,6.07786226272583,883100,0.0,0.0
2002-08-29,20.200000762939453,20.399999618530273,20.020000457763672,20.170000076293945,6.047879219055176,465300,0.0,0.0
2002-08-30,20.040000915527344,20.530000686645508,20.0,20.209999084472656,6.059872150421143,915900,0.0,0.0
2002-09-03,19.969999313354492,19.979999542236328,19.420000076293945,19.510000228881836,5.849979877471924,1349200,0.0,0.0
2002-09-04,20.0,20.100000381469727,19.700000762939453,19.799999237060547,5.936934471130371,2169100,0.0,0.0
2002-09-05,19.809999465942383,20.020000457763672,19.399999618530273,19.850000381469727,5.951927661895752,1069000,0.0,0.0
2002-09-06,20.200000762939453,20.399999618530273,19.950000762939453,20.280000686645508,6.080861568450928,2173300,0.0,0.0
2002-09-09,20.200000762939453,20.989999771118164,20.06999969482422,20.969999313354492,6.287753105163574,1256900,0.0,0.0
2002-09-10,20.770000457763672,20.90999984741211,20.649999618530273,20.860000610351562,6.2547712326049805,531200,0.0,0.0
2002-09-11,20.899999618530273,20.969999313354492,20.68000030517578,20.709999084472656,6.209794521331787,321500,0.0,0.0
2002-09-12,20.360000610351562,20.950000762939453,20.299999237060547,20.360000610351562,6.1048502922058105,757900,0.0,0.0
2002-09-13,20.899999618530273,21.600000381469727,20.799999237060547,21.100000381469727,6.326733589172363,2159700,0.0,0.0
2002-09-16,21.25,21.84000015258789,20.799999237060547,21.780000686645508,6.530631065368652,1178700,0.0,0.0
2002-09-17,21.829999923706055,21.899999618530273,21.200000762939453,21.260000228881836,6.374705791473389,930900,0.0,0.0
2002-09-18,20.799999237060547,21.510000228881836,20.770000457763672,21.420000076293945,6.4347920417785645,605600,0.04,0.0
2002-09-19,21.049999237060547,21.229999542236328,20.719999313354492,20.729999542236328,6.227510452270508,500200,0.0,0.0
2002-09-20,20.65999984741211,21.5,20.600000381469727,21.40999984741211,6.43178653717041,1395700,0.0,0.0
2002-09-23,21.40999984741211,21.649999618530273,20.989999771118164,21.040000915527344,6.320639610290527,952300,0.0,0.0
2002-09-24,20.790000915527344,20.899999618530273,20.329999923706055,20.459999084472656,6.146396160125732,710900,0.0,0.0
2002-09-25,20.579999923706055,21.399999618530273,20.440000534057617,21.200000762939453,6.368703365325928,1017100,0.0,0.0
2002-09-26,21.190000534057617,21.43000030517578,20.729999542236328,21.43000030517578,6.437795639038086,957800,0.0,0.0
2002-09-27,21.43000030517578,21.700000762939453,21.15999984741211,21.239999771118164,6.380715847015381,911300,0.0,0.0
2002-09-30,21.049999237060547,21.700000762939453,20.920000076293945,21.239999771118164,6.380715847015381,1039400,0.0,0.0
2002-10-01,21.350000381469727,22.440000534057617,21.219999313354492,22.3700008392334,6.7201828956604,1630700,0.0,0.0
2002-10-02,22.389999389648438,22.989999771118164,22.3700008392334,22.6200008392334,6.795286178588867,2401500,0.0,0.0
2002-10-03,22.799999237060547,23.25,22.489999771118164,22.670000076293945,6.810302257537842,1495300,0.0,0.0
2002-10-04,22.670000076293945,22.950000762939453,22.389999389648438,22.700000762939453,6.8193159103393555,1037000,0.0,0.0
2002-10-07,22.899999618530273,23.100000381469727,22.200000762939453,22.200000762939453,6.66910982131958,1266700,0.0,0.0
2002-10-08,22.649999618530273,23.190000534057617,22.559999465942383,22.81999969482422,6.855364799499512,1358800,0.0,0.0
2002-10-09,22.81999969482422,23.0,22.520000457763672,22.989999771118164,6.906434059143066,1145800,0.0,0.0
2002-10-10,23.0,23.100000381469727,22.719999313354492,22.920000076293945,6.885408401489258,1292900,0.0,0.0
2002-10-11,23.030000686645508,23.030000686645508,22.270000457763672,22.40999984741211,6.73219633102417,1746500,0.0,0.0
2002-10-14,22.43000030517578,22.549999237060547,22.34000015258789,22.399999618530273,6.729194164276123,1256400,0.0,0.0
2002-10-15,22.6299991607666,23.389999389648438,22.299999237060547,23.270000457763672,6.9905500411987305,2387400,0.0,0.0
2002-10-16,23.270000457763672,23.649999618530273,21.43000030517578,21.600000381469727,6.488863945007324,3612200,0.0,0.0
2002-10-17,21.950000762939453,23.309999465942383,21.950000762939453,23.299999237060547,6.999567031860352,2420800,0.0,0.0
2002-10-18,23.299999237060547,23.979999542236328,23.020000457763672,23.8700008392334,7.170796871185303,1914200,0.0,0.0
2002-10-21,23.8799991607666,24.5,23.6299991607666,24.399999618530273,7.330014228820801,2552200,0.0,0.0
2002-10-22,24.40999984741211,24.40999984741211,22.690000534057617,23.06999969482422,6.930468559265137,2150300,0.0,0.0
2002-10-23,23.219999313354492,23.790000915527344,23.049999237060547,23.780000686645508,7.1437602043151855,1052800,0.0,0.0
2002-10-24,23.8799991607666,24.0,23.40999984741211,23.530000686645508,7.068657875061035,966000,0.0,0.0
2002-10-25,23.549999237060547,24.18000030517578,23.399999618530273,24.18000030517578,7.263921737670898,1229700,0.0,0.0
2002-10-28,24.0,24.18000030517578,23.100000381469727,23.299999237060547,6.999567031860352,998100,0.0,0.0
2002-10-29,23.049999237060547,23.5,22.75,23.450000762939453,7.044626235961914,741500,0.0,0.0
2002-10-30,23.450000762939453,23.989999771118164,23.299999237060547,23.8799991607666,7.173801898956299,1059200,0.0,0.0
2002-10-31,24.0,24.100000381469727,23.520000457763672,23.84000015258789,7.161782264709473,908600,0.0,0.0
2002-11-01,24.100000381469727,24.489999771118164,23.8700008392334,24.459999084472656,7.348039150238037,1252000,0.0,0.0
2002-11-04,24.479999542236328,24.489999771118164,23.760000228881836,23.969999313354492,7.200837135314941,1143100,0.0,0.0
2002-11-05,23.350000381469727,23.979999542236328,23.299999237060547,23.700000762939453,7.1197285652160645,989700,0.0,0.0
2002-11-06,23.270000457763672,23.450000762939453,22.600000381469727,23.049999237060547,6.924461364746094,1554800,0.0,0.0
2002-11-07,23.25,23.40999984741211,22.719999313354492,23.290000915527344,6.9965596199035645,1086300,0.0,0.0
2002-11-08,23.3799991607666,23.700000762939453,23.010000228881836,23.110000610351562,6.942485809326172,785100,0.0,0.0
2002-11-11,22.649999618530273,22.969999313354492,21.850000381469727,22.670000076293945,6.810302257537842,1959600,0.0,0.0
2002-11-12,22.799999237060547,23.0,22.260000228881836,22.440000534057617,6.741210460662842,1130900,0.0,0.0
2002-11-13,22.440000534057617,23.200000762939453,22.280000686645508,23.06999969482422,6.930468559265137,1078700,0.0,0.0
2002-11-14,23.5,23.68000030517578,23.040000915527344,23.239999771118164,6.98153829574585,631600,0.0,0.0
2002-11-15,23.239999771118164,23.549999237060547,23.0,23.479999542236328,7.053637504577637,555800,0.0,0.0
2002-11-18,23.459999084472656,23.59000015258789,22.899999618530273,22.950000762939453,6.894416332244873,798300,0.0,0.0
2002-11-19,22.450000762939453,22.950000762939453,22.450000762939453,22.649999618530273,6.804295063018799,891300,0.0,0.0
2002-11-20,22.649999618530273,22.75,22.260000228881836,22.280000686645508,6.693145275115967,1037200,0.0,0.0
2002-11-21,22.280000686645508,22.299999237060547,21.239999771118164,21.420000076293945,6.4347920417785645,1595700,0.0,0.0
2002-11-22,21.40999984741211,21.760000228881836,20.8700008392334,21.049999237060547,6.323637962341309,2013300,0.0,0.0
2002-11-25,21.049999237060547,21.079999923706055,20.299999237060547,20.600000381469727,6.188453197479248,1339100,0.0,0.0
2002-11-26,20.299999237060547,20.510000228881836,20.049999237060547,20.149999618530273,6.053271770477295,1922500,0.0,0.0
2002-11-27,21.0,21.799999237060547,20.979999542236328,21.299999237060547,6.398741245269775,2261700,0.0,0.0
2002-11-29,21.549999237060547,21.549999237060547,21.09000015258789,21.290000915527344,6.3957366943359375,521100,0.0,0.0
2002-12-02,21.5,21.610000610351562,21.450000762939453,21.600000381469727,6.501079559326172,1727800,0.04,0.0
2002-12-03,21.719999313354492,22.06999969482422,21.209999084472656,21.709999084472656,6.534184455871582,2216800,0.0,0.0
2002-12-04,21.510000228881836,21.950000762939453,21.360000610351562,21.5,6.470985412597656,930500,0.0,0.0
2002-12-05,21.75,21.81999969482422,21.389999389648438,21.809999465942383,6.564284801483154,998800,0.0,0.0
2002-12-06,21.799999237060547,22.09000015258789,21.639999389648438,21.850000381469727,6.576324462890625,1307800,0.0,0.0
2002-12-09,21.75,21.760000228881836,21.209999084472656,21.6299991607666,6.510106086730957,1132300,0.0,0.0
2002-12-10,21.549999237060547,22.040000915527344,21.31999969482422,22.040000915527344,6.633507251739502,749600,0.0,0.0
2002-12-11,21.790000915527344,21.850000381469727,21.229999542236328,21.610000610351562,6.504087924957275,924000,0.0,0.0
2002-12-12,21.459999084472656,22.010000228881836,21.3799991607666,21.670000076293945,6.522146701812744,854800,0.0,0.0
2002-12-13,21.68000030517578,21.709999084472656,21.309999465942383,21.440000534057617,6.452923774719238,1132200,0.0,0.0
2002-12-16,21.450000762939453,21.799999237060547,21.399999618530273,21.559999465942383,6.489043235778809,902000,0.0,0.0
2002-12-17,21.760000228881836,21.889999389648438,21.350000381469727,21.549999237060547,6.486030101776123,1173700,0.0,0.0
2002-12-18,21.299999237060547,21.540000915527344,21.0,21.469999313354492,6.461950778961182,546600,0.0,0.0
2002-12-19,21.5,21.610000610351562,20.950000762939453,21.049999237060547,6.335540771484375,1153500,0.0,0.0
2002-12-20,20.850000381469727,21.25,20.84000015258789,21.049999237060547,6.335540771484375,2374600,0.0,0.0
2002-12-23,21.1200008392334,21.649999618530273,21.049999237060547,21.600000381469727,6.501079559326172,841200,0.0,0.0
2002-12-24,21.6299991607666,21.700000762939453,21.170000076293945,21.43000030517578,6.449914455413818,314500,0.0,0.0
2002-12-26,21.600000381469727,21.93000030517578,21.520000457763672,21.549999237060547,6.486030101776123,518400,0.0,0.0
2002-12-27,21.75,21.75,21.399999618530273,21.459999084472656,6.458944797515869,728200,0.0,0.0
2002-12-30,21.459999084472656,21.799999237060547,21.399999618530273,21.719999313354492,6.537195205688477,477500,0.0,0.0
2002-12-31,21.719999313354492,21.950000762939453,21.600000381469727,21.719999313354492,6.537195205688477,767600,0.0,0.0
2003-01-02,21.81999969482422,22.260000228881836,21.799999237060547,22.260000228881836,6.699728012084961,778100,0.0,0.0
2003-01-03,22.360000610351562,22.600000381469727,21.84000015258789,22.110000610351562,6.654576301574707,952300,0.0,0.0
2003-01-06,22.18000030517578,22.549999237060547,22.110000610351562,22.360000610351562,6.729821681976318,776300,0.0,0.0
2003-01-07,22.700000762939453,22.75,22.030000686645508,22.15999984741211,6.669626235961914,1058400,0.0,0.0
2003-01-08,22.229999542236328,22.489999771118164,22.040000915527344,22.299999237060547,6.711763858795166,529100,0.0,0.0
2003-01-09,22.450000762939453,22.8700008392334,22.399999618530273,22.8700008392334,6.88331937789917,1040300,0.0,0.0
2003-01-10,22.469999313354492,22.979999542236328,22.360000610351562,22.65999984741211,6.820113182067871,824000,0.0,0.0
2003-01-13,22.90999984741211,22.989999771118164,22.510000228881836,22.760000228881836,6.850212097167969,848300,0.0,0.0
2003-01-14,22.530000686645508,22.969999313354492,22.530000686645508,22.969999313354492,6.913417816162109,426700,0.0,0.0
2003-01-15,22.799999237060547,22.829999923706055,22.40999984741211,22.489999771118164,6.76894998550415,687800,0.0,0.0
2003-01-16,22.809999465942383,23.0,22.75,23.0,6.922450065612793,488000,0.0,0.0
2003-01-17,23.0,23.100000381469727,22.729999542236328,23.020000457763672,6.928465366363525,731100,0.0,0.0
2003-01-21,23.270000457763672,23.299999237060547,22.709999084472656,22.739999771118164,6.84419059753418,888700,0.0,0.0
2003-01-22,22.700000762939453,23.280000686645508,22.639999389648438,22.709999084472656,6.83516263961792,795300,0.0,0.0
2003-01-23,22.979999542236328,23.110000610351562,22.75,22.829999923706055,6.871279716491699,847300,0.0,0.0
2003-01-24,22.799999237060547,22.979999542236328,22.020000457763672,22.149999618530273,6.666617393493652,671200,0.0,0.0
2003-01-27,22.100000381469727,22.280000686645508,21.59000015258789,21.780000686645508,6.555256366729736,787500,0.0,0.0
2003-01-28,22.0,22.0,21.5,21.760000228881836,6.5492353439331055,843400,0.0,0.0
2003-01-29,21.799999237060547,22.170000076293945,21.469999313354492,22.030000686645508,6.630498886108398,817400,0.0,0.0
2003-01-30,21.889999389648438,22.049999237060547,21.579999923706055,21.68000030517578,6.5251569747924805,618100,0.0,0.0
2003-01-31,21.450000762939453,22.399999618530273,21.450000762939453,22.030000686645508,6.630498886108398,1702800,0.0,0.0
2003-02-03,22.209999084472656,22.209999084472656,21.68000030517578,21.899999618530273,6.591372966766357,938400,0.0,0.0
2003-02-04,21.649999618530273,21.799999237060547,21.280000686645508,21.799999237060547,6.5612711906433105,914300,0.0,0.0
2003-02-05,21.899999618530273,22.5,21.350000381469727,21.610000610351562,6.504087924957275,728700,0.0,0.0
2003-02-06,21.350000381469727,21.459999084472656,21.049999237060547,21.170000076293945,6.371660232543945,1410400,0.0,0.0
2003-02-07,21.049999237060547,21.100000381469727,20.709999084472656,20.950000762939453,6.30544376373291,910600,0.0,0.0
2003-02-10,20.950000762939453,20.950000762939453,20.469999313354492,20.950000762939453,6.30544376373291,1024600,0.0,0.0
2003-02-11,20.979999542236328,21.149999618530273,20.510000228881836,20.809999465942383,6.263308048248291,920400,0.0,0.0
2003-02-12,20.81999969482422,20.899999618530273,20.329999923706055,20.5,6.170003890991211,1255700,0.0,0.0
2003-02-13,20.510000228881836,20.649999618530273,20.280000686645508,20.59000015258789,6.197094440460205,1325000,0.0,0.0
2003-02-14,20.520000457763672,21.09000015258789,20.5,20.979999542236328,6.3144731521606445,1079000,0.0,0.0
2003-02-18,21.100000381469727,21.329999923706055,20.790000915527344,20.979999542236328,6.3144731521606445,773400,0.0,0.0
2003-02-19,20.979999542236328,21.15999984741211,20.690000534057617,21.049999237060547,6.335540771484375,677400,0.0,0.0
2003-02-20,21.100000381469727,21.110000610351562,20.780000686645508,20.950000762939453,6.30544376373291,1226200,0.0,0.0
2003-02-21,20.950000762939453,21.260000228881836,20.6200008392334,21.0,6.320498943328857,887500,0.0,0.0
2003-02-24,20.81999969482422,20.940000534057617,20.309999465942383,20.510000228881836,6.17301607131958,1079300,0.0,0.0
2003-02-25,20.309999465942383,20.600000381469727,20.149999618530273,20.479999542236328,6.163982391357422,996100,0.0,0.0
2003-02-26,20.229999542236328,20.350000381469727,19.889999389648438,19.959999084472656,6.007479667663574,958400,0.0,0.0
2003-02-27,20.049999237060547,20.420000076293945,20.040000915527344,20.389999389648438,6.136898994445801,961200,0.0,0.0
2003-02-28,20.450000762939453,20.549999237060547,20.09000015258789,20.18000030517578,6.073695182800293,590800,0.0,0.0
2003-03-03,20.200000762939453,20.350000381469727,19.6200008392334,19.719999313354492,5.935242652893066,1068400,0.0,0.0
2003-03-04,19.670000076293945,19.670000076293945,19.0,19.110000610351562,5.751651287078857,1552100,0.0,0.0
2003-03-05,19.110000610351562,19.1200008392334,17.75,18.25,5.49281120300293,3340800,0.0,0.0
2003-03-06,17.8799991607666,18.139999389648438,17.8799991607666,18.100000381469727,5.447664260864258,2785800,0.0,0.0
2003-03-07,18.0,18.549999237060547,17.979999542236328,18.350000381469727,5.522907733917236,1306800,0.0,0.0
2003-03-10,18.299999237060547,18.479999542236328,18.059999465942383,18.309999465942383,5.510869979858398,956700,0.0,0.0
2003-03-11,18.309999465942383,18.719999313354492,18.309999465942383,18.469999313354492,5.559022903442383,827700,0.0,0.0
2003-03-12,18.479999542236328,18.709999084472656,18.360000610351562,18.649999618530273,5.613200664520264,1073300,0.0,0.0
2003-03-13,19.0,19.25,18.559999465942383,19.229999542236328,5.7877655029296875,1407000,0.0,0.0
2003-03-14,19.299999237060547,19.459999084472656,18.8700008392334,19.040000915527344,5.730579853057861,1354900,0.0,0.0
2003-03-17,19.040000915527344,19.649999618530273,18.93000030517578,19.479999542236328,5.863012313842773,1305000,0.0,0.0
2003-03-18,19.549999237060547,19.549999237060547,19.149999618530273,19.3799991607666,5.844916820526123,958000,0.04,0.0
2003-03-19,19.489999771118164,19.8799991607666,19.34000015258789,19.8799991607666,5.995710849761963,858400,0.0,0.0
2003-03-20,19.8799991607666,19.920000076293945,19.3799991607666,19.59000015258789,5.908252239227295,897200,0.0,0.0
2003-03-21,19.889999389648438,20.25,19.65999984741211,20.25,6.107302188873291,904600,0.0,0.0
2003-03-24,19.75,19.799999237060547,19.399999618530273,19.610000610351562,5.914279937744141,889900,0.0,0.0
2003-03-25,19.889999389648438,19.899999618530273,19.3799991607666,19.770000457763672,5.962536334991455,822600,0.0,0.0
2003-03-26,19.780000686645508,19.850000381469727,19.209999084472656,19.399999618530273,5.850944995880127,720700,0.0,0.0
2003-03-27,19.200000762939453,19.440000534057617,18.959999084472656,19.15999984741211,5.778563022613525,1298600,0.0,0.0
2003-03-28,18.959999084472656,19.260000228881836,18.850000381469727,18.969999313354492,5.721261501312256,922000,0.0,0.0
2003-03-31,18.719999313354492,18.989999771118164,18.440000534057617,18.690000534057617,5.636814594268799,2089000,0.0,0.0
2003-04-01,18.700000762939453,18.84000015258789,18.520000457763672,18.579999923706055,5.603641033172607,1141900,0.0,0.0
2003-04-02,19.399999618530273,20.040000915527344,19.399999618530273,19.90999984741211,6.0047607421875,2656600,0.0,0.0
2003-04-03,19.979999542236328,19.979999542236328,19.559999465942383,19.770000457763672,5.962536334991455,1144900,0.0,0.0
2003-04-04,19.770000457763672,19.940000534057617,19.670000076293945,19.8700008392334,5.992697715759277,945100,0.0,0.0
2003-04-07,19.979999542236328,20.100000381469727,19.579999923706055,19.6299991607666,5.920313358306885,1173000,0.0,0.0
2003-04-08,19.790000915527344,20.0,19.75,19.860000610351562,5.989681243896484,860600,0.0,0.0
2003-04-09,19.940000534057617,20.299999237060547,19.670000076293945,19.75,5.956506252288818,1157400,0.0,0.0
2003-04-10,19.809999465942383,19.850000381469727,19.6200008392334,19.690000534057617,5.938409328460693,863700,0.0,0.0
2003-04-11,19.8799991607666,19.920000076293945,19.5,19.549999237060547,5.896185874938965,545700,0.0,0.0
2003-04-14,19.610000610351562,19.959999084472656,19.56999969482422,19.959999084472656,6.019840240478516,770600,0.0,0.0
2003-04-15,19.989999771118164,20.40999984741211,19.790000915527344,20.350000381469727,6.137463092803955,1165800,0.0,0.0
2003-04-16,20.299999237060547,20.399999618530273,19.68000030517578,19.860000610351562,5.989681243896484,1351800,0.0,0.0
2003-04-17,19.739999771118164,19.90999984741211,19.729999542236328,19.850000381469727,5.986666679382324,1111200,0.0,0.0
2003-04-21,19.899999618530273,19.959999084472656,19.520000457763672,19.729999542236328,5.9504714012146,598600,0.0,0.0
2003-04-22,19.65999984741211,20.139999389648438,19.510000228881836,20.139999389648438,6.074128150939941,917800,0.0,0.0
2003-04-23,19.75,19.93000030517578,19.350000381469727,19.479999542236328,5.875076770782471,1210900,0.0,0.0
2003-04-24,19.40999984741211,19.579999923706055,19.299999237060547,19.459999084472656,5.86904239654541,648400,0.0,0.0
2003-04-25,19.459999084472656,19.6299991607666,19.010000228881836,19.200000762939453,5.790627479553223,831300,0.0,0.0
2003-04-28,19.3799991607666,19.75,19.34000015258789,19.56999969482422,5.902217388153076,612400,0.0,0.0
2003-04-29,19.6299991607666,19.860000610351562,19.469999313354492,19.75,5.956506252288818,648300,0.0,0.0
2003-04-30,19.549999237060547,19.799999237060547,19.3799991607666,19.489999771118164,5.87808895111084,861200,0.0,0.0
2003-05-01,19.5,19.549999237060547,19.149999618530273,19.399999618530273,5.850944995880127,569500,0.0,0.0
2003-05-02,19.270000457763672,19.299999237060547,19.110000610351562,19.270000457763672,5.811737537384033,997600,0.0,0.0
2003-05-05,19.270000457763672,19.3700008392334,18.969999313354492,19.110000610351562,5.763485908508301,911500,0.0,0.0
2003-05-06,19.25,19.3799991607666,19.0,19.190000534057617,5.78761100769043,2365800,0.0,0.0
2003-05-07,19.209999084472656,19.350000381469727,19.059999465942383,19.299999237060547,5.82078742980957,1481500,0.0,0.0
2003-05-08,18.799999237060547,19.200000762939453,18.75,18.90999984741211,5.7031660079956055,1509800,0.0,0.0
2003-05-09,18.90999984741211,19.8799991607666,18.90999984741211,19.770000457763672,5.962536334991455,1871200,0.0,0.0
2003-05-12,19.520000457763672,19.799999237060547,19.299999237060547,19.530000686645508,5.89015531539917,1244000,0.0,0.0
2003-05-13,19.639999389648438,19.65999984741211,19.34000015258789,19.530000686645508,5.89015531539917,644100,0.0,0.0
2003-05-14,19.700000762939453,19.780000686645508,19.360000610351562,19.43000030517578,5.859994411468506,764300,0.0,0.0
2003-05-15,19.399999618530273,19.5,19.18000030517578,19.350000381469727,5.8358659744262695,1539700,0.0,0.0
2003-05-16,19.100000381469727,19.450000762939453,19.100000381469727,19.260000228881836,5.808722972869873,1148300,0.0,0.0
2003-05-19,19.010000228881836,19.25,18.989999771118164,19.0,5.730308532714844,770200,0.0,0.0
2003-05-20,19.25,19.290000915527344,18.760000228881836,18.969999313354492,5.721261501312256,962700,0.0,0.0
2003-05-21,18.969999313354492,19.06999969482422,18.84000015258789,19.030000686645508,5.739355564117432,2543400,0.0,0.0
2003-05-22,19.0,19.139999389648438,18.770000457763672,19.010000228881836,5.733325481414795,718400,0.0,0.0
2003-05-23,18.899999618530273,18.899999618530273,18.639999389648438,18.68000030517578,5.633798599243164,969100,0.0,0.0
2003-05-27,18.600000381469727,18.719999313354492,18.399999618530273,18.530000686645508,5.588558673858643,1770100,0.0,0.0
2003-05-28,18.530000686645508,18.75,18.440000534057617,18.610000610351562,5.6126885414123535,1463100,0.0,0.0
2003-05-29,18.850000381469727,19.209999084472656,18.81999969482422,19.1200008392334,5.7664995193481445,2687600,0.0,0.0
2003-05-30,19.149999618530273,19.18000030517578,18.700000762939453,18.75,5.654911994934082,2189300,0.0,0.0
2003-06-02,18.889999389648438,19.1299991607666,18.700000762939453,18.920000076293945,5.706182479858398,1913200,0.0,0.0
2003-06-03,18.969999313354492,19.0,18.600000381469727,18.75,5.654911994934082,2239300,0.0,0.0
2003-06-04,18.75,18.920000076293945,18.6200008392334,18.8799991607666,5.694117546081543,968300,0.0,0.0
2003-06-05,18.81999969482422,19.030000686645508,18.75,18.93000030517578,5.709198474884033,954700,0.0,0.0
2003-06-06,19.040000915527344,19.65999984741211,18.850000381469727,19.270000457763672,5.811737537384033,1632200,0.0,0.0
2003-06-09,19.25,19.329999923706055,19.0,19.049999237060547,5.745387554168701,1094000,0.0,0.0
2003-06-10,19.149999618530273,19.149999618530273,18.780000686645508,18.81999969482422,5.676021099090576,767300,0.0,0.0
2003-06-11,18.799999237060547,18.90999984741211,18.610000610351562,18.8799991607666,5.694117546081543,875300,0.0,0.0
2003-06-12,19.540000915527344,20.110000610351562,19.5,19.969999313354492,6.02285623550415,2163700,0.0,0.0
2003-06-13,20.0,20.0,19.579999923706055,19.809999465942383,5.9745988845825195,1009900,0.0,0.0
2003-06-16,19.75,20.0,19.549999237060547,19.84000015258789,5.983649253845215,741200,0.0,0.0
2003-06-17,19.799999237060547,19.84000015258789,19.399999618530273,19.399999618530273,5.850944995880127,1466200,0.0,0.0
2003-06-18,19.459999084472656,19.75,19.299999237060547,19.639999389648438,5.9355692863464355,601500,0.04,0.0
2003-06-19,19.530000686645508,19.700000762939453,19.399999618530273,19.469999313354492,5.884191036224365,723000,0.0,0.0
2003-06-20,19.399999618530273,19.739999771118164,19.290000915527344,19.389999389648438,5.860010623931885,1372400,0.0,0.0
2003-06-23,19.360000610351562,19.360000610351562,18.549999237060547,19.059999465942383,5.760281562805176,548000,0.0,0.0
2003-06-24,19.209999084472656,19.309999465942383,19.020000457763672,19.190000534057617,5.799571514129639,631600,0.0,0.0
2003-06-25,19.229999542236328,19.229999542236328,18.770000457763672,18.790000915527344,5.67868185043335,952000,0.0,0.0
2003-06-26,18.75,18.959999084472656,18.610000610351562,18.829999923706055,5.690770149230957,682300,0.0,0.0
2003-06-27,18.719999313354492,18.799999237060547,18.559999465942383,18.68000030517578,5.645437717437744,882400,0.0,0.0
2003-06-30,18.56999969482422,18.690000534057617,18.100000381469727,18.149999618530273,5.485262870788574,2089800,0.0,0.0
2003-07-01,18.100000381469727,18.799999237060547,18.049999237060547,18.75,5.666596412658691,1551700,0.0,0.0
2003-07-02,18.75,18.860000610351562,18.299999237060547,18.350000381469727,5.545707702636719,1628000,0.0,0.0
2003-07-03,18.25,18.350000381469727,18.049999237060547,18.139999389648438,5.48223876953125,1046500,0.0,0.0
2003-07-07,18.190000534057617,18.34000015258789,17.899999618530273,18.0,5.439929485321045,1936700,0.0,0.0
2003-07-08,18.690000534057617,19.0,18.299999237060547,18.75,5.666596412658691,5571000,0.0,0.0
2003-07-09,18.81999969482422,19.09000015258789,18.690000534057617,18.969999313354492,5.733081340789795,2613000,0.0,0.0
2003-07-10,18.979999542236328,18.989999771118164,18.709999084472656,18.84000015258789,5.693794250488281,834500,0.0,0.0
2003-07-11,18.969999313354492,19.280000686645508,18.829999923706055,19.239999771118164,5.8146796226501465,1104800,0.0,0.0
2003-07-14,19.399999618530273,19.600000381469727,19.149999618530273,19.260000228881836,5.820724010467529,1727700,0.0,0.0
2003-07-15,19.350000381469727,19.600000381469727,19.209999084472656,19.600000381469727,5.923478603363037,2228600,0.0,0.0
2003-07-16,18.649999618530273,18.899999618530273,17.020000457763672,18.0,5.439929485321045,5832300,0.0,0.0
2003-07-17,17.850000381469727,17.850000381469727,17.260000228881836,17.280000686645508,5.2223310470581055,2814800,0.0,0.0
2003-07-18,17.420000076293945,17.5,17.200000762939453,17.479999542236328,5.282778263092041,1686400,0.0,0.0
2003-07-21,17.399999618530273,17.440000534057617,17.139999389648438,17.299999237060547,5.2283782958984375,1525800,0.0,0.0
2003-07-22,17.15999984741211,17.540000915527344,17.149999618530273,17.479999542236328,5.282778263092041,1333400,0.0,0.0
2003-07-23,17.479999542236328,17.59000015258789,17.15999984741211,17.59000015258789,5.316019535064697,1188100,0.0,0.0
2003-07-24,17.719999313354492,17.940000534057617,17.5,17.579999923706055,5.312998294830322,1230500,0.0,0.0
2003-07-25,17.399999618530273,17.8700008392334,17.350000381469727,17.850000381469727,5.394598484039307,803300,0.0,0.0
2003-07-28,18.0,18.100000381469727,17.649999618530273,17.729999542236328,5.358330249786377,909800,0.0,0.0
2003-07-29,17.600000381469727,17.700000762939453,17.209999084472656,17.299999237060547,5.2283782958984375,1530200,0.0,0.0
2003-07-30,17.25,17.43000030517578,17.149999618530273,17.18000030517578,5.192110538482666,1020600,0.0,0.0
2003-07-31,17.450000762939453,17.709999084472656,17.049999237060547,17.049999237060547,5.1528239250183105,1596200,0.0,0.0
2003-08-01,17.100000381469727,17.40999984741211,17.0,17.399999618530273,5.258598327636719,1917700,0.0,0.0
2003-08-04,17.360000610351562,17.43000030517578,17.139999389648438,17.209999084472656,5.201178550720215,1086300,0.0,0.0
2003-08-05,17.299999237060547,17.31999969482422,16.989999771118164,17.079999923706055,5.161886215209961,1092400,0.0,0.0
2003-08-06,17.079999923706055,17.229999542236328,16.850000381469727,17.139999389648438,5.1800217628479,1067500,0.0,0.0
2003-08-07,17.350000381469727,17.65999984741211,17.25,17.65999984741211,5.337176322937012,1955000,0.0,0.0
2003-08-08,17.700000762939453,17.799999237060547,17.350000381469727,17.469999313354492,5.279754638671875,1014000,0.0,0.0
2003-08-11,17.459999084472656,17.540000915527344,17.25,17.389999389648438,5.255577087402344,767700,0.0,0.0
2003-08-12,17.389999389648438,17.540000915527344,17.31999969482422,17.479999542236328,5.282778263092041,978400,0.0,0.0
2003-08-13,17.690000534057617,17.690000534057617,17.3700008392334,17.520000457763672,5.294868469238281,3675000,0.0,0.0
2003-08-14,18.0,18.25,17.950000762939453,18.059999465942383,5.458063125610352,3173400,0.0,0.0
2003-08-15,18.100000381469727,18.43000030517578,17.959999084472656,18.280000686645508,5.5245513916015625,1218500,0.0,0.0
2003-08-18,18.299999237060547,18.5,18.1299991607666,18.149999618530273,5.485262870788574,1024600,0.0,0.0
2003-08-19,18.329999923706055,18.549999237060547,18.149999618530273,18.350000381469727,5.545707702636719,1211000,0.0,0.0
2003-08-20,18.360000610351562,18.450000762939453,18.040000915527344,18.09000015258789,5.467129707336426,1112600,0.0,0.0
2003-08-21,18.219999313354492,18.510000228881836,18.209999084472656,18.350000381469727,5.545707702636719,1413900,0.0,0.0
2003-08-22,18.350000381469727,18.469999313354492,18.239999771118164,18.290000915527344,5.527574062347412,1203300,0.0,0.0
2003-08-25,18.350000381469727,18.5,18.149999618530273,18.200000762939453,5.500372886657715,1370700,0.0,0.0
2003-08-26,18.219999313354492,18.5,18.020000457763672,18.15999984741211,5.488285541534424,1480400,0.0,0.0
2003-08-27,18.079999923706055,18.299999237060547,18.06999969482422,18.270000457763672,5.5215277671813965,887300,0.0,0.0
2003-08-28,18.280000686645508,18.31999969482422,18.040000915527344,18.31999969482422,5.536640167236328,841500,0.0,0.0
2003-08-29,18.299999237060547,18.489999771118164,18.290000915527344,18.489999771118164,5.588016986846924,752700,0.0,0.0
2003-09-02,18.450000762939453,18.790000915527344,18.309999465942383,18.709999084472656,5.654505252838135,1362500,0.0,0.0
2003-09-03,18.6299991607666,18.700000762939453,18.329999923706055,18.399999618530273,5.560819625854492,2430700,0.0,0.0
2003-09-04,18.649999618530273,18.899999618530273,18.6299991607666,18.850000381469727,5.69681453704834,2076100,0.0,0.0
2003-09-05,18.850000381469727,19.100000381469727,18.739999771118164,18.93000030517578,5.7209930419921875,1798800,0.0,0.0
2003-09-08,18.899999618530273,19.06999969482422,18.610000610351562,18.700000762939453,5.651483058929443,1231000,0.0,0.0
2003-09-09,18.65999984741211,18.68000030517578,18.450000762939453,18.6200008392334,5.627303123474121,862300,0.0,0.0
2003-09-10,18.610000610351562,18.81999969482422,18.510000228881836,18.799999237060547,5.681702613830566,1683400,0.0,0.0
2003-09-11,18.90999984741211,19.350000381469727,18.770000457763672,18.809999465942383,5.684722423553467,2335800,0.0,0.0
2003-09-12,18.729999542236328,18.739999771118164,18.389999389648438,18.709999084472656,5.654505252838135,1383400,0.0,0.0
2003-09-15,18.700000762939453,18.760000228881836,18.530000686645508,18.600000381469727,5.621262073516846,988400,0.0,0.0
2003-09-16,18.600000381469727,18.600000381469727,18.440000534057617,18.520000457763672,5.597084999084473,1214000,0.0,0.0
2003-09-17,18.5,19.040000915527344,18.420000076293945,19.040000915527344,5.7666916847229,2903800,0.04,0.0
2003-09-18,19.040000915527344,19.06999969482422,18.75,18.8799991607666,5.718231201171875,1757200,0.0,0.0
2003-09-19,18.850000381469727,19.100000381469727,18.809999465942383,19.040000915527344,5.7666916847229,1345400,0.0,0.0
2003-09-22,18.899999618530273,19.219999313354492,18.75,19.200000762939453,5.815151691436768,1311400,0.0,0.0
2003-09-23,19.25,19.469999313354492,19.1299991607666,19.43000030517578,5.884812355041504,1259100,0.0,0.0
2003-09-24,19.5,19.610000610351562,19.229999542236328,19.25,5.830295085906982,1126600,0.0,0.0
2003-09-25,19.399999618530273,19.600000381469727,19.299999237060547,19.3799991607666,5.869667053222656,891100,0.0,0.0
2003-09-26,19.1299991607666,19.270000457763672,18.829999923706055,18.950000762939453,5.739431381225586,916200,0.0,0.0
2003-09-29,18.920000076293945,19.209999084472656,18.760000228881836,19.020000457763672,5.760633945465088,600000,0.0,0.0
2003-09-30,19.020000457763672,19.170000076293945,18.530000686645508,19.059999465942383,5.772746562957764,1120600,0.0,0.0
2003-10-01,19.59000015258789,19.790000915527344,19.280000686645508,19.520000457763672,5.912071228027344,1966000,0.0,0.0
2003-10-02,19.600000381469727,19.600000381469727,19.299999237060547,19.489999771118164,5.902985095977783,762200,0.0,0.0
2003-10-03,19.5,19.8799991607666,19.5,19.68000030517578,5.960532188415527,1223900,0.0,0.0
2003-10-06,19.68000030517578,19.850000381469727,19.559999465942383,19.829999923706055,6.005960941314697,801900,0.0,0.0
2003-10-07,19.829999923706055,19.850000381469727,19.600000381469727,19.760000228881836,5.9847636222839355,588400,0.0,0.0
2003-10-08,19.65999984741211,19.81999969482422,19.549999237060547,19.75,5.981730937957764,569200,0.0,0.0
2003-10-09,19.829999923706055,19.950000762939453,19.510000228881836,19.670000076293945,5.9575018882751465,669100,0.0,0.0
2003-10-10,19.6200008392334,19.770000457763672,19.549999237060547,19.639999389648438,5.948416233062744,512400,0.0,0.0
2003-10-13,19.68000030517578,19.93000030517578,19.68000030517578,19.790000915527344,5.993845462799072,671500,0.0,0.0
2003-10-14,19.760000228881836,19.860000610351562,19.3799991607666,19.700000762939453,5.966586589813232,1170400,0.0,0.0
2003-10-15,20.989999771118164,21.0,20.049999237060547,20.049999237060547,6.072589874267578,4276900,0.0,0.0
2003-10-16,20.059999465942383,20.059999465942383,19.459999084472656,19.940000534057617,6.039278507232666,2949000,0.0,0.0
2003-10-17,19.8799991607666,20.0,19.8799991607666,19.959999084472656,6.045334339141846,1499500,0.0,0.0
2003-10-20,19.950000762939453,20.43000030517578,19.950000762939453,20.299999237060547,6.148310661315918,1612900,0.0,0.0
2003-10-21,20.299999237060547,20.649999618530273,20.299999237060547,20.459999084472656,6.196772575378418,1138700,0.0,0.0
2003-10-22,20.440000534057617,20.5,20.149999618530273,20.18000030517578,6.111964225769043,1206300,0.0,0.0
2003-10-23,20.18000030517578,20.25,19.950000762939453,20.190000534057617,6.11499547958374,691600,0.0,0.0
2003-10-24,20.040000915527344,20.239999771118164,19.799999237060547,20.190000534057617,6.11499547958374,746500,0.0,0.0
2003-10-27,20.18000030517578,20.209999084472656,19.850000381469727,20.040000915527344,6.069564342498779,799500,0.0,0.0
2003-10-28,20.040000915527344,20.209999084472656,20.030000686645508,20.139999389648438,6.099853038787842,1405700,0.0,0.0
2003-10-29,20.1200008392334,20.1299991607666,19.950000762939453,20.040000915527344,6.069564342498779,979200,0.0,0.0
2003-10-30,20.190000534057617,20.200000762939453,19.989999771118164,20.020000457763672,6.063507556915283,1095400,0.0,0.0
2003-10-31,20.100000381469727,20.15999984741211,19.969999313354492,20.15999984741211,6.105910301208496,745300,0.0,0.0
2003-11-03,20.149999618530273,20.770000457763672,20.100000381469727,20.5,6.208884239196777,1454700,0.0,0.0
2003-11-04,20.5,20.5,20.020000457763672,20.190000534057617,6.11499547958374,1111200,0.0,0.0
2003-11-05,20.190000534057617,20.190000534057617,19.8700008392334,20.09000015258789,6.0847086906433105,514200,0.0,0.0
2003-11-06,20.079999923706055,20.610000610351562,19.940000534057617,20.469999313354492,6.199798583984375,1198900,0.0,0.0
2003-11-07,20.469999313354492,20.540000915527344,20.219999313354492,20.299999237060547,6.148310661315918,981900,0.0,0.0
2003-11-10,20.299999237060547,20.43000030517578,20.06999969482422,20.329999923706055,6.157395362854004,724200,0.0,0.0
2003-11-11,20.329999923706055,20.489999771118164,20.100000381469727,20.360000610351562,6.166483402252197,933300,0.0,0.0
2003-11-12,20.360000610351562,20.360000610351562,20.149999618530273,20.280000686645508,6.14225435256958,1120800,0.0,0.0
2003-11-13,20.25,20.270000457763672,20.110000610351562,20.209999084472656,6.121053218841553,800800,0.0,0.0
2003-11-14,20.200000762939453,20.309999465942383,20.1200008392334,20.200000762939453,6.118022918701172,1690400,0.0,0.0
2003-11-17,20.200000762939453,20.360000610351562,20.110000610351562,20.309999465942383,6.151339530944824,878800,0.0,0.0
2003-11-18,20.280000686645508,20.540000915527344,20.260000228881836,20.489999771118164,6.205856800079346,1196000,0.0,0.0
2003-11-19,20.440000534057617,20.5,20.260000228881836,20.469999313354492,6.199798583984375,583100,0.0,0.0
2003-11-20,20.459999084472656,20.479999542236328,20.25,20.31999969482422,6.154369354248047,701100,0.0,0.0
2003-11-21,20.34000015258789,20.549999237060547,20.229999542236328,20.459999084472656,6.196772575378418,1307700,0.0,0.0
2003-11-24,20.459999084472656,20.670000076293945,20.450000762939453,20.6200008392334,6.245230674743652,865200,0.0,0.0
2003-11-25,20.6299991607666,20.709999084472656,20.510000228881836,20.6200008392334,6.245230674743652,557000,0.0,0.0
2003-11-26,20.639999389648438,20.729999542236328,20.510000228881836,20.670000076293945,6.260375499725342,411200,0.0,0.0
2003-11-28,20.670000076293945,20.790000915527344,20.6299991607666,20.649999618530273,6.254317283630371,244600,0.0,0.0
2003-12-01,20.799999237060547,20.84000015258789,20.56999969482422,20.790000915527344,6.296718597412109,652400,0.0,0.0
2003-12-02,20.690000534057617,20.899999618530273,20.600000381469727,20.84000015258789,6.311861515045166,868600,0.0,0.0
2003-12-03,20.780000686645508,20.8799991607666,20.639999389648438,20.690000534057617,6.2784810066223145,712100,0.04,0.0
2003-12-04,20.790000915527344,20.889999389648438,20.75,20.799999237060547,6.311862468719482,938000,0.0,0.0
2003-12-05,20.899999618530273,21.190000534057617,20.8700008392334,21.079999923706055,6.396831035614014,1232700,0.0,0.0
2003-12-08,21.079999923706055,21.420000076293945,21.049999237060547,21.3799991607666,6.487866401672363,1094000,0.0,0.0
2003-12-09,21.299999237060547,21.399999618530273,21.139999389648438,21.280000686645508,6.457520961761475,736800,0.0,0.0
2003-12-10,21.280000686645508,21.43000030517578,21.18000030517578,21.299999237060547,6.463587760925293,818400,0.0,0.0
2003-12-11,21.280000686645508,21.8700008392334,21.270000457763672,21.81999969482422,6.62138557434082,1529800,0.0,0.0
2003-12-12,22.0,22.0,21.799999237060547,21.860000610351562,6.6335248947143555,1154300,0.0,0.0
2003-12-15,21.899999618530273,22.209999084472656,21.8700008392334,22.06999969482422,6.697246074676514,1830500,0.0,0.0
2003-12-16,22.06999969482422,22.100000381469727,21.899999618530273,22.010000228881836,6.679043292999268,1578400,0.0,0.0
2003-12-17,22.010000228881836,22.15999984741211,21.790000915527344,21.889999389648438,6.642630577087402,1287300,0.0,0.0
2003-12-18,21.790000915527344,22.049999237060547,21.360000610351562,21.649999618530273,6.569799900054932,1664600,0.0,0.0
2003-12-19,21.65999984741211,21.809999465942383,21.40999984741211,21.780000686645508,6.60924768447876,1467900,0.0,0.0
2003-12-22,21.65999984741211,22.719999313354492,21.489999771118164,21.65999984741211,6.572834014892578,1071900,0.0,0.0
2003-12-23,21.649999618530273,21.889999389648438,21.530000686645508,21.59000015258789,6.551592826843262,809700,0.0,0.0
2003-12-24,21.59000015258789,21.610000610351562,21.3700008392334,21.549999237060547,6.539454460144043,213700,0.0,0.0
2003-12-26,21.700000762939453,21.719999313354492,21.5,21.559999465942383,6.542487621307373,259100,0.0,0.0
2003-12-29,21.850000381469727,21.8799991607666,21.530000686645508,21.649999618530273,6.569799900054932,825300,0.0,0.0
2003-12-30,21.729999542236328,21.8799991607666,21.579999923706055,21.799999237060547,6.6153178215026855,648700,0.0,0.0
2003-12-31,21.93000030517578,21.940000534057617,21.700000762939453,21.8700008392334,6.63655948638916,742800,0.0,0.0
2004-01-02,21.770000457763672,21.93000030517578,21.59000015258789,21.729999542236328,6.594074726104736,809400,0.0,0.0
2004-01-05,21.729999542236328,22.079999923706055,21.690000534057617,22.030000686645508,6.685111999511719,1600700,0.0,0.0
2004-01-06,22.0,22.350000381469727,21.969999313354492,22.329999923706055,6.776146411895752,1028300,0.0,0.0
2004-01-07,21.899999618530273,22.06999969482422,21.520000457763672,21.8799991607666,6.639593601226807,1948600,0.0,0.0
2004-01-08,21.739999771118164,21.8700008392334,21.40999984741211,21.510000228881836,6.527315616607666,879400,0.0,0.0
2004-01-09,21.399999618530273,21.489999771118164,21.100000381469727,21.200000762939453,6.433243751525879,1356400,0.0,0.0
2004-01-12,21.25,21.40999984741211,21.100000381469727,21.299999237060547,6.463587760925293,582000,0.0,0.0
2004-01-13,21.309999465942383,21.489999771118164,20.899999618530273,21.09000015258789,6.399862766265869,1034800,0.0,0.0
2004-01-14,21.09000015258789,21.190000534057617,20.920000076293945,21.18000030517578,6.427172660827637,1198200,0.0,0.0
2004-01-15,21.149999618530273,21.15999984741211,20.90999984741211,21.049999237060547,6.387723922729492,703200,0.0,0.0
2004-01-16,21.059999465942383,21.209999084472656,21.0,21.18000030517578,6.427172660827637,749400,0.0,0.0
2004-01-20,21.229999542236328,21.489999771118164,21.219999313354492,21.389999389648438,6.490903377532959,723900,0.0,0.0
2004-01-21,21.450000762939453,21.809999465942383,21.299999237060547,21.809999465942383,6.618353843688965,1261600,0.0,0.0
2004-01-22,21.809999465942383,21.969999313354492,21.65999984741211,21.770000457763672,6.606213092803955,948300,0.0,0.0
2004-01-23,21.700000762939453,21.790000915527344,21.479999542236328,21.600000381469727,6.554625511169434,679600,0.0,0.0
2004-01-26,21.510000228881836,21.850000381469727,21.510000228881836,21.84000015258789,6.627455234527588,561900,0.0,0.0
2004-01-27,21.969999313354492,22.25,21.84000015258789,22.079999923706055,6.700284481048584,1044500,0.0,0.0
2004-01-28,22.0,22.059999465942383,21.270000457763672,21.530000686645508,6.533385276794434,1035600,0.0,0.0
2004-01-29,22.100000381469727,22.889999389648438,22.020000457763672,22.889999389648438,6.94608211517334,2599700,0.0,0.0
2004-01-30,22.889999389648438,23.049999237060547,22.549999237060547,22.899999618530273,6.949113845825195,2263000,0.0,0.0
2004-02-02,22.809999465942383,23.5,22.809999465942383,23.459999084472656,7.119052886962891,1919400,0.0,0.0
2004-02-03,23.399999618530273,23.5,22.719999313354492,22.790000915527344,6.915740013122559,2113800,0.0,0.0
2004-02-04,22.56999969482422,22.760000228881836,22.43000030517578,22.670000076293945,6.879323959350586,1496700,0.0,0.0
2004-02-05,22.709999084472656,23.299999237060547,22.510000228881836,23.299999237060547,7.070498943328857,1696900,0.0,0.0
2004-02-06,23.1200008392334,23.309999465942383,23.0,23.270000457763672,7.061398983001709,1182400,0.0,0.0
2004-02-09,23.25,23.489999771118164,23.139999389648438,23.350000381469727,7.085671901702881,746600,0.0,0.0
2004-02-10,23.25,23.649999618530273,23.209999084472656,23.6200008392334,7.16760778427124,1375000,0.0,0.0
2004-02-11,23.530000686645508,23.940000534057617,23.399999618530273,23.8700008392334,7.243470668792725,1837600,0.0,0.0
2004-02-12,23.68000030517578,23.84000015258789,23.5,23.6299991607666,7.170639991760254,589600,0.0,0.0
2004-02-13,23.510000228881836,23.760000228881836,23.43000030517578,23.649999618530273,7.176709175109863,1174900,0.0,0.0
2004-02-17,23.65999984741211,23.950000762939453,23.59000015258789,23.8700008392334,7.243470668792725,623400,0.0,0.0
2004-02-18,23.799999237060547,24.34000015258789,23.799999237060547,24.0,7.282919406890869,2580200,0.0,0.0
2004-02-19,24.18000030517578,24.18000030517578,23.780000686645508,23.790000915527344,7.219194412231445,1318300,0.0,0.0
2004-02-20,23.489999771118164,23.510000228881836,22.90999984741211,23.399999618530273,7.100846290588379,2290200,0.0,0.0
2004-02-23,23.540000915527344,23.610000610351562,23.190000534057617,23.399999618530273,7.100846290588379,1500900,0.0,0.0
2004-02-24,23.399999618530273,23.489999771118164,23.270000457763672,23.389999389648438,7.097808837890625,1589400,0.0,0.0
2004-02-25,23.479999542236328,23.59000015258789,23.239999771118164,23.450000762939453,7.116016387939453,875300,0.0,0.0
2004-02-26,23.420000076293945,23.84000015258789,23.3799991607666,23.780000686645508,7.216156482696533,1171100,0.0,0.0
2004-02-27,21.75,23.760000228881836,21.75,23.309999465942383,7.073533058166504,2277200,0.0,0.0
2004-03-01,23.43000030517578,24.139999389648438,23.270000457763672,24.06999969482422,7.304159641265869,2161100,0.0,0.0
2004-03-02,23.940000534057617,23.989999771118164,23.600000381469727,23.790000915527344,7.219194412231445,1101700,0.0,0.0
2004-03-03,23.75,24.229999542236328,23.649999618530273,24.170000076293945,7.334506034851074,1419000,0.0,0.0
2004-03-04,24.020000457763672,24.149999618530273,23.959999084472656,24.09000015258789,7.310227394104004,968000,0.0,0.0
2004-03-05,24.0,24.06999969482422,23.84000015258789,24.010000228881836,7.285957336425781,1198300,0.0,0.0
2004-03-08,24.010000228881836,24.270000457763672,23.799999237060547,24.1299991607666,7.322368621826172,1236600,0.0,0.0
2004-03-09,24.040000915527344,24.299999237060547,24.030000686645508,24.149999618530273,7.328434467315674,887200,0.0,0.0
2004-03-10,24.149999618530273,24.149999618530273,23.489999771118164,23.549999237060547,7.146364212036133,1539300,0.0,0.0
2004-03-11,23.549999237060547,23.559999465942383,22.940000534057617,22.989999771118164,6.976428031921387,1280100,0.0,0.0
2004-03-12,23.0,23.25,22.760000228881836,23.25,7.05532693862915,766300,0.0,0.0
2004-03-15,23.25,23.299999237060547,22.889999389648438,22.920000076293945,6.955187797546387,802800,0.0,0.0
2004-03-16,22.899999618530273,23.100000381469727,22.639999389648438,22.889999389648438,6.94608211517334,971100,0.0,0.0
2004-03-17,22.899999618530273,23.329999923706055,22.850000381469727,23.15999984741211,7.040319442749023,758200,0.04,0.0
2004-03-18,23.270000457763672,23.889999389648438,23.25,23.68000030517578,7.198390960693359,1664700,0.0,0.0
2004-03-19,23.56999969482422,23.899999618530273,23.5,23.6299991607666,7.183192253112793,1398700,0.0,0.0
2004-03-22,23.549999237060547,23.6200008392334,23.15999984741211,23.389999389648438,7.110233783721924,977600,0.0,0.0
2004-03-23,23.299999237060547,23.510000228881836,23.229999542236328,23.31999969482422,7.088955879211426,705300,0.0,0.0
2004-03-24,23.139999389648438,23.239999771118164,22.760000228881836,22.90999984741211,6.9643235206604,1105100,0.0,0.0
2004-03-25,22.950000762939453,23.329999923706055,22.65999984741211,23.31999969482422,7.088955879211426,938800,0.0,0.0
2004-03-26,23.149999618530273,23.5,22.979999542236328,23.350000381469727,7.098074913024902,748200,0.0,0.0
2004-03-29,24.0,24.049999237060547,23.8700008392334,23.950000762939453,7.2804694175720215,1513500,0.0,0.0
2004-03-30,23.850000381469727,24.0,23.600000381469727,23.950000762939453,7.2804694175720215,839500,0.0,0.0
2004-03-31,23.899999618530273,24.25,23.709999084472656,24.170000076293945,7.34734582901001,1226100,0.0,0.0
2004-04-01,24.170000076293945,24.489999771118164,24.149999618530273,24.43000030517578,7.426379203796387,823300,0.0,0.0
2004-04-02,24.43000030517578,24.5,24.170000076293945,24.309999465942383,7.389906406402588,682200,0.0,0.0
2004-04-05,24.309999465942383,24.75,24.280000686645508,24.709999084472656,7.511495113372803,1497300,0.0,0.0
2004-04-06,24.520000457763672,24.59000015258789,24.299999237060547,24.329999923706055,7.395986080169678,1018300,0.0,0.0
2004-04-07,24.329999923706055,24.75,24.049999237060547,24.639999389648438,7.490217208862305,1123000,0.0,0.0
2004-04-08,24.850000381469727,24.950000762939453,24.559999465942383,24.6299991607666,7.487177848815918,786300,0.0,0.0
2004-04-12,24.739999771118164,24.739999771118164,24.309999465942383,24.450000762939453,7.432460308074951,485300,0.0,0.0
2004-04-13,24.309999465942383,24.600000381469727,24.170000076293945,24.34000015258789,7.399022102355957,693900,0.0,0.0
2004-04-14,24.149999618530273,24.34000015258789,24.040000915527344,24.200000762939453,7.356468200683594,1216600,0.0,0.0
2004-04-15,24.200000762939453,24.280000686645508,24.0,24.170000076293945,7.34734582901001,570400,0.0,0.0
2004-04-16,24.34000015258789,24.540000915527344,24.030000686645508,24.469999313354492,7.438539505004883,669100,0.0,0.0
2004-04-19,24.399999618530273,24.809999465942383,24.190000534057617,24.649999618530273,7.493256092071533,732200,0.0,0.0
2004-04-20,24.65999984741211,24.8700008392334,24.420000076293945,24.450000762939453,7.432460308074951,919600,0.0,0.0
2004-04-21,24.329999923706055,24.739999771118164,23.950000762939453,24.420000076293945,7.423342704772949,738100,0.0,0.0
2004-04-22,23.989999771118164,24.790000915527344,23.989999771118164,24.6299991607666,7.487177848815918,795600,0.0,0.0
2004-04-23,24.5,24.940000534057617,24.219999313354492,24.84000015258789,7.551016330718994,1090200,0.0,0.0
2004-04-26,24.729999542236328,24.75,24.329999923706055,24.469999313354492,7.438539505004883,566300,0.0,0.0
2004-04-27,24.350000381469727,24.6299991607666,24.329999923706055,24.6200008392334,7.484138011932373,974300,0.0,0.0
2004-04-28,25.0,25.360000610351562,24.610000610351562,24.65999984741211,7.49629545211792,3097400,0.0,0.0
2004-04-29,25.139999389648438,26.540000915527344,24.950000762939453,26.280000686645508,7.988758087158203,4220500,0.0,0.0
2004-04-30,25.5,27.139999389648438,25.5,27.0,8.207625389099121,4418800,0.0,0.0
2004-05-03,26.670000076293945,26.700000762939453,26.170000076293945,26.690000534057617,8.113390922546387,3501400,0.0,0.0
2004-05-04,26.5,26.549999237060547,25.959999084472656,26.200000762939453,7.9644365310668945,1652800,0.0,0.0
2004-05-05,26.25,26.780000686645508,26.06999969482422,26.6299991607666,8.095151901245117,1468300,0.0,0.0
2004-05-06,26.43000030517578,26.940000534057617,26.299999237060547,26.75,8.131629943847656,1158000,0.0,0.0
2004-05-07,26.5,26.8700008392334,26.440000534057617,26.690000534057617,8.113390922546387,1429400,0.0,0.0
2004-05-10,26.690000534057617,26.729999542236328,26.399999618530273,26.459999084472656,8.043472290039062,2075400,0.0,0.0
2004-05-11,26.309999465942383,26.8700008392334,26.299999237060547,26.829999923706055,8.155950546264648,1951400,0.0,0.0
2004-05-12,26.600000381469727,26.950000762939453,26.479999542236328,26.719999313354492,8.122509956359863,2205600,0.0,0.0
2004-05-13,26.549999237060547,26.989999771118164,26.5,26.90999984741211,8.18026351928711,1204900,0.0,0.0
2004-05-14,26.90999984741211,27.06999969482422,26.399999618530273,27.020000457763672,8.213706016540527,1207100,0.0,0.0
2004-05-17,26.799999237060547,27.200000762939453,26.56999969482422,26.989999771118164,8.204585075378418,1050900,0.0,0.0
2004-05-18,26.950000762939453,27.3799991607666,26.93000030517578,27.020000457763672,8.213706016540527,1979100,0.0,0.0
2004-05-19,27.010000228881836,27.079999923706055,26.65999984741211,26.719999313354492,8.122509956359863,1086800,0.0,0.0
2004-05-20,26.799999237060547,26.950000762939453,26.540000915527344,26.780000686645508,8.140748023986816,1027200,0.0,0.0
2004-05-21,26.979999542236328,27.190000534057617,26.850000381469727,27.149999618530273,8.253225326538086,1889700,0.0,0.0
2004-05-24,27.15999984741211,27.299999237060547,26.65999984741211,27.059999465942383,8.22586441040039,931400,0.0,0.0
2004-05-25,26.989999771118164,27.260000228881836,26.709999084472656,27.209999084472656,8.271462440490723,1025800,0.0,0.0
2004-05-26,27.209999084472656,27.260000228881836,26.920000076293945,27.229999542236328,8.277544975280762,1321000,0.0,0.0
2004-05-27,27.229999542236328,27.489999771118164,27.229999542236328,27.399999618530273,8.329219818115234,1257600,0.0,0.0
2004-05-28,27.420000076293945,27.6299991607666,27.280000686645508,27.549999237060547,8.37481689453125,1202100,0.0,0.0
2004-06-01,27.450000762939453,27.459999084472656,27.149999618530273,27.280000686645508,8.292743682861328,1424800,0.0,0.0
2004-06-02,27.3799991607666,28.06999969482422,27.3799991607666,27.969999313354492,8.50249195098877,1688400,0.0,0.0
2004-06-03,27.799999237060547,28.1200008392334,27.770000457763672,27.770000457763672,8.441693305969238,1123400,0.0,0.0
2004-06-04,27.940000534057617,27.979999542236328,27.739999771118164,27.860000610351562,8.469054222106934,992600,0.0,0.0
2004-06-07,27.989999771118164,28.079999923706055,27.84000015258789,28.020000457763672,8.517693519592285,512600,0.0,0.0
2004-06-08,27.950000762939453,28.579999923706055,27.950000762939453,28.479999542236328,8.657526016235352,1356900,0.0,0.0
2004-06-09,28.399999618530273,28.450000762939453,27.940000534057617,28.049999237060547,8.526810646057129,1097600,0.0,0.0
2004-06-10,28.049999237060547,28.299999237060547,27.8799991607666,28.229999542236328,8.581527709960938,1494500,0.0,0.0
2004-06-14,28.0,28.200000762939453,27.950000762939453,28.110000610351562,8.545050621032715,969500,0.0,0.0
2004-06-15,28.110000610351562,28.489999771118164,28.06999969482422,28.280000686645508,8.596729278564453,3058900,0.0,0.0
2004-06-16,28.149999618530273,28.399999618530273,28.09000015258789,28.309999465942383,8.618035316467285,1074000,0.04,0.0
2004-06-17,28.43000030517578,28.739999771118164,28.299999237060547,28.329999923706055,8.624131202697754,1152900,0.0,0.0
2004-06-18,28.299999237060547,28.739999771118164,28.100000381469727,28.100000381469727,8.554108619689941,2181300,0.0,0.0
2004-06-21,28.18000030517578,28.6299991607666,28.149999618530273,28.350000381469727,8.630210876464844,1231700,0.0,0.0
2004-06-22,28.25,29.34000015258789,28.25,29.020000457763672,8.834177017211914,1872800,0.0,0.0
2004-06-23,29.020000457763672,29.18000030517578,28.790000915527344,28.889999389648438,8.794599533081055,1180400,0.0,0.0
2004-06-24,28.979999542236328,29.040000915527344,28.649999618530273,28.799999237060547,8.767200469970703,1301800,0.0,0.0
2004-06-25,28.75,28.950000762939453,28.549999237060547,28.579999923706055,8.700231552124023,1451800,0.0,0.0
2004-06-28,28.56999969482422,28.719999313354492,28.450000762939453,28.469999313354492,8.666744232177734,1295900,0.0,0.0
2004-06-29,28.56999969482422,29.020000457763672,28.5,28.729999542236328,8.745890617370605,1352900,0.0,0.0
2004-06-30,28.8700008392334,29.0,28.600000381469727,28.989999771118164,8.82503890991211,1546800,0.0,0.0
2004-07-01,28.989999771118164,28.989999771118164,28.299999237060547,28.40999984741211,8.64847469329834,1749900,0.0,0.0
2004-07-02,28.56999969482422,28.690000534057617,28.350000381469727,28.469999313354492,8.666744232177734,682700,0.0,0.0
2004-07-06,28.489999771118164,28.760000228881836,28.350000381469727,28.459999084472656,8.663697242736816,1574600,0.0,0.0
2004-07-07,28.329999923706055,28.440000534057617,27.770000457763672,27.969999313354492,8.514534950256348,2012800,0.0,0.0
2004-07-08,27.969999313354492,28.56999969482422,27.850000381469727,28.260000228881836,8.602815628051758,1202100,0.0,0.0
2004-07-09,28.270000457763672,28.6200008392334,28.170000076293945,28.170000076293945,8.57541561126709,1417300,0.0,0.0
2004-07-12,28.18000030517578,28.280000686645508,27.950000762939453,28.219999313354492,8.590641975402832,1218400,0.0,0.0
2004-07-13,28.290000915527344,28.59000015258789,27.979999542236328,28.450000762939453,8.660655975341797,1988800,0.0,0.0
2004-07-14,28.459999084472656,28.459999084472656,27.93000030517578,28.079999923706055,8.548020362854004,1095200,0.0,0.0
2004-07-15,28.18000030517578,28.229999542236328,27.510000228881836,27.579999923706055,8.39581298828125,1728200,0.0,0.0
2004-07-16,27.790000915527344,27.790000915527344,27.010000228881836,27.260000228881836,8.298399925231934,1581700,0.0,0.0
2004-07-19,27.18000030517578,27.75,27.18000030517578,27.540000915527344,8.383634567260742,1413800,0.0,0.0
2004-07-20,27.610000610351562,27.920000076293945,27.549999237060547,27.559999465942383,8.389720916748047,1643200,0.0,0.0
2004-07-21,27.760000228881836,27.760000228881836,27.0,27.100000381469727,8.249690055847168,1458500,0.0,0.0
2004-07-22,26.899999618530273,26.90999984741211,25.899999618530273,26.1200008392334,7.9513654708862305,3739600,0.0,0.0
2004-07-23,25.81999969482422,25.860000610351562,25.1299991607666,25.149999618530273,7.656081199645996,5573400,0.0,0.0
2004-07-26,25.299999237060547,25.770000457763672,25.280000686645508,25.459999084472656,7.750450611114502,1690900,0.0,0.0
2004-07-27,25.520000457763672,25.65999984741211,25.219999313354492,25.280000686645508,7.695654392242432,1667300,0.0,0.0
2004-07-28,25.020000457763672,25.149999618530273,24.549999237060547,25.030000686645508,7.619551181793213,1668000,0.0,0.0
2004-07-29,23.600000381469727,23.600000381469727,20.059999465942383,20.6299991607666,6.280117988586426,18563800,0.0,0.0
2004-07-30,20.600000381469727,20.889999389648438,20.299999237060547,20.399999618530273,6.210102081298828,4141800,0.0,0.0
2004-08-02,20.299999237060547,21.0,20.0,20.93000030517578,6.371441841125488,2818000,0.0,0.0
2004-08-03,20.709999084472656,20.950000762939453,20.229999542236328,20.299999237060547,6.179662227630615,3346200,0.0,0.0
2004-08-04,20.299999237060547,20.459999084472656,20.139999389648438,20.309999465942383,6.182701110839844,3114200,0.0,0.0
2004-08-05,20.309999465942383,20.420000076293945,20.0,20.049999237060547,6.103553771972656,2241700,0.0,0.0
2004-08-06,19.850000381469727,20.059999465942383,19.5,19.75,6.0122294425964355,2630600,0.0,0.0
2004-08-09,19.790000915527344,19.790000915527344,19.520000457763672,19.600000381469727,5.9665679931640625,1702800,0.0,0.0
2004-08-10,19.600000381469727,19.84000015258789,19.350000381469727,19.81999969482422,6.03354024887085,3146700,0.0,0.0
2004-08-11,19.56999969482422,20.229999542236328,19.520000457763672,20.219999313354492,6.155307769775391,3711300,0.0,0.0
2004-08-12,20.09000015258789,20.389999389648438,20.0,20.270000457763672,6.170526504516602,2876700,0.0,0.0
2004-08-13,20.15999984741211,20.459999084472656,20.020000457763672,20.190000534057617,6.146172523498535,1036000,0.0,0.0
2004-08-16,20.229999542236328,20.540000915527344,20.059999465942383,20.360000610351562,6.19792366027832,2129000,0.0,0.0
2004-08-17,20.31999969482422,20.600000381469727,20.290000915527344,20.3700008392334,6.200967788696289,1159900,0.0,0.0
2004-08-18,20.31999969482422,20.540000915527344,20.15999984741211,20.420000076293945,6.216187953948975,1135400,0.0,0.0
2004-08-19,20.34000015258789,20.479999542236328,20.030000686645508,20.219999313354492,6.155307769775391,2429200,0.0,0.0
2004-08-20,20.170000076293945,20.270000457763672,19.979999542236328,20.079999923706055,6.112686634063721,2495000,0.0,0.0
2004-08-23,20.079999923706055,20.43000030517578,19.90999984741211,20.0,6.088335037231445,1766600,0.0,0.0
2004-08-24,20.0,20.290000915527344,19.950000762939453,20.059999465942383,6.10659646987915,1478100,0.0,0.0
2004-08-25,20.059999465942383,20.600000381469727,19.93000030517578,20.450000762939453,6.2253217697143555,2033800,0.0,0.0
2004-08-26,20.530000686645508,20.579999923706055,20.299999237060547,20.5,6.240541458129883,1067600,0.0,0.0
2004-08-27,20.5,20.6200008392334,20.440000534057617,20.510000228881836,6.243584632873535,1004400,0.0,0.0
2004-08-30,20.549999237060547,20.549999237060547,20.229999542236328,20.280000686645508,6.173569202423096,1458200,0.0,0.0
2004-08-31,20.309999465942383,20.690000534057617,20.200000762939453,20.649999618530273,6.286205291748047,2298500,0.0,0.0
2004-09-01,20.649999618530273,20.670000076293945,20.219999313354492,20.43000030517578,6.21923303604126,1476600,0.0,0.0
2004-09-02,20.280000686645508,20.579999923706055,20.170000076293945,20.450000762939453,6.2253217697143555,1755400,0.0,0.0
2004-09-03,20.43000030517578,20.700000762939453,20.389999389648438,20.479999542236328,6.2344560623168945,1067000,0.0,0.0
2004-09-07,20.649999618530273,20.850000381469727,20.520000457763672,20.59000015258789,6.267937183380127,1078800,0.0,0.0
2004-09-08,19.399999618530273,19.700000762939453,19.3700008392334,19.479999542236328,5.9300360679626465,4536200,0.0,0.0
2004-09-09,20.399999618530273,20.399999618530273,19.3700008392334,19.5,5.936126232147217,1532200,0.0,0.0
2004-09-10,18.959999084472656,19.40999984741211,18.959999084472656,19.299999237060547,5.875243663787842,1842500,0.0,0.0
2004-09-13,19.299999237060547,19.639999389648438,19.190000534057617,19.280000686645508,5.869152545928955,1444800,0.0,0.0
2004-09-14,19.350000381469727,19.639999389648438,19.260000228881836,19.520000457763672,5.942215442657471,1286500,0.0,0.0
2004-09-15,19.729999542236328,19.729999542236328,18.950000762939453,19.079999923706055,5.808269500732422,2753900,0.0,0.0
2004-09-16,19.040000915527344,19.18000030517578,18.59000015258789,18.6200008392334,5.680147647857666,3122900,0.04,0.0
2004-09-17,18.6200008392334,19.079999923706055,18.579999923706055,18.950000762939453,5.780815601348877,2895500,0.0,0.0
2004-09-20,18.950000762939453,19.059999465942383,18.6200008392334,18.8700008392334,5.756412506103516,2558600,0.0,0.0
2004-09-21,18.8799991607666,19.360000610351562,18.780000686645508,19.299999237060547,5.887587070465088,3101700,0.0,0.0
2004-09-22,19.18000030517578,19.40999984741211,19.0,19.110000610351562,5.829624652862549,2370200,0.0,0.0
2004-09-23,19.18000030517578,19.280000686645508,18.90999984741211,19.049999237060547,5.8113203048706055,2054100,0.0,0.0
2004-09-24,19.049999237060547,19.31999969482422,18.969999313354492,19.229999542236328,5.866230010986328,1682500,0.0,0.0
2004-09-27,19.229999542236328,19.229999542236328,18.969999313354492,19.040000915527344,5.8082685470581055,1486700,0.0,0.0
2004-09-28,19.049999237060547,19.239999771118164,18.809999465942383,18.959999084472656,5.783864498138428,2103300,0.0,0.0
2004-09-29,18.989999771118164,19.15999984741211,18.719999313354492,19.06999969482422,5.817421913146973,801300,0.0,0.0
2004-09-30,18.81999969482422,19.209999084472656,18.450000762939453,18.899999618530273,5.765562057495117,2723500,0.0,0.0
2004-10-01,18.850000381469727,19.450000762939453,18.809999465942383,19.360000610351562,5.905889511108398,1326500,0.0,0.0
2004-10-04,19.399999618530273,19.690000534057617,19.329999923706055,19.5,5.948593616485596,1118800,0.0,0.0
2004-10-05,19.350000381469727,19.600000381469727,19.31999969482422,19.440000534057617,5.930294036865234,444300,0.0,0.0
2004-10-06,19.450000762939453,19.56999969482422,19.309999465942383,19.399999618530273,5.9180908203125,689700,0.0,0.0
2004-10-07,19.579999923706055,19.579999923706055,19.290000915527344,19.3700008392334,5.908938884735107,743400,0.0,0.0
2004-10-08,19.3700008392334,19.579999923706055,19.260000228881836,19.420000076293945,5.924194812774658,1294900,0.0,0.0
2004-10-11,19.399999618530273,19.469999313354492,19.260000228881836,19.399999618530273,5.9180908203125,765900,0.0,0.0
2004-10-12,19.399999618530273,19.459999084472656,19.1299991607666,19.31999969482422,5.8936872482299805,1037400,0.0,0.0
2004-10-13,19.34000015258789,19.3700008392334,19.09000015258789,19.209999084472656,5.860132694244385,1092800,0.0,0.0
2004-10-14,19.239999771118164,19.3700008392334,19.0,19.059999465942383,5.814371585845947,1337800,0.0,0.0
2004-10-15,19.200000762939453,19.200000762939453,18.920000076293945,19.0,5.79606819152832,1130100,0.0,0.0
2004-10-18,19.0,19.170000076293945,18.920000076293945,19.0,5.79606819152832,821800,0.0,0.0
2004-10-19,19.100000381469727,19.100000381469727,18.860000610351562,18.940000534057617,5.777765274047852,795600,0.0,0.0
2004-10-20,18.850000381469727,18.8799991607666,18.530000686645508,18.84000015258789,5.747259140014648,1157500,0.0,0.0
2004-10-21,18.799999237060547,19.030000686645508,18.670000076293945,18.93000030517578,5.774713516235352,513500,0.0,0.0
2004-10-22,19.010000228881836,19.15999984741211,18.809999465942383,18.93000030517578,5.774713516235352,821100,0.0,0.0
2004-10-25,18.84000015258789,18.889999389648438,18.600000381469727,18.81999969482422,5.741158962249756,556600,0.0,0.0
2004-10-26,18.729999542236328,18.780000686645508,18.56999969482422,18.670000076293945,5.695400238037109,1195500,0.0,0.0
2004-10-27,18.6200008392334,18.989999771118164,18.459999084472656,18.889999389648438,5.762511730194092,1853200,0.0,0.0
2004-10-28,19.530000686645508,20.75,19.510000228881836,20.670000076293945,6.305511951446533,3599000,0.0,0.0
2004-10-29,20.649999618530273,20.950000762939453,20.15999984741211,20.90999984741211,6.378725528717041,1631800,0.0,0.0
2004-11-01,20.90999984741211,21.010000228881836,20.510000228881836,20.959999084472656,6.393978118896484,1060500,0.0,0.0
2004-11-02,20.860000610351562,21.34000015258789,20.809999465942383,21.100000381469727,6.436686038970947,1051700,0.0,0.0
2004-11-03,21.299999237060547,21.43000030517578,21.190000534057617,21.43000030517578,6.537352561950684,1763400,0.0,0.0
2004-11-04,21.43000030517578,21.889999389648438,21.190000534057617,21.889999389648438,6.6776814460754395,1237900,0.0,0.0
2004-11-05,22.0,22.049999237060547,21.68000030517578,21.940000534057617,6.692934513092041,1084300,0.0,0.0
2004-11-08,22.030000686645508,22.079999923706055,21.829999923706055,21.950000762939453,6.695986270904541,801900,0.0,0.0
2004-11-09,22.229999542236328,22.229999542236328,21.829999923706055,21.899999618530273,6.680730819702148,863800,0.0,0.0
2004-11-10,22.010000228881836,22.18000030517578,21.729999542236328,22.110000610351562,6.744792938232422,831500,0.0,0.0
2004-11-11,22.059999465942383,22.06999969482422,21.40999984741211,21.56999969482422,6.580063343048096,1801000,0.0,0.0
2004-11-12,21.56999969482422,21.56999969482422,20.850000381469727,21.200000762939453,6.46719217300415,2343000,0.0,0.0
2004-11-15,21.229999542236328,21.59000015258789,21.170000076293945,21.520000457763672,6.564807891845703,1285700,0.0,0.0
2004-11-16,21.450000762939453,21.639999389648438,21.290000915527344,21.440000534057617,6.5404052734375,574500,0.0,0.0
2004-11-17,21.420000076293945,21.75,21.280000686645508,21.31999969482422,6.503799915313721,1387500,0.0,0.0
2004-11-18,21.31999969482422,21.329999923706055,20.75,20.969999313354492,6.397028923034668,2869500,0.0,0.0
2004-11-19,20.969999313354492,21.020000457763672,20.65999984741211,20.709999084472656,6.317713260650635,1820500,0.0,0.0
2004-11-22,20.799999237060547,20.899999618530273,20.639999389648438,20.75,6.329919338226318,1036800,0.0,0.0
2004-11-23,20.799999237060547,20.860000610351562,20.59000015258789,20.760000228881836,6.3329668045043945,951400,0.0,0.0
2004-11-24,20.760000228881836,20.8799991607666,20.65999984741211,20.770000457763672,6.3360185623168945,584400,0.0,0.0
2004-11-26,20.719999313354492,20.93000030517578,20.719999313354492,20.729999542236328,6.323815822601318,302000,0.0,0.0
2004-11-29,20.799999237060547,20.84000015258789,20.389999389648438,20.700000762939453,6.314661979675293,944000,0.0,0.0
2004-11-30,20.709999084472656,20.799999237060547,20.399999618530273,20.799999237060547,6.3451714515686035,1441300,0.0,0.0
2004-12-01,20.950000762939453,21.0,20.700000762939453,20.950000762939453,6.4032416343688965,1166300,0.04,0.0
2004-12-02,21.0,21.139999389648438,20.850000381469727,21.100000381469727,6.449087619781494,981300,0.0,0.0
2004-12-03,21.079999923706055,21.479999542236328,21.030000686645508,21.290000915527344,6.507160663604736,1188600,0.0,0.0
2004-12-06,21.110000610351562,21.1200008392334,20.889999389648438,21.0,6.418524265289307,677900,0.0,0.0
2004-12-07,21.1299991607666,21.229999542236328,20.860000610351562,20.860000610351562,6.375736713409424,951700,0.0,0.0
2004-12-08,20.790000915527344,20.979999542236328,20.709999084472656,20.75,6.342113494873047,674600,0.0,0.0
2004-12-09,20.81999969482422,21.020000457763672,20.6200008392334,20.989999771118164,6.415468215942383,681600,0.0,0.0
2004-12-10,20.899999618530273,21.139999389648438,20.809999465942383,20.899999618530273,6.387960910797119,1096600,0.0,0.0
2004-12-13,20.90999984741211,20.950000762939453,20.530000686645508,20.6299991607666,6.305434226989746,911400,0.0,0.0
2004-12-14,20.75,20.90999984741211,20.690000534057617,20.780000686645508,6.351282119750977,1141500,0.0,0.0
2004-12-15,20.850000381469727,21.09000015258789,20.690000534057617,21.09000015258789,6.446030616760254,971800,0.0,0.0
2004-12-16,20.850000381469727,21.540000915527344,20.34000015258789,21.43000030517578,6.54995059967041,2463600,0.0,0.0
2004-12-17,21.049999237060547,21.219999313354492,20.8700008392334,20.8799991607666,6.3818464279174805,2803700,0.0,0.0
2004-12-20,20.979999542236328,20.979999542236328,20.40999984741211,20.5,6.265702247619629,1413300,0.0,0.0
2004-12-21,20.549999237060547,20.549999237060547,20.329999923706055,20.40999984741211,6.238192558288574,1119200,0.0,0.0
2004-12-22,20.440000534057617,20.610000610351562,20.31999969482422,20.5,6.265702247619629,969600,0.0,0.0
2004-12-23,20.440000534057617,20.440000534057617,20.190000534057617,20.329999923706055,6.213740825653076,977900,0.0,0.0
2004-12-27,20.469999313354492,20.65999984741211,20.34000015258789,20.579999923706055,6.290152549743652,956400,0.0,0.0
2004-12-28,20.6299991607666,20.6299991607666,20.360000610351562,20.450000762939453,6.250420570373535,818200,0.0,0.0
2004-12-29,20.5,20.520000457763672,20.299999237060547,20.520000457763672,6.271814346313477,1082900,0.0,0.0
2004-12-30,20.610000610351562,20.790000915527344,20.530000686645508,20.729999542236328,6.335999011993408,531600,0.0,0.0
2004-12-31,20.65999984741211,21.0,20.579999923706055,20.850000381469727,6.372679233551025,775200,0.0,0.0
2005-01-03,21.030000686645508,21.1299991607666,20.850000381469727,20.969999313354492,6.409356594085693,1511900,0.0,0.0
2005-01-04,20.889999389648438,21.149999618530273,20.68000030517578,20.799999237060547,6.357397079467773,1031800,0.0,0.0
2005-01-05,20.860000610351562,20.920000076293945,20.639999389648438,20.649999618530273,6.311548233032227,712500,0.0,0.0
2005-01-06,20.520000457763672,21.040000915527344,20.40999984741211,20.940000534057617,6.4001874923706055,1403100,0.0,0.0
2005-01-07,20.889999389648438,21.010000228881836,20.670000076293945,20.709999084472656,6.329889297485352,1050900,0.0,0.0
2005-01-10,20.729999542236328,21.040000915527344,20.450000762939453,20.93000030517578,6.397129535675049,1578500,0.0,0.0
2005-01-11,20.84000015258789,20.93000030517578,20.579999923706055,20.84000015258789,6.3696208000183105,892300,0.0,0.0
2005-01-12,20.829999923706055,20.950000762939453,20.670000076293945,20.889999389648438,6.384902000427246,561900,0.0,0.0
2005-01-13,20.850000381469727,20.899999618530273,20.520000457763672,20.579999923706055,6.290152549743652,857800,0.0,0.0
2005-01-14,20.68000030517578,20.709999084472656,20.299999237060547,20.540000915527344,6.277928352355957,762300,0.0,0.0
2005-01-18,20.440000534057617,20.860000610351562,20.31999969482422,20.760000228881836,6.345167636871338,1040200,0.0,0.0
2005-01-19,20.899999618530273,20.899999618530273,20.65999984741211,20.68000030517578,6.320718765258789,745400,0.0,0.0
2005-01-20,20.600000381469727,20.84000015258789,20.5,20.760000228881836,6.345167636871338,916700,0.0,0.0
2005-01-21,20.969999313354492,21.5,20.93000030517578,21.450000762939453,6.556065082550049,2469600,0.0,0.0
2005-01-24,21.479999542236328,21.579999923706055,21.18000030517578,21.18000030517578,6.473537445068359,1338800,0.0,0.0
2005-01-25,21.219999313354492,21.719999313354492,21.190000534057617,21.549999237060547,6.586628437042236,1209500,0.0,0.0
2005-01-26,21.530000686645508,21.600000381469727,21.18000030517578,21.520000457763672,6.577461242675781,1188900,0.0,0.0
2005-01-27,21.520000457763672,21.93000030517578,21.34000015258789,21.829999923706055,6.672206401824951,2351600,0.0,0.0
2005-01-28,21.829999923706055,21.8700008392334,21.350000381469727,21.700000762939453,6.632474899291992,1456100,0.0,0.0
2005-01-31,22.0,22.040000915527344,21.770000457763672,21.950000762939453,6.708888530731201,1619300,0.0,0.0
2005-02-01,21.920000076293945,21.969999313354492,21.65999984741211,21.899999618530273,6.693603992462158,1052500,0.0,0.0
2005-02-02,21.860000610351562,22.3700008392334,21.770000457763672,22.360000610351562,6.834198951721191,1280500,0.0,0.0
2005-02-03,22.3700008392334,22.700000762939453,22.239999771118164,22.700000762939453,6.9381184577941895,1885900,0.0,0.0
2005-02-04,22.700000762939453,23.360000610351562,22.600000381469727,23.049999237060547,7.045096397399902,3887100,0.0,0.0
2005-02-07,23.059999465942383,23.149999618530273,22.799999237060547,23.09000015258789,7.057316303253174,1506800,0.0,0.0
2005-02-08,22.950000762939453,23.190000534057617,22.93000030517578,23.149999618530273,7.075657844543457,1413000,0.0,0.0
2005-02-09,23.200000762939453,23.280000686645508,22.760000228881836,23.049999237060547,7.045096397399902,1432800,0.0,0.0
2005-02-10,22.959999084472656,23.100000381469727,22.799999237060547,22.899999618530273,6.99924898147583,1008000,0.0,0.0
2005-02-11,22.899999618530273,23.110000610351562,22.760000228881836,23.110000610351562,7.063431262969971,1225600,0.0,0.0
2005-02-14,22.8799991607666,22.889999389648438,21.93000030517578,22.549999237060547,6.892273426055908,3205900,0.0,0.0
2005-02-15,22.479999542236328,22.489999771118164,22.200000762939453,22.43000030517578,6.855595111846924,1450500,0.0,0.0
2005-02-16,23.0,23.350000381469727,22.81999969482422,23.0,7.029811382293701,3135100,0.0,0.0
2005-02-17,22.049999237060547,22.950000762939453,21.600000381469727,22.1200008392334,6.760847091674805,3706000,0.0,0.0
2005-02-18,22.1200008392334,22.1200008392334,21.770000457763672,21.829999923706055,6.672206401824951,1679400,0.0,0.0
2005-02-22,21.75,21.760000228881836,21.200000762939453,21.209999084472656,6.4827070236206055,1212000,0.0,0.0
2005-02-23,21.209999084472656,21.329999923706055,20.90999984741211,21.049999237060547,6.433801651000977,1567800,0.0,0.0
2005-02-24,21.0,21.31999969482422,20.6299991607666,21.239999771118164,6.491879940032959,1357800,0.0,0.0
2005-02-25,21.200000762939453,21.3700008392334,21.110000610351562,21.299999237060547,6.510218620300293,1256100,0.0,0.0
2005-02-28,21.190000534057617,21.360000610351562,21.040000915527344,21.350000381469727,6.5254998207092285,1088100,0.0,0.0
2005-03-01,21.520000457763672,21.899999618530273,21.399999618530273,21.760000228881836,6.650813102722168,1102800,0.0,0.0
2005-03-02,21.649999618530273,21.969999313354492,21.5,21.770000457763672,6.653871059417725,1223100,0.0,0.0
2005-03-03,21.889999389648438,21.889999389648438,21.610000610351562,21.75,6.647756099700928,887700,0.0,0.0
2005-03-04,21.760000228881836,21.940000534057617,21.700000762939453,21.860000610351562,6.681378364562988,837000,0.0,0.0
2005-03-07,21.8700008392334,21.899999618530273,21.700000762939453,21.739999771118164,6.644698143005371,782400,0.0,0.0
2005-03-08,21.75,21.81999969482422,21.1299991607666,21.18000030517578,6.473537445068359,1353000,0.0,0.0
2005-03-09,21.049999237060547,21.31999969482422,21.030000686645508,21.209999084472656,6.4827070236206055,1114200,0.0,0.0
2005-03-10,21.280000686645508,21.3799991607666,21.030000686645508,21.110000610351562,6.452146530151367,1008300,0.0,0.0
2005-03-11,21.040000915527344,21.079999923706055,20.75,20.829999923706055,6.3665666580200195,1476400,0.0,0.0
2005-03-14,20.920000076293945,21.290000915527344,20.8799991607666,21.049999237060547,6.433801651000977,1432600,0.0,0.0
2005-03-15,21.049999237060547,21.200000762939453,20.920000076293945,20.920000076293945,6.394072532653809,1316400,0.0,0.0
2005-03-16,20.860000610351562,21.0,20.610000610351562,20.639999389648438,6.3205766677856445,1265100,0.04,0.0
2005-03-17,20.649999618530273,21.020000457763672,20.639999389648438,20.920000076293945,6.406321048736572,2016800,0.0,0.0
2005-03-18,20.989999771118164,21.309999465942383,20.770000457763672,20.989999771118164,6.427758693695068,9490600,0.0,0.0
2005-03-21,21.200000762939453,21.3799991607666,20.950000762939453,20.969999313354492,6.421631813049316,1475800,0.0,0.0
2005-03-22,20.90999984741211,21.06999969482422,20.6299991607666,20.65999984741211,6.326704502105713,1324100,0.0,0.0
2005-03-23,20.670000076293945,20.84000015258789,20.229999542236328,20.389999389648438,6.244019508361816,1848100,0.0,0.0
2005-03-24,20.3799991607666,20.700000762939453,20.219999313354492,20.520000457763672,6.2838287353515625,1261800,0.0,0.0
2005-03-28,20.6299991607666,20.829999923706055,20.399999618530273,20.59000015258789,6.305266857147217,868300,0.0,0.0
2005-03-29,20.709999084472656,20.84000015258789,20.459999084472656,20.489999771118164,6.27464485168457,652400,0.0,0.0
2005-03-30,20.600000381469727,20.780000686645508,20.549999237060547,20.68000030517578,6.332827568054199,1047500,0.0,0.0
2005-03-31,20.729999542236328,20.8799991607666,20.420000076293945,20.520000457763672,6.2838287353515625,1115700,0.0,0.0
2005-04-01,20.559999465942383,20.719999313354492,20.31999969482422,20.489999771118164,6.27464485168457,1120900,0.0,0.0
2005-04-04,20.420000076293945,20.65999984741211,20.309999465942383,20.59000015258789,6.305266857147217,828900,0.0,0.0
2005-04-05,20.549999237060547,20.719999313354492,20.43000030517578,20.610000610351562,6.311389923095703,957200,0.0,0.0
2005-04-06,20.709999084472656,20.760000228881836,20.450000762939453,20.5,6.277704238891602,578500,0.0,0.0
2005-04-07,20.5,20.6299991607666,20.350000381469727,20.459999084472656,6.265456199645996,1056400,0.0,0.0
2005-04-08,20.469999313354492,20.59000015258789,20.25,20.31999969482422,6.2225823402404785,636300,0.0,0.0
2005-04-11,20.360000610351562,20.360000610351562,20.079999923706055,20.25,6.201148509979248,708500,0.0,0.0
2005-04-12,20.309999465942383,21.190000534057617,20.309999465942383,21.049999237060547,6.446129322052002,1300600,0.0,0.0
2005-04-13,21.049999237060547,21.049999237060547,20.479999542236328,20.700000762939453,6.338948726654053,1738900,0.0,0.0
2005-04-14,20.780000686645508,20.84000015258789,20.6200008392334,20.709999084472656,6.342015266418457,1216000,0.0,0.0
2005-04-15,20.709999084472656,20.75,20.110000610351562,20.15999984741211,6.173586368560791,1366500,0.0,0.0
2005-04-18,20.190000534057617,20.350000381469727,20.040000915527344,20.079999923706055,6.149087905883789,1264000,0.0,0.0
2005-04-19,20.31999969482422,20.399999618530273,20.0,20.1299991607666,6.164402961730957,1281000,0.0,0.0
2005-04-20,20.100000381469727,20.5,19.709999084472656,19.739999771118164,6.0449700355529785,848100,0.0,0.0
2005-04-21,19.940000534057617,20.010000228881836,19.670000076293945,19.700000762939453,6.032721996307373,1724700,0.0,0.0
2005-04-22,19.709999084472656,19.90999984741211,19.5,19.579999923706055,5.995975494384766,2056800,0.0,0.0
2005-04-25,19.68000030517578,19.989999771118164,19.520000457763672,19.8700008392334,6.084782600402832,944400,0.0,0.0
2005-04-26,19.770000457763672,20.010000228881836,19.760000228881836,19.760000228881836,6.051096439361572,1121900,0.0,0.0
2005-04-27,19.6299991607666,19.799999237060547,19.100000381469727,19.579999923706055,5.995975494384766,1622000,0.0,0.0
2005-04-28,19.700000762939453,20.59000015258789,19.700000762939453,20.31999969482422,6.2225823402404785,2723700,0.0,0.0
2005-04-29,20.31999969482422,20.329999923706055,19.979999542236328,20.299999237060547,6.216456890106201,1353500,0.0,0.0
2005-05-02,20.5,20.600000381469727,20.229999542236328,20.3700008392334,6.2378973960876465,1174300,0.0,0.0
2005-05-03,20.270000457763672,20.31999969482422,19.860000610351562,20.1299991607666,6.164402961730957,997700,0.0,0.0
2005-05-04,20.239999771118164,20.510000228881836,20.06999969482422,20.450000762939453,6.26239538192749,1373100,0.0,0.0
2005-05-05,20.520000457763672,20.700000762939453,20.31999969482422,20.649999618530273,6.323637962341309,1501400,0.0,0.0
2005-05-06,20.639999389648438,21.1299991607666,20.6299991607666,20.799999237060547,6.3695759773254395,1636900,0.0,0.0
2005-05-09,20.65999984741211,21.15999984741211,20.59000015258789,21.100000381469727,6.4614434242248535,1667200,0.0,0.0
2005-05-10,20.959999084472656,21.299999237060547,20.799999237060547,21.110000610351562,6.464506149291992,1872400,0.0,0.0
2005-05-11,21.209999084472656,21.280000686645508,21.030000686645508,21.260000228881836,6.510439872741699,1581800,0.0,0.0
2005-05-12,21.360000610351562,21.549999237060547,21.100000381469727,21.190000534057617,6.489002704620361,1379700,0.0,0.0
2005-05-13,21.149999618530273,21.15999984741211,20.809999465942383,21.020000457763672,6.436947345733643,769400,0.0,0.0
2005-05-16,21.059999465942383,21.299999237060547,20.950000762939453,21.15999984741211,6.4798173904418945,547900,0.0,0.0
2005-05-17,21.030000686645508,21.110000610351562,20.790000915527344,21.079999923706055,6.455316543579102,840900,0.0,0.0
2005-05-18,21.110000610351562,21.360000610351562,21.06999969482422,21.350000381469727,6.53800106048584,760700,0.0,0.0
2005-05-19,21.450000762939453,21.739999771118164,20.989999771118164,21.649999618530273,6.6298675537109375,1187300,0.0,0.0
2005-05-20,21.65999984741211,21.700000762939453,21.40999984741211,21.59000015258789,6.61149263381958,936000,0.0,0.0
2005-05-23,21.540000915527344,21.940000534057617,21.510000228881836,21.8700008392334,6.697239875793457,1690700,0.0,0.0
2005-05-24,21.729999542236328,22.15999984741211,21.729999542236328,22.020000457763672,6.7431745529174805,1600800,0.0,0.0
2005-05-25,21.920000076293945,22.219999313354492,21.850000381469727,22.139999389648438,6.779923439025879,1286500,0.0,0.0
2005-05-26,22.100000381469727,22.299999237060547,21.899999618530273,22.049999237060547,6.752360820770264,1032900,0.0,0.0
2005-05-27,22.049999237060547,22.1299991607666,21.950000762939453,22.049999237060547,6.752360820770264,714900,0.0,0.0
2005-05-31,22.100000381469727,22.100000381469727,21.780000686645508,21.8799991607666,6.700300693511963,802500,0.0,0.0
2005-06-01,21.920000076293945,22.0,21.65999984741211,21.809999465942383,6.6788649559021,1621200,0.0,0.0
2005-06-02,21.700000762939453,21.84000015258789,21.299999237060547,21.799999237060547,6.675805568695068,1081200,0.0,0.0
2005-06-03,21.700000762939453,22.0,21.690000534057617,21.81999969482422,6.681928634643555,1026300,0.0,0.0
2005-06-06,21.75,21.81999969482422,21.6299991607666,21.760000228881836,6.663555145263672,786700,0.0,0.0
2005-06-07,21.860000610351562,22.0,21.780000686645508,21.920000076293945,6.712550163269043,912600,0.0,0.0
2005-06-08,21.940000534057617,21.989999771118164,21.649999618530273,21.75,6.660490036010742,887800,0.0,0.0
2005-06-09,21.829999923706055,22.059999465942383,21.65999984741211,21.90999984741211,6.709488391876221,1512600,0.0,0.0
2005-06-10,22.09000015258789,22.34000015258789,22.06999969482422,22.270000457763672,6.819729328155518,1437500,0.0,0.0
2005-06-13,22.280000686645508,22.5,22.209999084472656,22.31999969482422,6.835044860839844,1064700,0.0,0.0
2005-06-14,22.299999237060547,22.469999313354492,22.149999618530273,22.200000762939453,6.7982964515686035,1237500,0.0,0.0
2005-06-15,22.280000686645508,22.299999237060547,21.920000076293945,22.200000762939453,6.8105669021606445,1179300,0.04,0.0
2005-06-16,22.190000534057617,22.350000381469727,22.020000457763672,22.290000915527344,6.838177680969238,1870900,0.0,0.0
2005-06-17,22.5,22.5,22.0,22.389999389648438,6.8688554763793945,1442800,0.0,0.0
2005-06-20,22.3799991607666,22.440000534057617,22.170000076293945,22.200000762939453,6.8105669021606445,1637800,0.0,0.0
2005-06-21,22.1200008392334,22.209999084472656,21.989999771118164,22.020000457763672,6.755346298217773,957900,0.0,0.0
2005-06-22,22.5,22.549999237060547,22.110000610351562,22.350000381469727,6.856586456298828,1759900,0.0,0.0
2005-06-23,22.43000030517578,22.75,22.399999618530273,22.639999389648438,6.945552825927734,1777100,0.0,0.0
2005-06-24,22.739999771118164,22.790000915527344,22.270000457763672,22.3799991607666,6.865786075592041,2366200,0.0,0.0
2005-06-27,22.450000762939453,22.729999542236328,22.34000015258789,22.670000076293945,6.954756736755371,2068900,0.0,0.0
2005-06-28,22.760000228881836,22.809999465942383,22.469999313354492,22.520000457763672,6.908738613128662,1350200,0.0,0.0
2005-06-29,22.5,22.5,22.18000030517578,22.219999313354492,6.816703796386719,1701900,0.0,0.0
2005-06-30,22.25,22.559999465942383,22.0,22.010000228881836,6.752277374267578,1671000,0.0,0.0
2005-07-01,22.059999465942383,22.149999618530273,21.989999771118164,22.059999465942383,6.767618656158447,1485400,0.0,0.0
2005-07-05,22.059999465942383,22.15999984741211,21.850000381469727,21.969999313354492,6.740006446838379,2077800,0.0,0.0
2005-07-06,22.0,22.030000686645508,21.639999389648438,21.649999618530273,6.641837120056152,1813000,0.0,0.0
2005-07-07,21.579999923706055,21.950000762939453,21.540000915527344,21.84000015258789,6.700124740600586,3208800,0.0,0.0
2005-07-08,21.920000076293945,22.18000030517578,21.81999969482422,22.079999923706055,6.773751258850098,3344100,0.0,0.0
2005-07-11,22.030000686645508,22.09000015258789,21.850000381469727,21.899999618530273,6.718534469604492,1776200,0.0,0.0
2005-07-12,22.0,22.209999084472656,21.5,21.959999084472656,6.736940383911133,1209900,0.0,0.0
2005-07-13,21.959999084472656,22.049999237060547,21.780000686645508,21.979999542236328,6.743075370788574,1418800,0.0,0.0
2005-07-14,21.920000076293945,22.190000534057617,21.899999618530273,22.09000015258789,6.776821613311768,1272500,0.0,0.0
2005-07-15,22.040000915527344,22.139999389648438,21.860000610351562,22.0,6.749208927154541,982200,0.0,0.0
2005-07-18,22.049999237060547,22.1200008392334,21.899999618530273,21.959999084472656,6.736940383911133,732200,0.0,0.0
2005-07-19,22.299999237060547,22.989999771118164,22.299999237060547,22.8799991607666,7.019178867340088,3864700,0.0,0.0
2005-07-20,22.799999237060547,22.84000015258789,22.510000228881836,22.719999313354492,6.970096111297607,1591500,0.0,0.0
2005-07-21,22.799999237060547,23.049999237060547,22.700000762939453,22.90999984741211,7.028385162353516,1872900,0.0,0.0
2005-07-22,22.84000015258789,22.8799991607666,22.6200008392334,22.739999771118164,6.976227283477783,1274800,0.0,0.0
2005-07-25,22.739999771118164,22.799999237060547,22.34000015258789,22.40999984741211,6.874991416931152,1279000,0.0,0.0
2005-07-26,22.3700008392334,22.809999465942383,22.270000457763672,22.75,6.979295253753662,1146800,0.0,0.0
2005-07-27,22.950000762939453,23.190000534057617,22.729999542236328,22.959999084472656,7.0437235832214355,1862000,0.0,0.0
2005-07-28,23.280000686645508,23.899999618530273,23.270000457763672,23.600000381469727,7.240062236785889,3866400,0.0,0.0
2005-07-29,23.559999465942383,23.920000076293945,23.479999542236328,23.5,7.209384441375732,2805000,0.0,0.0
2005-08-01,23.6200008392334,23.899999618530273,23.59000015258789,23.719999313354492,7.27687406539917,2621700,0.0,0.0
2005-08-02,23.700000762939453,23.719999313354492,23.31999969482422,23.649999618530273,7.255400657653809,1345500,0.0,0.0
2005-08-03,23.649999618530273,23.75,23.450000762939453,23.739999771118164,7.283012866973877,1426600,0.0,0.0
2005-08-04,23.6299991607666,23.670000076293945,23.350000381469727,23.489999771118164,7.2063164710998535,1641100,0.0,0.0
2005-08-05,23.43000030517578,23.440000534057617,23.040000915527344,23.18000030517578,7.111216068267822,1154700,0.0,0.0
2005-08-08,23.25,23.270000457763672,22.520000457763672,23.059999465942383,7.074401378631592,1160900,0.0,0.0
2005-08-09,23.1299991607666,23.209999084472656,22.950000762939453,23.049999237060547,7.0713324546813965,1358600,0.0,0.0
2005-08-10,23.049999237060547,23.469999313354492,23.049999237060547,23.200000762939453,7.117348670959473,1058200,0.0,0.0
2005-08-11,23.100000381469727,23.139999389648438,22.75,23.1200008392334,7.092806339263916,1191900,0.0,0.0
2005-08-12,23.0,23.200000762939453,22.760000228881836,23.100000381469727,7.086671829223633,985100,0.0,0.0
2005-08-15,23.049999237060547,23.09000015258789,22.790000915527344,22.8799991607666,7.019178867340088,841600,0.0,0.0
2005-08-16,22.889999389648438,23.06999969482422,22.700000762939453,23.049999237060547,7.0713324546813965,1734600,0.0,0.0
2005-08-17,23.06999969482422,23.09000015258789,22.899999618530273,23.0,7.055990695953369,1171000,0.0,0.0
2005-08-18,22.899999618530273,23.0,22.639999389648438,22.68000030517578,6.957821846008301,1466000,0.0,0.0
2005-08-19,22.790000915527344,22.799999237060547,22.6200008392334,22.649999618530273,6.9486165046691895,1180600,0.0,0.0
2005-08-22,22.760000228881836,22.780000686645508,22.459999084472656,22.600000381469727,6.9332804679870605,1058300,0.0,0.0
2005-08-23,22.65999984741211,22.670000076293945,22.170000076293945,22.170000076293945,6.801363945007324,1755200,0.0,0.0
2005-08-24,22.190000534057617,22.299999237060547,22.100000381469727,22.170000076293945,6.801363945007324,1281500,0.0,0.0
2005-08-25,22.149999618530273,22.260000228881836,22.040000915527344,22.18000030517578,6.804431915283203,1138300,0.0,0.0
2005-08-26,22.229999542236328,22.229999542236328,22.0,22.0,6.749208927154541,1135400,0.0,0.0
2005-08-29,21.850000381469727,22.489999771118164,21.829999923706055,22.40999984741211,6.874991416931152,1790000,0.0,0.0
2005-08-30,22.280000686645508,22.389999389648438,22.1299991607666,22.280000686645508,6.835109233856201,1241200,0.0,0.0
2005-08-31,22.260000228881836,22.360000610351562,22.0,22.350000381469727,6.856586456298828,1440300,0.0,0.0
2005-09-01,22.290000915527344,22.40999984741211,22.200000762939453,22.270000457763672,6.832039833068848,1879400,0.0,0.0
2005-09-02,22.209999084472656,22.290000915527344,21.940000534057617,21.959999084472656,6.736940383911133,1246200,0.0,0.0
2005-09-06,22.049999237060547,22.25,22.010000228881836,22.170000076293945,6.801363945007324,1869500,0.0,0.0
2005-09-07,22.149999618530273,22.170000076293945,22.049999237060547,22.100000381469727,6.779890060424805,1755900,0.0,0.0
2005-09-08,20.520000457763672,20.670000076293945,19.969999313354492,19.989999771118164,6.132577419281006,15870900,0.0,0.0
2005-09-09,19.729999542236328,20.100000381469727,19.450000762939453,19.649999618530273,6.0282721519470215,8066800,0.0,0.0
2005-09-12,19.600000381469727,20.15999984741211,19.600000381469727,20.100000381469727,6.166324615478516,3588200,0.0,0.0
2005-09-13,19.969999313354492,20.049999237060547,19.65999984741211,19.65999984741211,6.031340599060059,3285000,0.0,0.0
2005-09-14,19.75,19.850000381469727,19.450000762939453,19.459999084472656,5.9699835777282715,3549200,0.0,0.0
2005-09-15,19.5,19.780000686645508,19.440000534057617,19.639999389648438,6.037614345550537,2400100,0.04,0.0
2005-09-16,19.770000457763672,19.90999984741211,19.469999313354492,19.520000457763672,6.000725269317627,5340300,0.0,0.0
2005-09-19,19.479999542236328,19.540000915527344,19.31999969482422,19.440000534057617,5.976133346557617,2058600,0.0,0.0
2005-09-20,19.100000381469727,19.18000030517578,19.010000228881836,19.1299991607666,5.880834102630615,3540100,0.0,0.0
2005-09-21,19.059999465942383,19.190000534057617,19.010000228881836,19.110000610351562,5.8746867179870605,2212700,0.0,0.0
2005-09-22,19.15999984741211,19.219999313354492,19.059999465942383,19.200000762939453,5.902353763580322,1758500,0.0,0.0
2005-09-23,19.229999542236328,19.280000686645508,19.139999389648438,19.139999389648438,5.883910179138184,1096300,0.0,0.0
2005-09-26,19.299999237060547,19.440000534057617,19.25,19.360000610351562,5.951539039611816,1240600,0.0,0.0
2005-09-27,19.299999237060547,19.469999313354492,19.209999084472656,19.360000610351562,5.951539039611816,1296200,0.0,0.0
2005-09-28,19.440000534057617,19.479999542236328,19.260000228881836,19.420000076293945,5.969986438751221,1624600,0.0,0.0
2005-09-29,19.329999923706055,19.43000030517578,19.049999237060547,19.3799991607666,5.957686424255371,1265300,0.0,0.0
2005-09-30,19.420000076293945,19.540000915527344,19.3700008392334,19.5,5.994574546813965,867200,0.0,0.0
2005-10-03,19.549999237060547,19.600000381469727,19.420000076293945,19.510000228881836,5.997649192810059,1115300,0.0,0.0
2005-10-04,19.510000228881836,19.600000381469727,19.469999313354492,19.510000228881836,5.997649192810059,1705900,0.0,0.0
2005-10-05,19.5,19.649999618530273,19.420000076293945,19.5,5.994574546813965,1188400,0.0,0.0
2005-10-06,19.469999313354492,19.579999923706055,19.420000076293945,19.549999237060547,6.009945392608643,1333500,0.0,0.0
2005-10-07,19.649999618530273,19.700000762939453,19.459999084472656,19.68000030517578,6.049911975860596,1302200,0.0,0.0
2005-10-10,19.68000030517578,19.68000030517578,19.280000686645508,19.309999465942383,5.936168193817139,1089600,0.0,0.0
2005-10-11,19.299999237060547,19.399999618530273,19.18000030517578,19.219999313354492,5.908498764038086,1206700,0.0,0.0
2005-10-12,19.170000076293945,19.450000762939453,19.1200008392334,19.170000076293945,5.893130779266357,837600,0.0,0.0
2005-10-13,19.100000381469727,19.25,19.020000457763672,19.18000030517578,5.896202087402344,1036000,0.0,0.0
2005-10-14,19.15999984741211,19.219999313354492,19.010000228881836,19.149999618530273,5.886983871459961,1657300,0.0,0.0
2005-10-17,19.100000381469727,19.440000534057617,19.09000015258789,19.360000610351562,5.951539039611816,925400,0.0,0.0
2005-10-18,19.260000228881836,19.809999465942383,19.25,19.760000228881836,6.074507236480713,1424700,0.0,0.0
2005-10-19,19.65999984741211,19.8700008392334,19.399999618530273,19.790000915527344,6.083726406097412,847500,0.0,0.0
2005-10-20,19.790000915527344,19.899999618530273,19.520000457763672,19.56999969482422,6.016093730926514,710600,0.0,0.0
2005-10-21,19.559999465942383,19.65999984741211,19.31999969482422,19.510000228881836,5.997649192810059,939200,0.0,0.0
2005-10-24,19.600000381469727,19.940000534057617,19.579999923706055,19.899999618530273,6.117541790008545,936800,0.0,0.0
2005-10-25,19.790000915527344,19.950000762939453,19.549999237060547,19.760000228881836,6.074507236480713,823000,0.0,0.0
2005-10-26,19.549999237060547,19.65999984741211,19.25,19.450000762939453,5.97920560836792,2014200,0.0,0.0
2005-10-27,19.079999923706055,19.209999084472656,18.68000030517578,18.860000610351562,5.797832489013672,2750000,0.0,0.0
2005-10-28,18.899999618530273,19.059999465942383,18.809999465942383,18.90999984741211,5.8132004737854,2889100,0.0,0.0
2005-10-31,18.93000030517578,18.989999771118164,18.84000015258789,18.899999618530273,5.810128688812256,2037800,0.0,0.0
2005-11-01,18.8700008392334,19.1200008392334,18.829999923706055,18.950000762939453,5.825499057769775,1550100,0.0,0.0
2005-11-02,18.950000762939453,19.100000381469727,18.93000030517578,18.940000534057617,5.822423458099365,1585500,0.0,0.0
2005-11-03,18.899999618530273,18.950000762939453,18.690000534057617,18.75,5.764017581939697,1375200,0.0,0.0
2005-11-04,18.719999313354492,18.809999465942383,18.56999969482422,18.709999084472656,5.751718997955322,1132900,0.0,0.0
2005-11-07,18.65999984741211,18.809999465942383,18.649999618530273,18.700000762939453,5.748646259307861,695300,0.0,0.0
2005-11-08,18.600000381469727,18.760000228881836,18.559999465942383,18.6200008392334,5.724053859710693,771100,0.0,0.0
2005-11-09,18.600000381469727,18.709999084472656,18.520000457763672,18.649999618530273,5.733274459838867,719200,0.0,0.0
2005-11-10,18.690000534057617,19.100000381469727,18.6299991607666,18.90999984741211,5.8132004737854,1320700,0.0,0.0
2005-11-11,18.81999969482422,19.040000915527344,18.719999313354492,18.979999542236328,5.834720611572266,658200,0.0,0.0
2005-11-14,18.920000076293945,18.989999771118164,18.799999237060547,18.889999389648438,5.807054042816162,855300,0.0,0.0
2005-11-15,18.920000076293945,18.979999542236328,18.649999618530273,18.690000534057617,5.745569705963135,1036600,0.0,0.0
2005-11-16,18.670000076293945,18.93000030517578,18.65999984741211,18.780000686645508,5.773240089416504,938300,0.0,0.0
2005-11-17,18.770000457763672,18.899999618530273,18.709999084472656,18.8700008392334,5.800907611846924,722300,0.0,0.0
2005-11-18,19.049999237060547,19.059999465942383,18.799999237060547,19.040000915527344,5.8531646728515625,851400,0.0,0.0
2005-11-21,18.950000762939453,19.06999969482422,18.940000534057617,18.950000762939453,5.825499057769775,1144700,0.0,0.0
2005-11-22,18.829999923706055,19.030000686645508,18.81999969482422,19.0,5.840868949890137,1411900,0.0,0.0
2005-11-23,19.0,19.68000030517578,18.950000762939453,19.549999237060547,6.009945392608643,1257000,0.0,0.0
2005-11-25,19.600000381469727,19.6200008392334,19.3799991607666,19.530000686645508,6.003801345825195,339700,0.0,0.0
2005-11-28,19.459999084472656,19.56999969482422,19.399999618530273,19.469999313354492,5.985355854034424,561400,0.0,0.0
2005-11-29,19.389999389648438,19.610000610351562,19.31999969482422,19.530000686645508,6.003801345825195,1074500,0.0,0.0
2005-11-30,19.350000381469727,19.469999313354492,19.209999084472656,19.219999313354492,5.920626163482666,1687600,0.04,0.0
2005-12-01,19.450000762939453,20.06999969482422,19.450000762939453,20.020000457763672,6.167063236236572,2017100,0.0,0.0
2005-12-02,19.829999923706055,19.920000076293945,19.719999313354492,19.770000457763672,6.090051651000977,1322300,0.0,0.0
2005-12-05,19.670000076293945,20.329999923706055,19.649999618530273,20.149999618530273,6.207110404968262,1648500,0.0,0.0
2005-12-06,20.200000762939453,20.219999313354492,19.969999313354492,19.979999542236328,6.15474271774292,1354000,0.0,0.0
2005-12-07,20.059999465942383,20.059999465942383,19.649999618530273,19.719999313354492,6.074648857116699,1221400,0.0,0.0
2005-12-08,19.75,20.149999618530273,19.59000015258789,19.979999542236328,6.15474271774292,1207000,0.0,0.0
2005-12-09,20.06999969482422,20.3799991607666,19.920000076293945,20.190000534057617,6.2194318771362305,1106500,0.0,0.0
2005-12-12,20.190000534057617,20.299999237060547,20.059999465942383,20.18000030517578,6.216348648071289,746400,0.0,0.0
2005-12-13,20.09000015258789,20.309999465942383,19.950000762939453,20.110000610351562,6.194788932800293,1666700,0.0,0.0
2005-12-14,20.110000610351562,20.110000610351562,19.670000076293945,19.950000762939453,6.145501613616943,2447500,0.0,0.0
2005-12-15,19.5,19.950000762939453,19.149999618530273,19.899999618530273,6.1300950050354,1940900,0.0,0.0
2005-12-16,20.530000686645508,20.530000686645508,19.860000610351562,19.899999618530273,6.1300950050354,2112500,0.0,0.0
2005-12-19,19.010000228881836,20.100000381469727,19.010000228881836,19.799999237060547,6.099294662475586,1264000,0.0,0.0
2005-12-20,19.75,19.799999237060547,19.56999969482422,19.610000610351562,6.040766716003418,750800,0.0,0.0
2005-12-21,19.68000030517578,19.700000762939453,19.399999618530273,19.5,6.006878852844238,1202700,0.0,0.0
2005-12-22,19.579999923706055,19.65999984741211,19.450000762939453,19.540000915527344,6.019202709197998,695400,0.0,0.0
2005-12-23,19.59000015258789,19.649999618530273,19.469999313354492,19.530000686645508,6.016124248504639,419900,0.0,0.0
2005-12-27,19.510000228881836,19.6299991607666,19.31999969482422,19.3799991607666,5.969913005828857,579500,0.0,0.0
2005-12-28,19.389999389648438,19.40999984741211,19.010000228881836,19.1299991607666,5.892903804779053,1717900,0.0,0.0
2005-12-29,19.15999984741211,19.309999465942383,19.100000381469727,19.280000686645508,5.939108371734619,1055400,0.0,0.0
2005-12-30,19.170000076293945,19.219999313354492,19.020000457763672,19.170000076293945,5.905223846435547,583900,0.0,0.0
2006-01-03,19.260000228881836,19.3700008392334,19.0,19.270000457763672,5.936028480529785,2093200,0.0,0.0
2006-01-04,19.31999969482422,19.360000610351562,19.1299991607666,19.18000030517578,5.908304691314697,1536400,0.0,0.0
2006-01-05,19.200000762939453,19.360000610351562,19.18000030517578,19.350000381469727,5.960675239562988,1076700,0.0,0.0
2006-01-06,19.40999984741211,19.639999389648438,19.34000015258789,19.489999771118164,6.003798484802246,1065200,0.0,0.0
2006-01-09,19.40999984741211,19.469999313354492,19.1299991607666,19.309999465942383,5.948349475860596,1882500,0.0,0.0
2006-01-10,19.350000381469727,19.540000915527344,19.299999237060547,19.469999313354492,5.997638702392578,1387500,0.0,0.0
2006-01-11,19.5,19.549999237060547,19.43000030517578,19.510000228881836,6.0099592208862305,1845800,0.0,0.0
2006-01-12,19.260000228881836,19.440000534057617,19.260000228881836,19.389999389648438,5.972995758056641,1172000,0.0,0.0
2006-01-13,19.459999084472656,19.5,19.389999389648438,19.469999313354492,5.997638702392578,832100,0.0,0.0
2006-01-17,19.479999542236328,19.479999542236328,19.299999237060547,19.450000762939453,5.991477012634277,1045000,0.0,0.0
2006-01-18,19.440000534057617,19.489999771118164,19.059999465942383,19.190000534057617,5.911386013031006,1071000,0.0,0.0
2006-01-19,19.170000076293945,19.219999313354492,19.010000228881836,19.09000015258789,5.880580902099609,830900,0.0,0.0
2006-01-20,19.100000381469727,19.229999542236328,19.010000228881836,19.100000381469727,5.883661270141602,1348800,0.0,0.0
2006-01-23,19.18000030517578,19.239999771118164,19.06999969482422,19.1200008392334,5.8898234367370605,678700,0.0,0.0
2006-01-24,19.200000762939453,19.309999465942383,19.15999984741211,19.190000534057617,5.911386013031006,1228800,0.0,0.0
2006-01-25,19.299999237060547,19.309999465942383,18.940000534057617,18.979999542236328,5.8466949462890625,854200,0.0,0.0
2006-01-26,19.100000381469727,19.299999237060547,19.049999237060547,19.100000381469727,5.883661270141602,664600,0.0,0.0
2006-01-27,19.030000686645508,19.3799991607666,18.959999084472656,19.360000610351562,5.963753700256348,1037300,0.0,0.0
2006-01-30,19.75,19.989999771118164,19.709999084472656,19.90999984741211,6.133177757263184,1887900,0.0,0.0
2006-01-31,19.950000762939453,20.09000015258789,19.700000762939453,19.739999771118164,6.080809116363525,1564000,0.0,0.0
2006-02-01,19.6200008392334,19.920000076293945,19.6200008392334,19.719999313354492,6.074648857116699,1060700,0.0,0.0
2006-02-02,19.75,19.760000228881836,19.530000686645508,19.56999969482422,6.028439998626709,725100,0.0,0.0
2006-02-03,19.549999237060547,19.670000076293945,19.149999618530273,19.229999542236328,5.9237060546875,1591200,0.0,0.0
2006-02-06,19.25,19.450000762939453,19.200000762939453,19.34000015258789,5.957594394683838,1171200,0.0,0.0
2006-02-07,19.360000610351562,19.459999084472656,19.170000076293945,19.389999389648438,5.972995758056641,1024800,0.0,0.0
2006-02-08,19.329999923706055,19.540000915527344,19.309999465942383,19.459999084472656,5.994556427001953,977000,0.0,0.0
2006-02-09,19.799999237060547,20.31999969482422,19.799999237060547,20.09000015258789,6.188623905181885,2269200,0.0,0.0
2006-02-10,19.950000762939453,20.079999923706055,19.649999618530273,19.790000915527344,6.096211910247803,1948700,0.0,0.0
2006-02-13,19.75,19.790000915527344,19.459999084472656,19.639999389648438,6.050004482269287,1427900,0.0,0.0
2006-02-14,19.649999618530273,19.81999969482422,19.530000686645508,19.760000228881836,6.086974143981934,1586900,0.0,0.0
2006-02-15,19.809999465942383,19.809999465942383,19.579999923706055,19.649999618530273,6.053085803985596,975200,0.0,0.0
2006-02-16,19.6200008392334,19.780000686645508,19.600000381469727,19.690000534057617,6.065409183502197,933900,0.0,0.0
2006-02-17,19.6299991607666,19.709999084472656,19.31999969482422,19.600000381469727,6.037683486938477,1438700,0.0,0.0
2006-02-21,19.579999923706055,19.790000915527344,19.559999465942383,19.68000030517578,6.0623273849487305,873900,0.0,0.0
2006-02-22,19.75,19.770000457763672,19.579999923706055,19.6200008392334,6.043846130371094,838800,0.0,0.0
2006-02-23,19.6200008392334,19.690000534057617,19.5,19.649999618530273,6.053085803985596,941100,0.0,0.0
2006-02-24,19.6299991607666,19.739999771118164,19.520000457763672,19.579999923706055,6.03152322769165,581000,0.0,0.0
2006-02-27,19.649999618530273,19.790000915527344,19.559999465942383,19.75,6.083891868591309,721600,0.0,0.0
2006-02-28,19.65999984741211,19.729999542236328,19.56999969482422,19.649999618530273,6.053085803985596,1265700,0.0,0.0
2006-03-01,19.700000762939453,20.09000015258789,19.700000762939453,19.950000762939453,6.145501613616943,1957900,0.0,0.0
2006-03-02,19.81999969482422,19.81999969482422,19.459999084472656,19.469999313354492,5.997638702392578,2640400,0.0,0.0
2006-03-03,19.3799991607666,19.690000534057617,19.290000915527344,19.530000686645508,6.016124248504639,2271500,0.0,0.0
2006-03-06,19.479999542236328,19.8700008392334,19.479999542236328,19.600000381469727,6.037683486938477,1772100,0.0,0.0
2006-03-07,19.59000015258789,19.790000915527344,19.559999465942383,19.790000915527344,6.096211910247803,1185100,0.0,0.0
2006-03-08,19.799999237060547,20.0,19.739999771118164,19.889999389648438,6.127017498016357,1932100,0.0,0.0
2006-03-09,19.850000381469727,20.0,19.739999771118164,19.899999618530273,6.1300950050354,907700,0.0,0.0
2006-03-10,19.959999084472656,20.229999542236328,19.950000762939453,20.219999313354492,6.228673934936523,1003000,0.0,0.0
2006-03-13,20.209999084472656,20.350000381469727,20.09000015258789,20.200000762939453,6.222509860992432,982100,0.0,0.0
2006-03-14,20.139999389648438,20.360000610351562,20.06999969482422,20.31999969482422,6.259478569030762,1766400,0.0,0.0
2006-03-15,20.209999084472656,20.309999465942383,19.979999542236328,20.229999542236328,6.250209808349609,1099100,0.06,0.0
2006-03-16,20.729999542236328,20.889999389648438,20.56999969482422,20.690000534057617,6.392326354980469,2639700,0.0,0.0
2006-03-17,20.799999237060547,20.850000381469727,20.690000534057617,20.760000228881836,6.41395378112793,1451400,0.0,0.0
2006-03-20,20.729999542236328,20.780000686645508,20.530000686645508,20.719999313354492,6.401595592498779,1307100,0.0,0.0
2006-03-21,20.65999984741211,20.860000610351562,20.520000457763672,20.75,6.410868167877197,1271800,0.0,0.0
2006-03-22,20.770000457763672,20.93000030517578,20.709999084472656,20.860000610351562,6.444851875305176,1000100,0.0,0.0
2006-03-23,20.780000686645508,20.81999969482422,20.6299991607666,20.790000915527344,6.423223495483398,1034700,0.0,0.0
2006-03-24,20.709999084472656,20.799999237060547,20.520000457763672,20.729999542236328,6.404685974121094,682600,0.0,0.0
2006-03-27,20.6200008392334,20.65999984741211,20.40999984741211,20.59000015258789,6.361432075500488,1374300,0.0,0.0
2006-03-28,20.540000915527344,20.65999984741211,20.3799991607666,20.600000381469727,6.364521503448486,1140100,0.0,0.0
2006-03-29,20.639999389648438,20.649999618530273,20.3700008392334,20.440000534057617,6.315088748931885,1121200,0.0,0.0
2006-03-30,20.3799991607666,20.399999618530273,20.139999389648438,20.270000457763672,6.262566566467285,913700,0.0,0.0
2006-03-31,20.229999542236328,20.399999618530273,20.18000030517578,20.34000015258789,6.284190654754639,1094400,0.0,0.0
2006-04-03,20.440000534057617,20.489999771118164,20.31999969482422,20.43000030517578,6.31199836730957,1103000,0.0,0.0
2006-04-04,20.3799991607666,20.43000030517578,20.1299991607666,20.40999984741211,6.3058180809021,1218300,0.0,0.0
2006-04-05,20.75,20.8799991607666,20.540000915527344,20.780000686645508,6.420135021209717,2387100,0.0,0.0
2006-04-06,20.790000915527344,20.84000015258789,20.59000015258789,20.639999389648438,6.3768792152404785,1494000,0.0,0.0
2006-04-07,20.690000534057617,20.770000457763672,20.520000457763672,20.600000381469727,6.364521503448486,2016700,0.0,0.0
2006-04-10,20.65999984741211,20.700000762939453,20.530000686645508,20.600000381469727,6.364521503448486,991600,0.0,0.0
2006-04-11,20.649999618530273,20.690000534057617,20.360000610351562,20.399999618530273,6.302731037139893,1026900,0.0,0.0
2006-04-12,20.459999084472656,20.540000915527344,20.40999984741211,20.440000534057617,6.315088748931885,663300,0.0,0.0
2006-04-13,20.399999618530273,20.440000534057617,20.229999542236328,20.299999237060547,6.271833419799805,527400,0.0,0.0
2006-04-17,20.260000228881836,20.270000457763672,20.110000610351562,20.18000030517578,6.234760761260986,673000,0.0,0.0
2006-04-18,20.149999618530273,20.350000381469727,20.1200008392334,20.329999923706055,6.281102657318115,1074600,0.0,0.0
2006-04-19,20.25,20.440000534057617,20.149999618530273,20.200000762939453,6.240938663482666,2933100,0.0,0.0
2006-04-20,20.170000076293945,20.56999969482422,20.170000076293945,20.489999771118164,6.330537796020508,1701400,0.0,0.0
2006-04-21,20.579999923706055,20.600000381469727,20.399999618530273,20.540000915527344,6.345983982086182,1129400,0.0,0.0
2006-04-24,20.479999542236328,20.770000457763672,20.440000534057617,20.670000076293945,6.3861494064331055,1204500,0.0,0.0
2006-04-25,20.639999389648438,20.829999923706055,20.549999237060547,20.68000030517578,6.389238357543945,1722200,0.0,0.0
2006-04-26,20.799999237060547,20.950000762939453,20.549999237060547,20.549999237060547,6.349071025848389,1938000,0.0,0.0
2006-04-27,20.450000762939453,20.59000015258789,19.920000076293945,19.959999084472656,6.166787624359131,2038900,0.0,0.0
2006-04-28,20.030000686645508,20.040000915527344,19.450000762939453,19.530000686645508,6.033939838409424,2996500,0.0,0.0
2006-05-01,19.690000534057617,19.860000610351562,19.530000686645508,19.579999923706055,6.049386978149414,2019700,0.0,0.0
2006-05-02,19.649999618530273,19.65999984741211,19.350000381469727,19.510000228881836,6.027760028839111,1932800,0.0,0.0
2006-05-03,19.450000762939453,19.6299991607666,19.25,19.6299991607666,6.064833641052246,1102900,0.0,0.0
2006-05-04,19.6299991607666,19.780000686645508,19.579999923706055,19.709999084472656,6.089548110961914,1241100,0.0,0.0
2006-05-05,19.81999969482422,19.8700008392334,19.600000381469727,19.729999542236328,6.095730304718018,1619000,0.0,0.0
2006-05-08,19.739999771118164,20.170000076293945,19.709999084472656,19.84000015258789,6.1297149658203125,2041000,0.0,0.0
2006-05-09,19.799999237060547,19.90999984741211,19.649999618530273,19.889999389648438,6.145159721374512,852100,0.0,0.0
2006-05-10,19.81999969482422,19.950000762939453,19.75,19.770000457763672,6.108087539672852,1268100,0.0,0.0
2006-05-11,19.760000228881836,19.799999237060547,19.389999389648438,19.450000762939453,6.009220123291016,1335300,0.0,0.0
2006-05-12,19.440000534057617,19.690000534057617,19.389999389648438,19.559999465942383,6.043207168579102,1273500,0.0,0.0
2006-05-15,19.6299991607666,19.809999465942383,19.450000762939453,19.809999465942383,6.120444297790527,1320200,0.0,0.0
2006-05-16,19.790000915527344,19.850000381469727,19.670000076293945,19.799999237060547,6.117354393005371,1119100,0.0,0.0
2006-05-17,19.700000762939453,19.799999237060547,19.420000076293945,19.440000534057617,6.006132125854492,1194200,0.0,0.0
2006-05-18,19.43000030517578,19.670000076293945,19.239999771118164,19.299999237060547,5.962876319885254,1979100,0.0,0.0
2006-05-19,19.389999389648438,19.6200008392334,19.200000762939453,19.549999237060547,6.0401153564453125,1279200,0.0,0.0
2006-05-22,19.479999542236328,19.6299991607666,19.34000015258789,19.479999542236328,6.018490791320801,1352400,0.0,0.0
2006-05-23,19.479999542236328,19.639999389648438,19.440000534057617,19.459999084472656,6.012310981750488,2654500,0.0,0.0
2006-05-24,19.43000030517578,19.600000381469727,19.420000076293945,19.549999237060547,6.0401153564453125,2779200,0.0,0.0
2006-05-25,19.600000381469727,19.799999237060547,19.459999084472656,19.790000915527344,6.114264965057373,1946900,0.0,0.0
2006-05-26,19.799999237060547,19.829999923706055,19.65999984741211,19.690000534057617,6.083371639251709,756200,0.0,0.0
2006-05-30,19.690000534057617,19.700000762939453,19.43000030517578,19.600000381469727,6.05556583404541,1508800,0.0,0.0
2006-05-31,19.59000015258789,19.700000762939453,19.530000686645508,19.65999984741211,6.074102878570557,1444600,0.0,0.0
2006-06-01,19.690000534057617,19.799999237060547,19.65999984741211,19.770000457763672,6.108087539672852,819700,0.0,0.0
2006-06-02,19.760000228881836,19.8700008392334,19.700000762939453,19.84000015258789,6.1297149658203125,982800,0.0,0.0
2006-06-05,19.799999237060547,19.799999237060547,19.549999237060547,19.559999465942383,6.043207168579102,1027800,0.0,0.0
2006-06-06,19.610000610351562,19.65999984741211,19.25,19.459999084472656,6.012310981750488,1112900,0.0,0.0
2006-06-07,19.459999084472656,19.649999618530273,19.31999969482422,19.5,6.0246686935424805,1252700,0.0,0.0
2006-06-08,19.5,19.600000381469727,19.290000915527344,19.399999618530273,5.9937744140625,1149300,0.0,0.0
2006-06-09,19.3700008392334,19.549999237060547,19.280000686645508,19.360000610351562,5.981413841247559,577800,0.0,0.0
2006-06-12,19.3799991607666,19.440000534057617,19.299999237060547,19.350000381469727,5.978325366973877,838800,0.0,0.0
2006-06-13,19.31999969482422,19.399999618530273,19.219999313354492,19.309999465942383,5.965965747833252,1471000,0.0,0.0
2006-06-14,19.290000915527344,19.31999969482422,18.829999923706055,18.8799991607666,5.851296901702881,2352600,0.06,0.0
2006-06-15,19.049999237060547,19.350000381469727,18.8700008392334,19.299999237060547,5.981463432312012,2307700,0.0,0.0
2006-06-16,19.170000076293945,19.34000015258789,19.1200008392334,19.149999618530273,5.934976577758789,1214000,0.0,0.0
2006-06-19,19.18000030517578,19.34000015258789,19.1200008392334,19.170000076293945,5.9411725997924805,968300,0.0,0.0
2006-06-20,19.15999984741211,19.309999465942383,19.139999389648438,19.219999313354492,5.956667900085449,966800,0.0,0.0
2006-06-21,19.600000381469727,19.719999313354492,19.469999313354492,19.65999984741211,6.09303617477417,1753700,0.0,0.0
2006-06-22,19.600000381469727,19.700000762939453,19.549999237060547,19.639999389648438,6.086836338043213,1198300,0.0,0.0
2006-06-23,19.559999465942383,19.639999389648438,19.420000076293945,19.469999313354492,6.034148693084717,961100,0.0,0.0
2006-06-26,19.469999313354492,19.6299991607666,19.43000030517578,19.600000381469727,6.07443904876709,1264700,0.0,0.0
2006-06-27,19.600000381469727,19.6299991607666,19.520000457763672,19.579999923706055,6.06824254989624,1587900,0.0,0.0
2006-06-28,19.600000381469727,19.639999389648438,19.530000686645508,19.59000015258789,6.0713396072387695,1183500,0.0,0.0
2006-06-29,19.6299991607666,19.989999771118164,19.610000610351562,19.93000030517578,6.176713943481445,3002300,0.0,0.0
2006-06-30,19.979999542236328,20.459999084472656,19.959999084472656,20.3700008392334,6.313079833984375,2594100,0.0,0.0
2006-07-03,20.239999771118164,20.329999923706055,20.06999969482422,20.31999969482422,6.297584056854248,573600,0.0,0.0
2006-07-05,20.06999969482422,20.329999923706055,20.059999465942383,20.239999771118164,6.2727885246276855,1291700,0.0,0.0
2006-07-06,20.280000686645508,20.549999237060547,20.25,20.520000457763672,6.359564781188965,2111900,0.0,0.0
2006-07-07,20.450000762939453,20.549999237060547,20.34000015258789,20.389999389648438,6.319277286529541,1317000,0.0,0.0
2006-07-10,20.389999389648438,20.670000076293945,20.389999389648438,20.579999923706055,6.3781609535217285,991600,0.0,0.0
2006-07-11,20.75,21.299999237060547,20.639999389648438,21.010000228881836,6.511429786682129,2662400,0.0,0.0
2006-07-12,20.8799991607666,21.049999237060547,20.579999923706055,20.610000610351562,6.387458324432373,1671700,0.0,0.0
2006-07-13,20.510000228881836,20.639999389648438,20.260000228881836,20.399999618530273,6.322375297546387,1398800,0.0,0.0
2006-07-14,20.389999389648438,20.549999237060547,20.200000762939453,20.260000228881836,6.278986930847168,766400,0.0,0.0
2006-07-17,20.18000030517578,20.520000457763672,20.18000030517578,20.479999542236328,6.347169399261475,1059100,0.0,0.0
2006-07-18,20.5,21.079999923706055,20.1200008392334,21.040000915527344,6.520727634429932,3232000,0.0,0.0
2006-07-19,21.010000228881836,21.25,20.90999984741211,21.100000381469727,6.5393195152282715,1503900,0.0,0.0
2006-07-20,21.059999465942383,21.290000915527344,21.030000686645508,21.049999237060547,6.5238237380981445,1026900,0.0,0.0
2006-07-21,21.049999237060547,21.219999313354492,20.850000381469727,21.209999084472656,6.573409080505371,1189700,0.0,0.0
2006-07-24,21.329999923706055,21.59000015258789,21.260000228881836,21.510000228881836,6.666388034820557,3043600,0.0,0.0
2006-07-25,21.229999542236328,21.639999389648438,21.200000762939453,21.549999237060547,6.678785800933838,1514500,0.0,0.0
2006-07-26,21.700000762939453,21.829999923706055,21.540000915527344,21.59000015258789,6.6911821365356445,2006200,0.0,0.0
2006-07-27,21.649999618530273,21.829999923706055,21.350000381469727,21.399999618530273,6.63229513168335,1475300,0.0,0.0
2006-07-28,21.5,21.729999542236328,21.389999389648438,21.549999237060547,6.678785800933838,1525900,0.0,0.0
2006-07-31,21.5,21.579999923706055,21.360000610351562,21.459999084472656,6.650889873504639,1594600,0.0,0.0
2006-08-01,21.479999542236328,21.760000228881836,21.459999084472656,21.639999389648438,6.706676483154297,1081700,0.0,0.0
2006-08-02,21.709999084472656,21.989999771118164,21.670000076293945,21.989999771118164,6.815150260925293,1954100,0.0,0.0
2006-08-03,21.950000762939453,21.959999084472656,21.6200008392334,21.639999389648438,6.706676483154297,1394600,0.0,0.0
2006-08-04,21.700000762939453,21.780000686645508,21.469999313354492,21.479999542236328,6.657088756561279,1079200,0.0,0.0
2006-08-07,21.440000534057617,21.479999542236328,20.780000686645508,21.110000610351562,6.542420387268066,1957000,0.0,0.0
2006-08-08,21.15999984741211,21.469999313354492,21.1200008392334,21.34000015258789,6.613700866699219,1295400,0.0,0.0
2006-08-09,21.360000610351562,21.450000762939453,20.959999084472656,21.040000915527344,6.520727634429932,1796000,0.0,0.0
2006-08-10,20.969999313354492,21.40999984741211,20.90999984741211,21.309999465942383,6.604403018951416,1141000,0.0,0.0
2006-08-11,21.200000762939453,21.299999237060547,21.059999465942383,21.09000015258789,6.536221027374268,1106500,0.0,0.0
2006-08-14,21.18000030517578,21.309999465942383,21.100000381469727,21.15999984741211,6.557914733886719,1050400,0.0,0.0
2006-08-15,21.219999313354492,21.450000762939453,21.079999923706055,21.31999969482422,6.607501029968262,1421700,0.0,0.0
2006-08-16,21.389999389648438,21.389999389648438,21.1299991607666,21.18000030517578,6.564114570617676,963300,0.0,0.0
2006-08-17,21.229999542236328,21.43000030517578,21.100000381469727,21.110000610351562,6.542420387268066,1528100,0.0,0.0
2006-08-18,21.1299991607666,21.450000762939453,21.049999237060547,21.3799991607666,6.626098155975342,1001600,0.0,0.0
2006-08-21,21.399999618530273,21.600000381469727,21.399999618530273,21.489999771118164,6.660187244415283,996500,0.0,0.0
2006-08-22,21.329999923706055,21.489999771118164,21.270000457763672,21.459999084472656,6.650889873504639,1004300,0.0,0.0
2006-08-23,21.420000076293945,21.690000534057617,21.420000076293945,21.6299991607666,6.703578472137451,921800,0.0,0.0
2006-08-24,21.690000534057617,21.850000381469727,21.549999237060547,21.81999969482422,6.762462139129639,1323900,0.0,0.0
2006-08-25,21.729999542236328,21.899999618530273,21.68000030517578,21.889999389648438,6.784157752990723,845100,0.0,0.0
2006-08-28,21.829999923706055,22.020000457763672,21.6299991607666,21.8799991607666,6.781057357788086,1168300,0.0,0.0
2006-08-29,21.93000030517578,22.049999237060547,21.850000381469727,22.040000915527344,6.83064603805542,1478900,0.0,0.0
2006-08-30,22.040000915527344,22.360000610351562,21.950000762939453,22.200000762939453,6.880232334136963,1731000,0.0,0.0
2006-08-31,22.139999389648438,22.43000030517578,22.139999389648438,22.299999237060547,6.911222457885742,2604800,0.0,0.0
2006-09-01,22.299999237060547,22.389999389648438,22.239999771118164,22.280000686645508,6.905025959014893,1011100,0.0,0.0
2006-09-05,22.280000686645508,22.489999771118164,22.209999084472656,22.459999084472656,6.960812568664551,1523300,0.0,0.0
2006-09-06,22.350000381469727,22.40999984741211,22.0,22.1200008392334,6.85543966293335,1158200,0.0,0.0
2006-09-07,21.700000762939453,21.780000686645508,21.40999984741211,21.469999313354492,6.653989791870117,2168600,0.0,0.0
2006-09-08,21.479999542236328,21.530000686645508,21.299999237060547,21.459999084472656,6.650889873504639,1900600,0.0,0.0
2006-09-11,21.350000381469727,21.540000915527344,20.809999465942383,20.93000030517578,6.48663330078125,3212900,0.0,0.0
2006-09-12,20.850000381469727,20.989999771118164,20.739999771118164,20.899999618530273,6.47733736038208,2095800,0.0,0.0
2006-09-13,20.799999237060547,20.84000015258789,20.549999237060547,20.760000228881836,6.452468395233154,2510400,0.06,0.0
2006-09-14,20.790000915527344,20.889999389648438,20.670000076293945,20.739999771118164,6.446252346038818,1929500,0.0,0.0
2006-09-15,20.799999237060547,20.799999237060547,20.65999984741211,20.739999771118164,6.446252346038818,4515900,0.0,0.0
2006-09-18,20.549999237060547,20.829999923706055,20.329999923706055,20.799999237060547,6.464904308319092,2453400,0.0,0.0
2006-09-19,20.799999237060547,21.09000015258789,20.729999542236328,20.899999618530273,6.495984077453613,1601700,0.0,0.0
2006-09-20,20.899999618530273,20.959999084472656,20.790000915527344,20.81999969482422,6.47111701965332,1061900,0.0,0.0
2006-09-21,20.790000915527344,20.90999984741211,20.670000076293945,20.760000228881836,6.452468395233154,1200600,0.0,0.0
2006-09-22,20.719999313354492,20.719999313354492,20.5,20.530000686645508,6.380983352661133,1187100,0.0,0.0
2006-09-25,20.579999923706055,20.969999313354492,20.540000915527344,20.899999618530273,6.495984077453613,2073500,0.0,0.0
2006-09-26,20.899999618530273,20.979999542236328,20.850000381469727,20.950000762939453,6.511526107788086,1390400,0.0,0.0
2006-09-27,20.899999618530273,21.09000015258789,20.860000610351562,20.959999084472656,6.514630317687988,2364100,0.0,0.0
2006-09-28,21.0,21.0,20.850000381469727,20.899999618530273,6.495984077453613,999000,0.0,0.0
2006-09-29,20.899999618530273,20.959999084472656,20.729999542236328,20.829999923706055,6.474228858947754,1847000,0.0,0.0
2006-10-02,20.760000228881836,20.799999237060547,20.540000915527344,20.670000076293945,6.424499034881592,2040300,0.0,0.0
2006-10-03,20.559999465942383,20.8700008392334,20.3799991607666,20.81999969482422,6.47111701965332,3189000,0.0,0.0
2006-10-04,20.799999237060547,21.209999084472656,20.739999771118164,21.139999389648438,6.570580959320068,1833300,0.0,0.0
2006-10-05,21.059999465942383,21.100000381469727,20.690000534057617,20.81999969482422,6.47111701965332,2477600,0.0,0.0
2006-10-06,20.75,20.799999237060547,20.5,20.649999618530273,6.418280124664307,1804200,0.0,0.0
2006-10-09,20.600000381469727,20.8799991607666,20.459999084472656,20.829999923706055,6.474228858947754,2054800,0.0,0.0
2006-10-10,20.8799991607666,20.8799991607666,20.219999313354492,20.530000686645508,6.380983352661133,4213600,0.0,0.0
2006-10-11,20.530000686645508,20.780000686645508,20.440000534057617,20.700000762939453,6.433820724487305,2644200,0.0,0.0
2006-10-12,20.799999237060547,21.219999313354492,20.670000076293945,21.059999465942383,6.545712471008301,3275300,0.0,0.0
2006-10-13,20.979999542236328,21.049999237060547,20.81999969482422,20.920000076293945,6.502201557159424,2826600,0.0,0.0
2006-10-16,20.920000076293945,21.1200008392334,20.799999237060547,20.969999313354492,6.517740726470947,2104800,0.0,0.0
2006-10-17,20.889999389648438,21.020000457763672,20.799999237060547,20.969999313354492,6.517740726470947,1762700,0.0,0.0
2006-10-18,21.049999237060547,21.229999542236328,20.989999771118164,21.15999984741211,6.57679557800293,1377400,0.0,0.0
2006-10-19,21.059999465942383,21.110000610351562,20.649999618530273,20.950000762939453,6.511526107788086,3340100,0.0,0.0
2006-10-20,20.8700008392334,20.90999984741211,20.56999969482422,20.8700008392334,6.486660003662109,2408000,0.0,0.0
2006-10-23,20.799999237060547,21.1299991607666,20.649999618530273,21.0,6.527068138122559,1921900,0.0,0.0
2006-10-24,21.0,21.18000030517578,20.940000534057617,20.989999771118164,6.523956775665283,2725500,0.0,0.0
2006-10-25,20.920000076293945,21.079999923706055,20.920000076293945,21.040000915527344,6.5394978523254395,2100600,0.0,0.0
2006-10-26,20.5,21.06999969482422,20.25,20.899999618530273,6.495984077453613,4425700,0.0,0.0
2006-10-27,20.809999465942383,20.860000610351562,20.020000457763672,20.5,6.371660232543945,4432600,0.0,0.0
2006-10-30,20.56999969482422,20.610000610351562,20.049999237060547,20.100000381469727,6.247335433959961,3883700,0.0,0.0
2006-10-31,20.100000381469727,20.229999542236328,19.959999084472656,20.030000686645508,6.225578308105469,3668800,0.0,0.0
2006-11-01,20.149999618530273,20.690000534057617,20.09000015258789,20.5,6.371660232543945,3437100,0.0,0.0
2006-11-02,20.520000457763672,20.670000076293945,20.3799991607666,20.530000686645508,6.380983352661133,1978000,0.0,0.0
2006-11-03,20.5,20.5,20.190000534057617,20.239999771118164,6.2908477783203125,1750400,0.0,0.0
2006-11-06,20.260000228881836,20.780000686645508,20.260000228881836,20.540000915527344,6.384090423583984,1292600,0.0,0.0
2006-11-07,20.5,20.610000610351562,20.360000610351562,20.479999542236328,6.365442276000977,1844900,0.0,0.0
2006-11-08,20.399999618530273,20.450000762939453,19.899999618530273,20.299999237060547,6.3094964027404785,5441700,0.0,0.0
2006-11-09,20.31999969482422,20.450000762939453,20.06999969482422,20.100000381469727,6.247335433959961,2915500,0.0,0.0
2006-11-10,20.030000686645508,20.170000076293945,19.969999313354492,20.09000015258789,6.24422550201416,1954600,0.0,0.0
2006-11-13,19.700000762939453,20.1200008392334,19.530000686645508,19.979999542236328,6.210035800933838,2807200,0.0,0.0
2006-11-14,20.0,20.079999923706055,19.860000610351562,20.0,6.21625280380249,2080900,0.0,0.0
2006-11-15,20.0,20.200000762939453,20.0,20.030000686645508,6.225578308105469,1528700,0.0,0.0
2006-11-16,20.09000015258789,20.3700008392334,20.020000457763672,20.31999969482422,6.315713405609131,1806200,0.0,0.0
2006-11-17,20.25,20.440000534057617,20.200000762939453,20.229999542236328,6.287739276885986,1653700,0.0,0.0
2006-11-20,20.739999771118164,21.329999923706055,20.540000915527344,20.899999618530273,6.495984077453613,4241600,0.0,0.0
2006-11-21,20.8799991607666,20.940000534057617,20.59000015258789,20.65999984741211,6.421390533447266,2053000,0.0,0.0
2006-11-22,20.59000015258789,20.809999465942383,20.59000015258789,20.729999542236328,6.443146705627441,1424700,0.0,0.0
2006-11-24,20.670000076293945,20.809999465942383,20.549999237060547,20.719999313354492,6.440038204193115,592600,0.0,0.0
2006-11-27,20.68000030517578,20.700000762939453,20.309999465942383,20.420000076293945,6.346790313720703,3095100,0.0,0.0
2006-11-28,20.399999618530273,20.520000457763672,20.170000076293945,20.329999923706055,6.318820476531982,2935500,0.0,0.0
2006-11-29,20.360000610351562,20.540000915527344,20.309999465942383,20.469999313354492,6.381166934967041,1331400,0.06,0.0
2006-11-30,20.420000076293945,20.649999618530273,20.420000076293945,20.450000762939453,6.37493371963501,3365300,0.0,0.0
2006-12-01,20.5,20.690000534057617,20.360000610351562,20.520000457763672,6.396752834320068,1685200,0.0,0.0
2006-12-04,20.40999984741211,20.850000381469727,20.40999984741211,20.799999237060547,6.484041213989258,1858300,0.0,0.0
2006-12-05,20.950000762939453,20.989999771118164,20.799999237060547,20.93000030517578,6.524567127227783,1577600,0.0,0.0
2006-12-06,20.8700008392334,20.959999084472656,20.829999923706055,20.920000076293945,6.52144718170166,1214000,0.0,0.0
2006-12-07,20.8700008392334,20.93000030517578,20.6200008392334,20.709999084472656,6.455982208251953,2017000,0.0,0.0
2006-12-08,20.760000228881836,21.030000686645508,20.329999923706055,20.520000457763672,6.396752834320068,5332500,0.0,0.0
2006-12-11,20.559999465942383,20.709999084472656,20.329999923706055,20.43000030517578,6.3686981201171875,2290800,0.0,0.0
2006-12-12,20.440000534057617,20.639999389648438,20.329999923706055,20.56999969482422,6.4123406410217285,2194000,0.0,0.0
2006-12-13,20.649999618530273,20.700000762939453,20.299999237060547,20.459999084472656,6.378052234649658,2699900,0.0,0.0
2006-12-14,20.420000076293945,20.489999771118164,20.190000534057617,20.25,6.312585353851318,2734200,0.0,0.0
2006-12-15,20.260000228881836,20.420000076293945,20.18000030517578,20.25,6.312585353851318,2223200,0.0,0.0
2006-12-18,20.729999542236328,20.729999542236328,20.200000762939453,20.299999237060547,6.328172206878662,1392800,0.0,0.0
2006-12-19,20.219999313354492,20.34000015258789,20.190000534057617,20.31999969482422,6.334406852722168,1796100,0.0,0.0
2006-12-20,20.200000762939453,20.350000381469727,19.969999313354492,20.049999237060547,6.250240802764893,3433200,0.0,0.0
2006-12-21,20.020000457763672,20.229999542236328,19.989999771118164,20.209999084472656,6.300116062164307,1602100,0.0,0.0
2006-12-22,20.200000762939453,20.280000686645508,20.010000228881836,20.200000762939453,6.296998977661133,1163700,0.0,0.0
2006-12-26,20.1200008392334,20.459999084472656,20.1200008392334,20.43000030517578,6.3686981201171875,1523800,0.0,0.0
2006-12-27,20.450000762939453,20.549999237060547,20.329999923706055,20.520000457763672,6.396752834320068,1355200,0.0,0.0
2006-12-28,20.43000030517578,20.489999771118164,20.31999969482422,20.43000030517578,6.3686981201171875,1137600,0.0,0.0
2006-12-29,20.43000030517578,20.510000228881836,20.350000381469727,20.420000076293945,6.3655805587768555,1327600,0.0,0.0
2007-01-03,20.530000686645508,20.68000030517578,20.40999984741211,20.5,6.390519618988037,1542600,0.0,0.0
2007-01-04,20.399999618530273,20.479999542236328,20.1200008392334,20.399999618530273,6.359348297119141,2646700,0.0,0.0
2007-01-05,20.329999923706055,20.440000534057617,20.270000457763672,20.399999618530273,6.359348297119141,1807500,0.0,0.0
2007-01-08,20.450000762939453,20.56999969482422,20.280000686645508,20.5,6.390519618988037,1906100,0.0,0.0
2007-01-09,20.530000686645508,20.610000610351562,20.489999771118164,20.56999969482422,6.4123406410217285,2125800,0.0,0.0
2007-01-10,20.479999542236328,20.81999969482422,20.420000076293945,20.799999237060547,6.484041213989258,2206400,0.0,0.0
2007-01-11,20.8700008392334,21.219999313354492,20.809999465942383,21.1299991607666,6.586910724639893,2458000,0.0,0.0
2007-01-12,21.110000610351562,21.209999084472656,20.809999465942383,21.020000457763672,6.552621364593506,3103900,0.0,0.0
2007-01-16,21.0,21.100000381469727,20.860000610351562,20.989999771118164,6.543267726898193,3690100,0.0,0.0
2007-01-17,21.200000762939453,21.200000762939453,20.850000381469727,21.040000915527344,6.558856964111328,1137700,0.0,0.0
2007-01-18,21.049999237060547,21.049999237060547,20.729999542236328,20.799999237060547,6.484041213989258,2706700,0.0,0.0
2007-01-19,20.799999237060547,20.81999969482422,20.6200008392334,20.780000686645508,6.477804660797119,2794200,0.0,0.0
2007-01-22,20.8700008392334,20.959999084472656,20.770000457763672,20.8799991607666,6.508976459503174,2408700,0.0,0.0
2007-01-23,20.850000381469727,20.8700008392334,20.75,20.799999237060547,6.484041213989258,2113000,0.0,0.0
2007-01-24,20.790000915527344,20.889999389648438,20.75,20.850000381469727,6.499629020690918,1192600,0.0,0.0
2007-01-25,20.809999465942383,20.959999084472656,20.670000076293945,20.93000030517578,6.524567127227783,2444200,0.0,0.0
2007-01-26,20.899999618530273,20.979999542236328,20.68000030517578,20.709999084472656,6.455982208251953,3116700,0.0,0.0
2007-01-29,20.719999313354492,20.829999923706055,20.6200008392334,20.68000030517578,6.446630477905273,1637800,0.0,0.0
2007-01-30,20.639999389648438,20.700000762939453,20.559999465942383,20.639999389648438,6.434162139892578,1699900,0.0,0.0
2007-01-31,20.65999984741211,20.670000076293945,20.510000228881836,20.520000457763672,6.396752834320068,1798500,0.0,0.0
2007-02-01,20.520000457763672,20.649999618530273,20.479999542236328,20.559999465942383,6.409224033355713,2306600,0.0,0.0
2007-02-02,20.559999465942383,20.719999313354492,20.450000762939453,20.610000610351562,6.424811363220215,1731600,0.0,0.0
2007-02-05,20.6299991607666,20.6299991607666,20.43000030517578,20.520000457763672,6.396752834320068,1419300,0.0,0.0
2007-02-06,20.549999237060547,20.600000381469727,20.440000534057617,20.469999313354492,6.381166934967041,2460600,0.0,0.0
2007-02-07,20.549999237060547,20.549999237060547,20.3700008392334,20.43000030517578,6.3686981201171875,3093100,0.0,0.0
2007-02-08,20.459999084472656,20.549999237060547,20.350000381469727,20.43000030517578,6.3686981201171875,1472600,0.0,0.0
2007-02-09,20.450000762939453,20.56999969482422,20.200000762939453,20.299999237060547,6.328172206878662,3084800,0.0,0.0
2007-02-12,20.260000228881836,20.68000030517578,20.260000228881836,20.530000686645508,6.399872303009033,3612300,0.0,0.0
2007-02-13,20.540000915527344,21.059999465942383,20.540000915527344,20.950000762939453,6.530799865722656,8392800,0.0,0.0
2007-02-14,21.100000381469727,21.25,21.0,21.030000686645508,6.555738925933838,4148400,0.0,0.0
2007-02-15,20.989999771118164,21.030000686645508,20.790000915527344,20.860000610351562,6.502746105194092,2561100,0.0,0.0
2007-02-16,20.709999084472656,20.850000381469727,20.579999923706055,20.709999084472656,6.455982208251953,3588500,0.0,0.0
2007-02-20,20.709999084472656,20.709999084472656,20.489999771118164,20.540000915527344,6.402987957000732,2563000,0.0,0.0
2007-02-21,20.479999542236328,20.719999313354492,20.43000030517578,20.6299991607666,6.4310455322265625,2050700,0.0,0.0
2007-02-22,20.690000534057617,20.729999542236328,20.3700008392334,20.479999542236328,6.384287357330322,2413200,0.0,0.0
2007-02-23,20.43000030517578,20.540000915527344,20.360000610351562,20.43000030517578,6.3686981201171875,1240600,0.0,0.0
2007-02-26,20.40999984741211,20.639999389648438,20.3700008392334,20.6299991607666,6.4310455322265625,1768100,0.0,0.0
2007-02-27,20.579999923706055,20.649999618530273,20.09000015258789,20.239999771118164,6.309468746185303,4232800,0.0,0.0
2007-02-28,20.200000762939453,20.280000686645508,20.049999237060547,20.079999923706055,6.2595906257629395,2852700,0.0,0.0
2007-03-01,19.959999084472656,20.110000610351562,19.780000686645508,20.020000457763672,6.24088716506958,3821900,0.0,0.0
2007-03-02,20.010000228881836,20.18000030517578,19.950000762939453,20.059999465942383,6.253356456756592,2182300,0.0,0.0
2007-03-05,20.010000228881836,20.15999984741211,19.969999313354492,20.010000228881836,6.237773418426514,2319900,0.0,0.0
2007-03-06,20.059999465942383,20.219999313354492,20.010000228881836,20.110000610351562,6.268944263458252,1901400,0.0,0.0
2007-03-07,20.049999237060547,20.280000686645508,19.969999313354492,20.06999969482422,6.256475448608398,3414300,0.0,0.0
2007-03-08,20.1299991607666,20.239999771118164,20.06999969482422,20.190000534057617,6.293883800506592,1391800,0.0,0.0
2007-03-09,20.200000762939453,20.280000686645508,20.1299991607666,20.25,6.312585353851318,2045900,0.0,0.0
2007-03-12,20.170000076293945,20.43000030517578,20.149999618530273,20.399999618530273,6.359348297119141,2112200,0.0,0.0
2007-03-13,20.309999465942383,20.399999618530273,20.190000534057617,20.219999313354492,6.303235054016113,1857600,0.0,0.0
2007-03-14,20.18000030517578,20.219999313354492,20.020000457763672,20.149999618530273,6.300107955932617,2075600,0.06,0.0
2007-03-15,20.1299991607666,20.43000030517578,20.1299991607666,20.3700008392334,6.368894100189209,1629200,0.0,0.0
2007-03-16,20.360000610351562,20.360000610351562,20.09000015258789,20.229999542236328,6.325122833251953,2719000,0.0,0.0
2007-03-19,20.25,20.350000381469727,20.06999969482422,20.200000762939453,6.31574010848999,1955900,0.0,0.0
2007-03-20,20.139999389648438,20.299999237060547,20.1299991607666,20.299999237060547,6.3470072746276855,2052500,0.0,0.0
2007-03-21,20.280000686645508,20.40999984741211,20.219999313354492,20.3799991607666,6.372021198272705,2523300,0.0,0.0
2007-03-22,20.389999389648438,20.479999542236328,20.3700008392334,20.43000030517578,6.38765287399292,1950400,0.0,0.0
2007-03-23,20.389999389648438,20.469999313354492,20.3799991607666,20.43000030517578,6.38765287399292,1773000,0.0,0.0
2007-03-26,20.3799991607666,20.399999618530273,20.209999084472656,20.360000610351562,6.365766525268555,1422800,0.0,0.0
2007-03-27,20.350000381469727,20.360000610351562,20.079999923706055,20.09000015258789,6.281349182128906,2751100,0.0,0.0
2007-03-28,20.040000915527344,20.1299991607666,20.0,20.100000381469727,6.2844767570495605,3242200,0.0,0.0
2007-03-29,20.190000534057617,20.260000228881836,19.969999313354492,20.020000457763672,6.259463310241699,2259700,0.0,0.0
2007-03-30,20.010000228881836,20.290000915527344,20.010000228881836,20.25,6.331374645233154,2691300,0.0,0.0
2007-04-02,20.239999771118164,20.399999618530273,20.239999771118164,20.290000915527344,6.343877792358398,1920600,0.0,0.0
2007-04-03,20.290000915527344,20.520000457763672,20.280000686645508,20.469999313354492,6.400157451629639,2191900,0.0,0.0
2007-04-04,20.5,20.670000076293945,20.43000030517578,20.649999618530273,6.456437110900879,2031800,0.0,0.0
2007-04-05,20.579999923706055,20.639999389648438,20.520000457763672,20.540000915527344,6.422046661376953,1650000,0.0,0.0
2007-04-09,20.489999771118164,20.56999969482422,20.3799991607666,20.459999084472656,6.397035121917725,1447100,0.0,0.0
2007-04-10,20.459999084472656,20.690000534057617,20.43000030517578,20.520000457763672,6.415791034698486,2399800,0.0,0.0
2007-04-11,20.530000686645508,20.68000030517578,20.43000030517578,20.6299991607666,6.450184345245361,3393600,0.0,0.0
2007-04-12,20.65999984741211,20.700000762939453,20.489999771118164,20.68000030517578,6.465818405151367,2496000,0.0,0.0
2007-04-13,20.700000762939453,20.790000915527344,20.56999969482422,20.770000457763672,6.493958950042725,2671600,0.0,0.0
2007-04-16,20.770000457763672,21.25,20.739999771118164,21.110000610351562,6.600263595581055,3479300,0.0,0.0
2007-04-17,20.799999237060547,21.280000686645508,20.799999237060547,21.219999313354492,6.6346540451049805,4329300,0.0,0.0
2007-04-18,21.170000076293945,21.229999542236328,21.059999465942383,21.149999618530273,6.612771987915039,2573100,0.0,0.0
2007-04-19,21.09000015258789,21.329999923706055,21.020000457763672,21.280000686645508,6.65341329574585,2283600,0.0,0.0
2007-04-20,21.479999542236328,21.520000457763672,21.34000015258789,21.510000228881836,6.725327014923096,2388200,0.0,0.0
2007-04-23,21.350000381469727,21.600000381469727,21.350000381469727,21.40999984741211,6.694058418273926,1676500,0.0,0.0
2007-04-24,21.489999771118164,22.149999618530273,21.329999923706055,22.149999618530273,6.925428867340088,6190000,0.0,0.0
2007-04-25,22.139999389648438,22.3700008392334,21.969999313354492,22.270000457763672,6.962947845458984,5519900,0.0,0.0
2007-04-26,22.959999084472656,22.959999084472656,21.93000030517578,22.399999618530273,7.003595352172852,4936100,0.0,0.0
2007-04-27,22.309999465942383,22.309999465942383,21.8700008392334,21.979999542236328,6.8722758293151855,4596300,0.0,0.0
2007-04-30,21.93000030517578,22.100000381469727,21.90999984741211,21.940000534057617,6.859768390655518,2579700,0.0,0.0
2007-05-01,22.399999618530273,22.399999618530273,21.790000915527344,22.040000915527344,6.891037940979004,3017300,0.0,0.0
2007-05-02,22.020000457763672,22.190000534057617,21.959999084472656,22.1299991607666,6.919177532196045,1819300,0.0,0.0
2007-05-03,22.15999984741211,22.5,22.139999389648438,22.389999389648438,7.0004658699035645,3502800,0.0,0.0
2007-05-04,22.350000381469727,22.40999984741211,22.200000762939453,22.360000610351562,6.991086483001709,2523300,0.0,0.0
2007-05-07,22.40999984741211,22.489999771118164,22.3700008392334,22.469999313354492,7.0254807472229,1517500,0.0,0.0
2007-05-08,22.440000534057617,22.579999923706055,22.239999771118164,22.350000381469727,6.987959384918213,2189900,0.0,0.0
2007-05-09,22.299999237060547,22.399999618530273,22.25,22.3700008392334,6.994213104248047,2527400,0.0,0.0
2007-05-10,22.299999237060547,22.329999923706055,21.989999771118164,22.0,6.878528118133545,1607200,0.0,0.0
2007-05-11,22.0,22.049999237060547,21.850000381469727,21.920000076293945,6.853518009185791,2046600,0.0,0.0
2007-05-14,21.969999313354492,22.260000228881836,21.940000534057617,22.1299991607666,6.919177532196045,1807000,0.0,0.0
2007-05-15,22.1299991607666,22.270000457763672,22.079999923706055,22.219999313354492,6.947315692901611,1793400,0.0,0.0
2007-05-16,22.229999542236328,22.5,22.170000076293945,22.5,7.034862518310547,2683700,0.0,0.0
2007-05-17,22.43000030517578,22.8799991607666,22.43000030517578,22.860000610351562,7.147417068481445,4755900,0.0,0.0
2007-05-18,22.889999389648438,22.950000762939453,22.719999313354492,22.920000076293945,7.1661787033081055,2836100,0.0,0.0
2007-05-21,22.889999389648438,23.15999984741211,22.739999771118164,22.979999542236328,7.1849365234375,3462200,0.0,0.0
2007-05-22,23.030000686645508,23.200000762939453,22.889999389648438,22.940000534057617,7.172428607940674,2105900,0.0,0.0
2007-05-23,22.920000076293945,22.959999084472656,22.760000228881836,22.829999923706055,7.1380391120910645,4519400,0.0,0.0
2007-05-24,22.799999237060547,22.959999084472656,22.75,22.899999618530273,7.1599225997924805,3145800,0.0,0.0
2007-05-25,23.170000076293945,23.489999771118164,22.6200008392334,22.969999313354492,7.181809902191162,5225100,0.0,0.0
2007-05-29,22.940000534057617,23.0,22.780000686645508,22.81999969482422,7.134912014007568,2580600,0.0,0.0
2007-05-30,22.719999313354492,22.969999313354492,22.649999618530273,22.959999084472656,7.178683757781982,1895500,0.0,0.0
2007-05-31,23.780000686645508,23.790000915527344,22.889999389648438,23.350000381469727,7.300621032714844,4803800,0.0,0.0
2007-06-01,23.309999465942383,23.34000015258789,23.1200008392334,23.25,7.269354820251465,2250900,0.0,0.0
2007-06-04,23.25,23.25,22.950000762939453,23.049999237060547,7.206823825836182,2324500,0.0,0.0
2007-06-05,23.079999923706055,23.149999618530273,22.790000915527344,22.889999389648438,7.156796932220459,2990900,0.0,0.0
2007-06-06,22.850000381469727,22.8799991607666,22.690000534057617,22.799999237060547,7.128657817840576,1911100,0.0,0.0
2007-06-07,22.649999618530273,22.729999542236328,22.440000534057617,22.459999084472656,7.022352695465088,2285700,0.0,0.0
2007-06-08,22.450000762939453,22.729999542236328,22.34000015258789,22.719999313354492,7.103644847869873,2105000,0.0,0.0
2007-06-11,22.670000076293945,22.790000915527344,22.639999389648438,22.68000030517578,7.091136932373047,1973900,0.0,0.0
2007-06-12,22.6200008392334,22.729999542236328,22.3799991607666,22.399999618530273,7.003595352172852,1654200,0.0,0.0
2007-06-13,22.34000015258789,22.530000686645508,22.299999237060547,22.510000228881836,7.056889533996582,2887200,0.06,0.0
2007-06-14,22.530000686645508,22.6299991607666,22.469999313354492,22.510000228881836,7.056889533996582,3626700,0.0,0.0
2007-06-15,22.6299991607666,23.100000381469727,22.510000228881836,23.049999237060547,7.226178169250488,5620700,0.0,0.0
2007-06-18,23.030000686645508,23.139999389648438,22.920000076293945,23.049999237060547,7.226178169250488,1685900,0.0,0.0
2007-06-19,23.06999969482422,23.389999389648438,23.010000228881836,23.350000381469727,7.320230007171631,2862400,0.0,0.0
2007-06-20,23.389999389648438,23.5,23.219999313354492,23.239999771118164,7.285744667053223,1934900,0.0,0.0
2007-06-21,23.280000686645508,23.5,23.270000457763672,23.450000762939453,7.3515801429748535,1694000,0.0,0.0
2007-06-22,23.350000381469727,23.399999618530273,23.079999923706055,23.1299991607666,7.251259803771973,2245300,0.0,0.0
2007-06-25,23.139999389648438,23.260000228881836,22.81999969482422,22.979999542236328,7.204234600067139,1594700,0.0,0.0
2007-06-26,23.479999542236328,23.93000030517578,23.360000610351562,23.889999389648438,7.489521026611328,5553700,0.0,0.0
2007-06-27,23.75,23.809999465942383,23.489999771118164,23.770000457763672,7.451900482177734,3079800,0.0,0.0
2007-06-28,23.700000762939453,24.239999771118164,23.649999618530273,24.09000015258789,7.552218437194824,3075000,0.0,0.0
2007-06-29,24.100000381469727,24.290000915527344,23.760000228881836,24.0,7.524002552032471,3953400,0.0,0.0
2007-07-02,24.149999618530273,24.219999313354492,23.899999618530273,24.190000534057617,7.583571434020996,3058900,0.0,0.0
2007-07-03,24.100000381469727,24.219999313354492,23.940000534057617,24.190000534057617,7.583571434020996,967800,0.0,0.0
2007-07-05,24.270000457763672,24.329999923706055,24.0,24.06999969482422,7.545947074890137,2411000,0.0,0.0
2007-07-06,24.020000457763672,24.079999923706055,23.920000076293945,24.010000228881836,7.527140140533447,2196500,0.0,0.0
2007-07-09,24.1200008392334,24.139999389648438,23.889999389648438,23.950000762939453,7.508330821990967,2910900,0.0,0.0
2007-07-10,23.950000762939453,24.219999313354492,23.940000534057617,24.030000686645508,7.533410549163818,3650900,0.0,0.0
2007-07-11,23.989999771118164,24.059999465942383,23.780000686645508,24.030000686645508,7.533410549163818,2269100,0.0,0.0
2007-07-12,24.049999237060547,24.450000762939453,23.989999771118164,24.420000076293945,7.655676364898682,2827700,0.0,0.0
2007-07-13,24.40999984741211,24.43000030517578,24.1299991607666,24.350000381469727,7.633731365203857,2099400,0.0,0.0
2007-07-16,24.25,24.43000030517578,24.139999389648438,24.209999084472656,7.589838981628418,2231100,0.0,0.0
2007-07-17,24.309999465942383,24.34000015258789,23.670000076293945,23.729999542236328,7.439362525939941,3892000,0.0,0.0
2007-07-18,23.719999313354492,23.790000915527344,23.59000015258789,23.729999542236328,7.439362525939941,2006600,0.0,0.0
2007-07-19,23.809999465942383,23.920000076293945,23.739999771118164,23.889999389648438,7.489521026611328,1350700,0.0,0.0
2007-07-20,23.889999389648438,23.940000534057617,23.479999542236328,23.549999237060547,7.382930755615234,2465800,0.0,0.0
2007-07-23,23.649999618530273,23.81999969482422,23.489999771118164,23.729999542236328,7.439362525939941,1558300,0.0,0.0
2007-07-24,23.530000686645508,23.799999237060547,23.530000686645508,23.639999389648438,7.411141395568848,2485100,0.0,0.0
2007-07-25,23.739999771118164,23.760000228881836,23.510000228881836,23.579999923706055,7.392333984375,2860400,0.0,0.0
2007-07-26,23.899999618530273,23.950000762939453,22.8799991607666,23.440000534057617,7.348444938659668,4310400,0.0,0.0
2007-07-27,23.239999771118164,23.43000030517578,22.75,22.75,7.13212776184082,4908700,0.0,0.0
2007-07-30,22.559999465942383,22.829999923706055,22.350000381469727,22.790000915527344,7.1446685791015625,3626700,0.0,0.0
2007-07-31,23.15999984741211,23.170000076293945,22.65999984741211,22.65999984741211,7.103917598724365,2573200,0.0,0.0
2007-08-01,22.530000686645508,22.75,22.31999969482422,22.579999923706055,7.078836441040039,11192800,0.0,0.0
2007-08-02,22.639999389648438,22.75,22.450000762939453,22.670000076293945,7.107051372528076,3458200,0.0,0.0
2007-08-03,22.6200008392334,22.780000686645508,22.549999237060547,22.649999618530273,7.100779056549072,4543400,0.0,0.0
2007-08-06,22.739999771118164,22.989999771118164,22.65999984741211,22.93000030517578,7.188561916351318,3451000,0.0,0.0
2007-08-07,22.780000686645508,23.3700008392334,22.760000228881836,23.170000076293945,7.263798236846924,3117000,0.0,0.0
2007-08-08,23.25,23.459999084472656,22.979999542236328,23.440000534057617,7.348444938659668,3120900,0.0,0.0
2007-08-09,23.270000457763672,23.760000228881836,23.209999084472656,23.43000030517578,7.345310211181641,3442400,0.0,0.0
2007-08-10,23.389999389648438,24.0,23.290000915527344,23.68000030517578,7.423684597015381,3623900,0.0,0.0
2007-08-13,23.68000030517578,24.110000610351562,23.579999923706055,23.979999542236328,7.517734050750732,3479500,0.0,0.0
2007-08-14,23.93000030517578,23.989999771118164,23.649999618530273,23.649999618530273,7.414280414581299,1838900,0.0,0.0
2007-08-15,23.59000015258789,23.940000534057617,23.360000610351562,23.40999984741211,7.3390398025512695,1730500,0.0,0.0
2007-08-16,23.260000228881836,23.549999237060547,22.84000015258789,23.329999923706055,7.313957691192627,3589300,0.0,0.0
2007-08-17,23.200000762939453,24.040000915527344,22.6200008392334,24.010000228881836,7.527140140533447,2715800,0.0,0.0
2007-08-20,24.0,24.170000076293945,23.829999923706055,24.0,7.524002552032471,1550000,0.0,0.0
2007-08-21,23.899999618530273,24.1299991607666,23.84000015258789,23.969999313354492,7.514599800109863,1475600,0.0,0.0
2007-08-22,24.040000915527344,24.079999923706055,23.719999313354492,23.93000030517578,7.502058982849121,1493800,0.0,0.0
2007-08-23,23.90999984741211,24.049999237060547,23.670000076293945,23.860000610351562,7.480114936828613,1360100,0.0,0.0
2007-08-24,23.81999969482422,24.25,23.780000686645508,24.25,7.6023783683776855,1770100,0.0,0.0
2007-08-27,24.09000015258789,24.350000381469727,24.06999969482422,24.229999542236328,7.596108913421631,1148800,0.0,0.0
2007-08-28,24.06999969482422,24.280000686645508,23.739999771118164,23.75,7.445628643035889,1346100,0.0,0.0
2007-08-29,23.899999618530273,23.93000030517578,23.559999465942383,23.860000610351562,7.480114936828613,1461700,0.0,0.0
2007-08-30,23.670000076293945,23.84000015258789,23.600000381469727,23.729999542236328,7.439362525939941,1361800,0.0,0.0
2007-08-31,23.90999984741211,24.110000610351562,23.739999771118164,23.81999969482422,7.467574596405029,2715000,0.0,0.0
2007-09-04,23.889999389648438,24.389999389648438,23.84000015258789,24.229999542236328,7.596108913421631,2251100,0.0,0.0
2007-09-05,24.06999969482422,24.1299991607666,23.829999923706055,23.850000381469727,7.4769768714904785,1981500,0.0,0.0
2007-09-06,23.850000381469727,24.170000076293945,23.790000915527344,24.0,7.524002552032471,916900,0.0,0.0
2007-09-07,23.729999542236328,24.25,23.729999542236328,24.030000686645508,7.533410549163818,1539100,0.0,0.0
2007-09-10,24.0,24.049999237060547,23.809999465942383,23.829999923706055,7.470707893371582,2509600,0.0,0.0
2007-09-11,23.850000381469727,24.06999969482422,23.579999923706055,23.969999313354492,7.514599800109863,3557500,0.0,0.0
2007-09-12,23.81999969482422,24.290000915527344,23.81999969482422,24.239999771118164,7.618311882019043,3438600,0.06,0.0
2007-09-13,24.229999542236328,24.3700008392334,24.170000076293945,24.190000534057617,7.602598667144775,2843300,0.0,0.0
2007-09-14,24.06999969482422,24.40999984741211,24.059999465942383,24.200000762939453,7.605741500854492,3003300,0.0,0.0
2007-09-17,24.06999969482422,24.200000762939453,23.8700008392334,23.959999084472656,7.530313491821289,2152200,0.0,0.0
2007-09-18,24.110000610351562,24.600000381469727,24.079999923706055,24.59000015258789,7.728314399719238,2287900,0.0,0.0
2007-09-19,24.299999237060547,24.600000381469727,23.780000686645508,24.5,7.700030326843262,3688700,0.0,0.0
2007-09-20,24.5,24.530000686645508,24.270000457763672,24.280000686645508,7.630887031555176,2211800,0.0,0.0
2007-09-21,24.540000915527344,24.540000915527344,24.190000534057617,24.25,7.621456146240234,3439400,0.0,0.0
2007-09-24,24.149999618530273,24.3700008392334,24.049999237060547,24.049999237060547,7.558598518371582,3191100,0.0,0.0
2007-09-25,23.889999389648438,24.190000534057617,23.8799991607666,24.09000015258789,7.571169376373291,2356700,0.0,0.0
2007-09-26,24.15999984741211,24.3799991607666,24.040000915527344,24.280000686645508,7.630887031555176,1967700,0.0,0.0
2007-09-27,24.389999389648438,24.43000030517578,24.270000457763672,24.290000915527344,7.634029388427734,1209300,0.0,0.0
2007-09-28,24.31999969482422,24.389999389648438,24.09000015258789,24.219999313354492,7.612029075622559,1433500,0.0,0.0
2007-10-01,24.280000686645508,24.729999542236328,24.239999771118164,24.59000015258789,7.728314399719238,1692100,0.0,0.0
2007-10-02,24.649999618530273,24.729999542236328,24.43000030517578,24.6200008392334,7.7377400398254395,1307400,0.0,0.0
2007-10-03,24.43000030517578,24.489999771118164,23.889999389648438,23.969999313354492,7.533454895019531,2206100,0.0,0.0
2007-10-04,23.950000762939453,24.139999389648438,23.889999389648438,24.040000915527344,7.5554585456848145,1821700,0.0,0.0
2007-10-05,24.1299991607666,24.399999618530273,24.06999969482422,24.229999542236328,7.615171432495117,2273200,0.0,0.0
2007-10-08,24.270000457763672,24.690000534057617,24.200000762939453,24.6299991607666,7.7408857345581055,2187200,0.0,0.0
2007-10-09,24.600000381469727,24.6299991607666,24.270000457763672,24.389999389648438,7.665455341339111,1500800,0.0,0.0
2007-10-10,24.360000610351562,24.600000381469727,24.31999969482422,24.399999618530273,7.668601989746094,1819000,0.0,0.0
2007-10-11,24.420000076293945,24.639999389648438,24.09000015258789,24.149999618530273,7.590028762817383,1385400,0.0,0.0
2007-10-12,24.200000762939453,24.290000915527344,24.010000228881836,24.290000915527344,7.634029388427734,1379900,0.0,0.0
2007-10-15,24.260000228881836,24.34000015258789,24.030000686645508,24.079999923706055,7.568027019500732,1418800,0.0,0.0
2007-10-16,24.100000381469727,24.40999984741211,24.010000228881836,24.219999313354492,7.612029075622559,1692700,0.0,0.0
2007-10-17,24.350000381469727,24.739999771118164,24.209999084472656,24.25,7.621456146240234,2178900,0.0,0.0
2007-10-18,24.219999313354492,24.520000457763672,24.149999618530273,24.290000915527344,7.634029388427734,2010900,0.0,0.0
2007-10-19,24.18000030517578,24.489999771118164,23.959999084472656,23.969999313354492,7.533454895019531,2138000,0.0,0.0
2007-10-22,23.850000381469727,24.020000457763672,23.719999313354492,24.020000457763672,7.549171447753906,1177700,0.0,0.0
2007-10-23,24.079999923706055,24.56999969482422,24.0,24.520000457763672,7.706315994262695,1857300,0.0,0.0
2007-10-24,24.440000534057617,25.15999984741211,24.260000228881836,25.0,7.85717248916626,4071700,0.0,0.0
2007-10-25,25.0,25.420000076293945,24.969999313354492,25.270000457763672,7.942031383514404,2734500,0.0,0.0
2007-10-26,25.450000762939453,25.459999084472656,25.09000015258789,25.299999237060547,7.9514594078063965,1428000,0.0,0.0
2007-10-29,25.399999618530273,25.75,25.229999542236328,25.59000015258789,8.042601585388184,1744700,0.0,0.0
2007-10-30,25.399999618530273,25.600000381469727,25.350000381469727,25.420000076293945,7.989170551300049,1530300,0.0,0.0
2007-10-31,25.510000228881836,25.84000015258789,25.479999542236328,25.809999465942383,8.111743927001953,1534100,0.0,0.0
2007-11-01,25.75,25.899999618530273,25.260000228881836,25.280000686645508,7.945173263549805,1612400,0.0,0.0
2007-11-02,25.600000381469727,26.0,25.34000015258789,25.780000686645508,8.102319717407227,2636800,0.0,0.0
2007-11-05,26.280000686645508,26.280000686645508,25.56999969482422,25.8799991607666,8.133744239807129,1879700,0.0,0.0
2007-11-06,25.760000228881836,26.0,25.760000228881836,25.979999542236328,8.165173530578613,2085500,0.0,0.0
2007-11-07,25.700000762939453,25.81999969482422,25.139999389648438,25.18000030517578,7.9137468338012695,2554900,0.0,0.0
2007-11-08,25.219999313354492,25.549999237060547,25.139999389648438,25.350000381469727,7.967175006866455,2608100,0.0,0.0
2007-11-09,25.200000762939453,25.479999542236328,25.1200008392334,25.139999389648438,7.901172161102295,1993100,0.0,0.0
2007-11-12,25.049999237060547,25.3799991607666,24.93000030517578,24.950000762939453,7.841460704803467,1546600,0.0,0.0
2007-11-13,25.010000228881836,25.520000457763672,25.0,25.479999542236328,8.008030891418457,1687700,0.0,0.0
2007-11-14,25.579999923706055,25.780000686645508,25.459999084472656,25.5,8.014313697814941,1529400,0.0,0.0
2007-11-15,25.510000228881836,25.739999771118164,25.15999984741211,25.270000457763672,7.942031383514404,2063700,0.0,0.0
2007-11-16,25.479999542236328,25.559999465942383,25.09000015258789,25.40999984741211,7.986031532287598,1876300,0.0,0.0
2007-11-19,25.260000228881836,25.290000915527344,24.709999084472656,24.739999771118164,7.775458812713623,1975800,0.0,0.0
2007-11-20,24.729999542236328,25.200000762939453,24.68000030517578,25.079999923706055,7.882315635681152,2220900,0.0,0.0
2007-11-21,24.920000076293945,25.200000762939453,24.709999084472656,24.709999084472656,7.766026020050049,1425000,0.0,0.0
2007-11-23,24.799999237060547,24.84000015258789,24.6299991607666,24.809999465942383,7.797458648681641,562700,0.0,0.0
2007-11-26,24.760000228881836,25.329999923706055,24.760000228881836,24.889999389648438,7.82260274887085,2097600,0.0,0.0
2007-11-27,24.969999313354492,25.780000686645508,24.93000030517578,25.729999542236328,8.086603164672852,2749900,0.0,0.0
2007-11-28,25.90999984741211,26.110000610351562,25.549999237060547,26.020000457763672,8.196860313415527,2772300,0.06,0.0
2007-11-29,25.8799991607666,26.31999969482422,25.860000610351562,25.959999084472656,8.177957534790039,2040300,0.0,0.0
2007-11-30,26.239999771118164,26.239999771118164,25.549999237060547,25.969999313354492,8.181107521057129,3463800,0.0,0.0
2007-12-03,25.850000381469727,26.020000457763672,25.520000457763672,25.719999313354492,8.102352142333984,1331800,0.0,0.0
2007-12-04,25.600000381469727,26.059999465942383,25.600000381469727,25.989999771118164,8.187407493591309,1524600,0.0,0.0
2007-12-05,26.1200008392334,26.219999313354492,25.8799991607666,26.149999618530273,8.237812042236328,2225700,0.0,0.0
2007-12-06,26.229999542236328,26.229999542236328,25.450000762939453,25.770000457763672,8.118103981018066,3060800,0.0,0.0
2007-12-07,25.770000457763672,25.969999313354492,25.389999389648438,25.43000030517578,8.01099681854248,2740900,0.0,0.0
2007-12-10,25.450000762939453,25.530000686645508,25.09000015258789,25.299999237060547,7.970043659210205,2220100,0.0,0.0
2007-12-11,25.290000915527344,25.34000015258789,24.540000915527344,24.579999923706055,7.743230819702148,3788800,0.0,0.0
2007-12-12,25.31999969482422,26.079999923706055,25.239999771118164,25.959999084472656,8.177957534790039,4660700,0.0,0.0
2007-12-13,25.780000686645508,26.829999923706055,25.780000686645508,26.799999237060547,8.442575454711914,4898800,0.0,0.0
2007-12-14,26.350000381469727,26.780000686645508,26.350000381469727,26.5,8.348071098327637,2486100,0.0,0.0
2007-12-17,26.43000030517578,26.93000030517578,26.43000030517578,26.889999389648438,8.470930099487305,3099500,0.0,0.0
2007-12-18,27.0,27.09000015258789,26.290000915527344,26.34000015258789,8.2976655960083,3551800,0.0,0.0
2007-12-19,26.3799991607666,26.540000915527344,26.18000030517578,26.3700008392334,8.307119369506836,1712600,0.0,0.0
2007-12-20,26.549999237060547,26.579999923706055,26.18000030517578,26.350000381469727,8.300816535949707,1754600,0.0,0.0
2007-12-21,26.579999923706055,26.850000381469727,26.350000381469727,26.389999389648438,8.31341552734375,3024800,0.0,0.0
2007-12-24,26.399999618530273,26.59000015258789,26.3799991607666,26.5,8.348071098327637,719800,0.0,0.0
2007-12-26,26.329999923706055,26.600000381469727,26.329999923706055,26.43000030517578,8.326021194458008,1107900,0.0,0.0
2007-12-27,26.479999542236328,26.489999771118164,26.1200008392334,26.1299991607666,8.231513977050781,1294000,0.0,0.0
2007-12-28,26.3700008392334,26.399999618530273,26.149999618530273,26.31999969482422,8.291366577148438,1493100,0.0,0.0
2007-12-31,26.31999969482422,26.329999923706055,26.020000457763672,26.030000686645508,8.200006484985352,1409300,0.0,0.0
2008-01-02,25.889999389648438,26.059999465942383,25.489999771118164,25.690000534057617,8.092901229858398,2617500,0.0,0.0
2008-01-03,25.81999969482422,26.149999618530273,25.700000762939453,25.959999084472656,8.177957534790039,2187900,0.0,0.0
2008-01-04,25.790000915527344,26.110000610351562,25.65999984741211,25.709999084472656,8.099202156066895,1554300,0.0,0.0
2008-01-07,25.81999969482422,26.079999923706055,25.770000457763672,26.079999923706055,8.215760231018066,1979900,0.0,0.0
2008-01-08,26.100000381469727,26.440000534057617,25.989999771118164,26.030000686645508,8.200006484985352,2874800,0.0,0.0
2008-01-09,26.1299991607666,26.739999771118164,26.09000015258789,26.739999771118164,8.423672676086426,2850700,0.0,0.0
2008-01-10,26.59000015258789,26.989999771118164,26.479999542236328,26.829999923706055,8.452027320861816,2852400,0.0,0.0
2008-01-11,26.540000915527344,26.809999465942383,26.350000381469727,26.649999618530273,8.395320892333984,4114300,0.0,0.0
2008-01-14,26.809999465942383,26.809999465942383,26.06999969482422,26.18000030517578,8.247262001037598,3569100,0.0,0.0
2008-01-15,25.860000610351562,25.989999771118164,25.549999237060547,25.6200008392334,8.070850372314453,2352300,0.0,0.0
2008-01-16,25.6299991607666,25.780000686645508,25.299999237060547,25.34000015258789,7.982645034790039,2347400,0.0,0.0
2008-01-17,25.360000610351562,25.43000030517578,24.8799991607666,24.920000076293945,7.8503336906433105,1816400,0.0,0.0
2008-01-18,24.940000534057617,25.06999969482422,24.31999969482422,24.40999984741211,7.68967342376709,2964300,0.0,0.0
2008-01-22,23.559999465942383,24.15999984741211,23.540000915527344,23.610000610351562,7.437658309936523,4474400,0.0,0.0
2008-01-23,23.100000381469727,23.690000534057617,21.799999237060547,23.549999237060547,7.418756008148193,4070500,0.0,0.0
2008-01-24,23.56999969482422,24.010000228881836,23.309999465942383,23.649999618530273,7.450261116027832,2830900,0.0,0.0
2008-01-25,23.829999923706055,24.219999313354492,23.440000534057617,23.600000381469727,7.434507369995117,2713400,0.0,0.0
2008-01-28,23.59000015258789,24.479999542236328,23.520000457763672,24.389999389648438,7.683375358581543,3676700,0.0,0.0
2008-01-29,24.469999313354492,24.469999313354492,23.670000076293945,23.780000686645508,7.491210460662842,4319300,0.0,0.0
2008-01-30,23.860000610351562,23.8700008392334,23.100000381469727,23.15999984741211,7.295896053314209,3351300,0.0,0.0
2008-01-31,22.790000915527344,23.280000686645508,22.739999771118164,23.049999237060547,7.2612433433532715,3885800,0.0,0.0
2008-02-01,23.030000686645508,23.75,23.030000686645508,23.75,7.481764793395996,2262000,0.0,0.0
2008-02-04,23.760000228881836,23.84000015258789,23.610000610351562,23.649999618530273,7.450261116027832,1317700,0.0,0.0
2008-02-05,23.329999923706055,23.420000076293945,23.110000610351562,23.1299991607666,7.286448955535889,1630400,0.0,0.0
2008-02-06,23.239999771118164,23.420000076293945,23.06999969482422,23.18000030517578,7.302199363708496,1509600,0.0,0.0
2008-02-07,23.149999618530273,23.579999923706055,23.139999389648438,23.450000762939453,7.387253761291504,1884800,0.0,0.0
2008-02-08,23.399999618530273,23.489999771118164,23.219999313354492,23.280000686645508,7.333701133728027,1513600,0.0,0.0
2008-02-11,23.229999542236328,23.610000610351562,23.110000610351562,23.489999771118164,7.399855613708496,2329900,0.0,0.0
2008-02-12,24.290000915527344,24.420000076293945,23.649999618530273,24.280000686645508,7.64872407913208,3771800,0.0,0.0
2008-02-13,24.420000076293945,24.670000076293945,24.270000457763672,24.440000534057617,7.699122905731201,2402900,0.0,0.0
2008-02-14,24.280000686645508,24.639999389648438,24.030000686645508,24.239999771118164,7.636122226715088,2412300,0.0,0.0
2008-02-15,24.290000915527344,24.479999542236328,24.139999389648438,24.469999313354492,7.708577632904053,2328900,0.0,0.0
2008-02-19,24.690000534057617,24.799999237060547,24.06999969482422,24.139999389648438,7.604617595672607,2899800,0.0,0.0
2008-02-20,23.979999542236328,24.0,23.559999465942383,23.780000686645508,7.491210460662842,4604400,0.0,0.0
2008-02-21,23.899999618530273,24.110000610351562,23.829999923706055,24.010000228881836,7.563669681549072,2571400,0.0,0.0
2008-02-22,24.149999618530273,24.239999771118164,23.700000762939453,24.209999084472656,7.626669406890869,3383600,0.0,0.0
2008-02-25,24.25,24.65999984741211,24.229999542236328,24.6200008392334,7.755828857421875,3391800,0.0,0.0
2008-02-26,24.469999313354492,25.190000534057617,24.459999084472656,25.079999923706055,7.9007415771484375,3457300,0.0,0.0
2008-02-27,24.950000762939453,25.459999084472656,24.950000762939453,25.139999389648438,7.919638633728027,3281700,0.0,0.0
2008-02-28,24.93000030517578,25.149999618530273,24.729999542236328,24.90999984741211,7.847184181213379,2550500,0.0,0.0
2008-02-29,24.729999542236328,24.760000228881836,24.350000381469727,24.43000030517578,7.695972919464111,3021100,0.0,0.0
2008-03-03,24.360000610351562,24.600000381469727,24.270000457763672,24.540000915527344,7.730628490447998,2539400,0.0,0.0
2008-03-04,24.299999237060547,24.90999984741211,24.299999237060547,24.850000381469727,7.828284740447998,3963300,0.0,0.0
2008-03-05,24.84000015258789,25.079999923706055,24.739999771118164,24.950000762939453,7.859786510467529,2539900,0.0,0.0
2008-03-06,24.790000915527344,24.8700008392334,24.350000381469727,24.350000381469727,7.670776844024658,2355600,0.0,0.0
2008-03-07,24.219999313354492,24.360000610351562,24.06999969482422,24.170000076293945,7.614069938659668,2313800,0.0,0.0
2008-03-10,24.229999542236328,24.719999313354492,24.15999984741211,24.43000030517578,7.695972919464111,2843000,0.0,0.0
2008-03-11,24.829999923706055,24.850000381469727,24.360000610351562,24.670000076293945,7.771581172943115,3367300,0.0,0.0
2008-03-12,24.719999313354492,24.84000015258789,24.469999313354492,24.6299991607666,7.781057357788086,3071600,0.07,0.0
2008-03-13,24.190000534057617,24.469999313354492,23.959999084472656,24.170000076293945,7.635732650756836,2992000,0.0,0.0
2008-03-14,24.75,24.75,23.6200008392334,23.8700008392334,7.540960311889648,3009800,0.0,0.0
2008-03-17,23.719999313354492,24.049999237060547,23.6299991607666,23.899999618530273,7.550438404083252,2397600,0.0,0.0
2008-03-18,24.139999389648438,24.329999923706055,23.790000915527344,24.270000457763672,7.6673264503479,2083500,0.0,0.0
2008-03-19,24.510000228881836,24.809999465942383,24.34000015258789,24.389999389648438,7.7052388191223145,1952600,0.0,0.0
2008-03-20,24.760000228881836,25.020000457763672,24.299999237060547,24.600000381469727,7.771581172943115,2494400,0.0,0.0
2008-03-24,24.75,25.1299991607666,24.610000610351562,25.040000915527344,7.910580635070801,2363900,0.0,0.0
2008-03-25,25.0,25.190000534057617,24.81999969482422,24.899999618530273,7.866356372833252,1801500,0.0,0.0
2008-03-26,24.780000686645508,24.8700008392334,24.6299991607666,24.719999313354492,7.809487342834473,2083800,0.0,0.0
2008-03-27,24.719999313354492,24.829999923706055,24.280000686645508,24.350000381469727,7.69260311126709,2294000,0.0,0.0
2008-03-28,24.3799991607666,24.510000228881836,24.079999923706055,24.149999618530273,7.6294169425964355,1348600,0.0,0.0
2008-03-31,24.09000015258789,24.260000228881836,23.860000610351562,24.200000762939453,7.645214080810547,2283000,0.0,0.0
2008-04-01,24.489999771118164,24.709999084472656,24.239999771118164,24.709999084472656,7.80633020401001,2375100,0.0,0.0
2008-04-02,24.809999465942383,24.809999465942383,24.059999465942383,24.209999084472656,7.648372650146484,2417000,0.0,0.0
2008-04-03,24.020000457763672,24.290000915527344,23.899999618530273,24.0,7.582032203674316,2732300,0.0,0.0
2008-04-04,23.989999771118164,24.520000457763672,23.959999084472656,24.34000015258789,7.689443588256836,2543200,0.0,0.0
2008-04-07,24.3700008392334,24.520000457763672,24.239999771118164,24.489999771118164,7.736828327178955,2338100,0.0,0.0
2008-04-08,24.290000915527344,24.399999618530273,24.020000457763672,24.139999389648438,7.626255989074707,2072100,0.0,0.0
2008-04-09,24.100000381469727,24.100000381469727,23.290000915527344,23.34000015258789,7.373524188995361,3267100,0.0,0.0
2008-04-10,23.40999984741211,23.770000457763672,23.270000457763672,23.670000076293945,7.47777795791626,2733900,0.0,0.0
2008-04-11,23.5,23.649999618530273,23.229999542236328,23.309999465942383,7.3640456199646,3055500,0.0,0.0
2008-04-14,23.309999465942383,23.739999771118164,23.309999465942383,23.709999084472656,7.490414142608643,3316900,0.0,0.0
2008-04-15,23.8799991607666,24.190000534057617,23.780000686645508,24.110000610351562,7.616780757904053,3278400,0.0,0.0
2008-04-16,24.309999465942383,24.309999465942383,23.799999237060547,24.06999969482422,7.604142665863037,3805800,0.0,0.0
2008-04-17,23.950000762939453,24.280000686645508,23.940000534057617,23.989999771118164,7.5788702964782715,2179000,0.0,0.0
2008-04-18,24.329999923706055,24.329999923706055,23.780000686645508,23.920000076293945,7.556755542755127,2418800,0.0,0.0
2008-04-21,23.770000457763672,24.040000915527344,23.75,24.030000686645508,7.591508865356445,1565700,0.0,0.0
2008-04-22,23.90999984741211,23.969999313354492,23.450000762939453,23.600000381469727,7.455663204193115,1948300,0.0,0.0
2008-04-23,23.649999618530273,24.309999465942383,23.579999923706055,24.020000457763672,7.588349342346191,3358700,0.0,0.0
2008-04-24,24.3700008392334,24.3700008392334,22.549999237060547,22.940000534057617,7.247159004211426,6013800,0.0,0.0
2008-04-25,23.100000381469727,23.100000381469727,22.559999465942383,22.790000915527344,7.199771881103516,3559400,0.0,0.0
2008-04-28,22.850000381469727,22.889999389648438,22.43000030517578,22.5,7.108153343200684,4055200,0.0,0.0
2008-04-29,22.520000457763672,22.84000015258789,22.5,22.600000381469727,7.139743328094482,2934400,0.0,0.0
2008-04-30,22.68000030517578,22.899999618530273,22.450000762939453,22.5,7.108153343200684,3331600,0.0,0.0
2008-05-01,22.690000534057617,22.799999237060547,22.540000915527344,22.649999618530273,7.15554141998291,2395200,0.0,0.0
2008-05-02,22.809999465942383,22.8799991607666,22.56999969482422,22.649999618530273,7.15554141998291,2334300,0.0,0.0
2008-05-05,22.5,22.530000686645508,22.06999969482422,22.079999923706055,6.975469589233398,3921900,0.0,0.0
2008-05-06,22.059999465942383,22.219999313354492,21.93000030517578,22.09000015258789,6.9786272048950195,3578400,0.0,0.0
2008-05-07,22.149999618530273,22.360000610351562,21.889999389648438,21.899999618530273,6.918603420257568,4301200,0.0,0.0
2008-05-08,22.049999237060547,22.049999237060547,21.549999237060547,21.610000610351562,6.8269877433776855,5988500,0.0,0.0
2008-05-09,21.510000228881836,21.600000381469727,21.3700008392334,21.489999771118164,6.789077281951904,3321400,0.0,0.0
2008-05-12,21.5,21.610000610351562,21.200000762939453,21.31999969482422,6.7353692054748535,3201100,0.0,0.0
2008-05-13,21.5,21.510000228881836,21.1200008392334,21.34000015258789,6.741689205169678,2648300,0.0,0.0
2008-05-14,21.389999389648438,21.709999084472656,21.34000015258789,21.56999969482422,6.81434965133667,2446100,0.0,0.0
2008-05-15,21.6200008392334,21.6200008392334,21.350000381469727,21.459999084472656,6.779597759246826,2889600,0.0,0.0
2008-05-16,21.450000762939453,21.799999237060547,21.450000762939453,21.59000015258789,6.820667266845703,2519000,0.0,0.0
2008-05-19,21.639999389648438,21.760000228881836,21.489999771118164,21.6299991607666,6.833305358886719,2426800,0.0,0.0
2008-05-20,21.649999618530273,21.68000030517578,21.40999984741211,21.489999771118164,6.789077281951904,3277100,0.0,0.0
2008-05-21,21.479999542236328,21.600000381469727,21.18000030517578,21.239999771118164,6.710093975067139,3216200,0.0,0.0
2008-05-22,21.219999313354492,21.600000381469727,21.190000534057617,21.450000762939453,6.776440143585205,2668800,0.0,0.0
2008-05-23,21.31999969482422,21.510000228881836,21.079999923706055,21.149999618530273,6.681663990020752,3361000,0.0,0.0
2008-05-27,21.110000610351562,21.389999389648438,21.059999465942383,21.309999465942383,6.732211589813232,2615900,0.0,0.0
2008-05-28,20.40999984741211,20.719999313354492,20.06999969482422,20.200000762939453,6.3815436363220215,4705800,0.0,0.0
2008-05-29,19.350000381469727,20.110000610351562,19.350000381469727,20.0,6.318357467651367,7066800,0.0,0.0
2008-05-30,19.979999542236328,20.3799991607666,19.950000762939453,20.139999389648438,6.362584590911865,5744500,0.0,0.0
2008-06-02,20.010000228881836,20.079999923706055,19.690000534057617,19.799999237060547,6.2551751136779785,3405300,0.0,0.0
2008-06-03,19.8799991607666,19.8799991607666,19.440000534057617,19.479999542236328,6.154081344604492,3091400,0.0,0.0
2008-06-04,19.440000534057617,19.6299991607666,19.440000534057617,19.579999923706055,6.185673236846924,2797800,0.0,0.0
2008-06-05,19.579999923706055,19.6200008392334,19.399999618530273,19.6200008392334,6.198308944702148,2371600,0.0,0.0
2008-06-06,19.549999237060547,19.690000534057617,19.360000610351562,19.489999771118164,6.1572394371032715,3820200,0.0,0.0
2008-06-09,19.530000686645508,19.530000686645508,18.959999084472656,19.209999084472656,6.06878137588501,3000200,0.0,0.0
2008-06-10,19.219999313354492,19.65999984741211,19.15999984741211,19.56999969482422,6.182514190673828,3769200,0.0,0.0
2008-06-11,19.389999389648438,19.65999984741211,19.190000534057617,19.229999542236328,6.096909999847412,3201700,0.07,0.0
2008-06-12,19.459999084472656,19.540000915527344,19.239999771118164,19.299999237060547,6.11910343170166,3162600,0.0,0.0
2008-06-13,19.270000457763672,19.520000457763672,19.079999923706055,19.329999923706055,6.12861442565918,2763100,0.0,0.0
2008-06-16,19.440000534057617,19.440000534057617,18.469999313354492,18.559999465942383,5.884486198425293,5034200,0.0,0.0
2008-06-17,18.729999542236328,18.729999542236328,18.15999984741211,18.209999084472656,5.7735185623168945,4804100,0.0,0.0
2008-06-18,18.1299991607666,18.329999923706055,18.030000686645508,18.239999771118164,5.783027172088623,3074100,0.0,0.0
2008-06-19,18.309999465942383,18.34000015258789,18.15999984741211,18.280000686645508,5.795709133148193,2802500,0.0,0.0
2008-06-20,18.139999389648438,18.360000610351562,18.139999389648438,18.350000381469727,5.817902565002441,4217400,0.0,0.0
2008-06-23,18.440000534057617,18.440000534057617,18.020000457763672,18.110000610351562,5.741811275482178,1943900,0.0,0.0
2008-06-24,18.219999313354492,18.219999313354492,17.5,17.559999465942383,5.567432403564453,3433000,0.0,0.0
2008-06-25,17.68000030517578,17.8799991607666,17.440000534057617,17.770000457763672,5.634012222290039,2294000,0.0,0.0
2008-06-26,17.610000610351562,17.700000762939453,17.420000076293945,17.459999084472656,5.535726547241211,2874300,0.0,0.0
2008-06-27,17.350000381469727,17.399999618530273,17.030000686645508,17.1200008392334,5.4279303550720215,3222800,0.0,0.0
2008-06-30,17.0,17.34000015258789,16.389999389648438,17.299999237060547,5.485000133514404,5225800,0.0,0.0
2008-07-01,17.229999542236328,17.229999542236328,16.899999618530273,17.010000228881836,5.3930535316467285,2921300,0.0,0.0
2008-07-02,17.079999923706055,17.229999542236328,17.0,17.1200008392334,5.4279303550720215,2700500,0.0,0.0
2008-07-03,17.190000534057617,17.25,16.959999084472656,17.020000457763672,5.3962249755859375,1407300,0.0,0.0
2008-07-07,17.059999465942383,17.229999542236328,16.950000762939453,17.1200008392334,5.4279303550720215,2125400,0.0,0.0
2008-07-08,17.1299991607666,17.329999923706055,16.719999313354492,17.040000915527344,5.402564525604248,6113800,0.0,0.0
2008-07-09,16.34000015258789,16.899999618530273,16.299999237060547,16.610000610351562,5.266232967376709,4554800,0.0,0.0
2008-07-10,16.59000015258789,16.670000076293945,16.280000686645508,16.6200008392334,5.269403457641602,4391500,0.0,0.0
2008-07-11,16.469999313354492,16.530000686645508,16.100000381469727,16.360000610351562,5.1869707107543945,3255400,0.0,0.0
2008-07-14,16.3700008392334,16.75,16.31999969482422,16.420000076293945,5.205993175506592,5747600,0.0,0.0
2008-07-15,16.280000686645508,16.610000610351562,16.09000015258789,16.549999237060547,5.247208118438721,4287100,0.0,0.0
2008-07-16,16.559999465942383,16.8799991607666,16.3799991607666,16.84000015258789,5.339152812957764,3560000,0.0,0.0
2008-07-17,15.989999771118164,16.8799991607666,15.989999771118164,16.829999923706055,5.33598518371582,6808000,0.0,0.0
2008-07-18,16.850000381469727,17.0,16.56999969482422,16.670000076293945,5.2852559089660645,3622500,0.0,0.0
2008-07-21,16.700000762939453,16.700000762939453,16.309999465942383,16.459999084472656,5.218675136566162,2861800,0.0,0.0
2008-07-22,16.649999618530273,17.09000015258789,16.399999618530273,17.079999923706055,5.415247440338135,4270800,0.0,0.0
2008-07-23,17.06999969482422,17.450000762939453,16.899999618530273,17.360000610351562,5.504021644592285,3018200,0.0,0.0
2008-07-24,17.360000610351562,17.3700008392334,16.989999771118164,17.040000915527344,5.402564525604248,2691100,0.0,0.0
2008-07-25,17.059999465942383,17.100000381469727,16.700000762939453,16.899999618530273,5.358178615570068,3985200,0.0,0.0
2008-07-28,16.84000015258789,17.020000457763672,16.6299991607666,16.739999771118164,5.307449817657471,3044100,0.0,0.0
2008-07-29,16.770000457763672,16.889999389648438,16.649999618530273,16.8700008392334,5.348667144775391,3473200,0.0,0.0
2008-07-30,16.969999313354492,17.06999969482422,16.68000030517578,16.780000686645508,5.320132255554199,4494900,0.0,0.0
2008-07-31,16.780000686645508,17.059999465942383,16.729999542236328,16.93000030517578,5.367690086364746,2805000,0.0,0.0
2008-08-01,17.020000457763672,17.09000015258789,16.799999237060547,16.989999771118164,5.386713027954102,1613400,0.0,0.0
2008-08-04,17.079999923706055,17.290000915527344,17.040000915527344,17.149999618530273,5.437439441680908,2590600,0.0,0.0
2008-08-05,17.219999313354492,17.479999542236328,17.18000030517578,17.40999984741211,5.519873142242432,3119200,0.0,0.0
2008-08-06,17.389999389648438,17.579999923706055,17.389999389648438,17.459999084472656,5.535726547241211,2738400,0.0,0.0
2008-08-07,17.350000381469727,17.350000381469727,16.790000915527344,16.84000015258789,5.339152812957764,2925500,0.0,0.0
2008-08-08,16.84000015258789,17.649999618530273,16.799999237060547,17.610000610351562,5.583284854888916,2060800,0.0,0.0
2008-08-11,17.450000762939453,18.110000610351562,17.450000762939453,17.920000076293945,5.681571960449219,2653800,0.0,0.0
2008-08-12,17.989999771118164,17.989999771118164,17.700000762939453,17.809999465942383,5.646693706512451,1966200,0.0,0.0
2008-08-13,17.739999771118164,17.93000030517578,17.579999923706055,17.68000030517578,5.605477809906006,1953300,0.0,0.0
2008-08-14,17.559999465942383,18.020000457763672,17.43000030517578,17.81999969482422,5.649866580963135,2115400,0.0,0.0
2008-08-15,17.860000610351562,18.0,17.760000228881836,17.790000915527344,5.640355587005615,1403300,0.0,0.0
2008-08-18,17.799999237060547,17.8700008392334,17.579999923706055,17.639999389648438,5.592796325683594,1628200,0.0,0.0
2008-08-19,17.610000610351562,17.670000076293945,17.399999618530273,17.440000534057617,5.5293869972229,1357500,0.0,0.0
2008-08-20,17.440000534057617,17.459999084472656,17.06999969482422,17.260000228881836,5.472316741943359,2075200,0.0,0.0
2008-08-21,17.1299991607666,17.170000076293945,16.81999969482422,16.940000534057617,5.370860576629639,2514400,0.0,0.0
2008-08-22,16.969999313354492,17.290000915527344,16.90999984741211,17.25,5.469146728515625,1731500,0.0,0.0
2008-08-25,17.219999313354492,17.309999465942383,17.06999969482422,17.209999084472656,5.456464767456055,2005300,0.0,0.0
2008-08-26,17.209999084472656,17.209999084472656,16.709999084472656,16.81999969482422,5.33281135559082,1663400,0.0,0.0
2008-08-27,16.799999237060547,17.010000228881836,16.760000228881836,17.010000228881836,5.3930535316467285,1508900,0.0,0.0
2008-08-28,17.079999923706055,17.25,16.920000076293945,17.25,5.469146728515625,1967000,0.0,0.0
2008-08-29,17.18000030517578,17.280000686645508,17.06999969482422,17.06999969482422,5.412076473236084,1726600,0.0,0.0
2008-09-02,17.260000228881836,17.850000381469727,17.260000228881836,17.68000030517578,5.605477809906006,3245500,0.0,0.0
2008-09-03,17.520000457763672,17.700000762939453,17.239999771118164,17.280000686645508,5.478658199310303,3500100,0.0,0.0
2008-09-04,17.149999618530273,17.260000228881836,16.790000915527344,16.790000915527344,5.323302268981934,2389800,0.0,0.0
2008-09-05,16.729999542236328,17.010000228881836,16.6299991607666,16.950000762939453,5.3740315437316895,1880800,0.0,0.0
2008-09-08,17.170000076293945,17.540000915527344,17.170000076293945,17.43000030517578,5.526216506958008,3303400,0.0,0.0
2008-09-09,17.450000762939453,17.8700008392334,17.270000457763672,17.270000457763672,5.475487232208252,3955900,0.0,0.0
2008-09-10,17.350000381469727,17.360000610351562,17.010000228881836,17.06999969482422,5.434103012084961,2628200,0.07,0.0
2008-09-11,17.040000915527344,17.760000228881836,16.84000015258789,17.709999084472656,5.637843608856201,5237000,0.0,0.0
2008-09-12,17.610000610351562,18.079999923706055,17.559999465942383,18.079999923706055,5.7556281089782715,3589900,0.0,0.0
2008-09-15,17.719999313354492,19.049999237060547,17.719999313354492,18.5,5.889334678649902,5964700,0.0,0.0
2008-09-16,18.299999237060547,18.399999618530273,17.399999618530273,17.770000457763672,5.656942367553711,4654000,0.0,0.0
2008-09-17,17.540000915527344,17.81999969482422,17.290000915527344,17.299999237060547,5.507322311401367,3555600,0.0,0.0
2008-09-18,17.450000762939453,17.809999465942383,17.110000610351562,17.5,5.570991516113281,4600100,0.0,0.0
2008-09-19,19.459999084472656,19.600000381469727,17.6200008392334,17.709999084472656,5.637843608856201,7961400,0.0,0.0
2008-09-22,17.56999969482422,17.989999771118164,17.170000076293945,17.170000076293945,5.465938091278076,2592800,0.0,0.0
2008-09-23,17.229999542236328,17.56999969482422,17.079999923706055,17.110000610351562,5.44683837890625,2030400,0.0,0.0
2008-09-24,17.190000534057617,17.3700008392334,16.729999542236328,16.790000915527344,5.344967365264893,2977800,0.0,0.0
2008-09-25,16.850000381469727,17.479999542236328,16.84000015258789,17.209999084472656,5.478670597076416,2475700,0.0,0.0
2008-09-26,17.229999542236328,17.639999389648438,17.079999923706055,17.34000015258789,5.520054340362549,2221500,0.0,0.0
2008-09-29,17.239999771118164,17.479999542236328,16.100000381469727,16.170000076293945,5.147594928741455,2941800,0.0,0.0
2008-09-30,16.440000534057617,16.780000686645508,16.25,16.770000457763672,5.3386006355285645,2803600,0.0,0.0
2008-10-01,16.780000686645508,17.1200008392334,16.459999084472656,16.920000076293945,5.386350631713867,2904500,0.0,0.0
2008-10-02,16.829999923706055,16.950000762939453,16.209999084472656,16.290000915527344,5.18579626083374,3085000,0.0,0.0
2008-10-03,16.479999542236328,16.540000915527344,15.90999984741211,15.90999984741211,5.064825534820557,2661400,0.0,0.0
2008-10-06,15.619999885559082,15.899999618530273,14.489999771118164,15.079999923706055,4.800601005554199,4894900,0.0,0.0
2008-10-07,15.300000190734863,15.390000343322754,14.079999923706055,14.170000076293945,4.510910511016846,4200300,0.0,0.0
2008-10-08,13.90999984741211,14.1899995803833,13.229999542236328,13.449999809265137,4.281704425811768,7669300,0.0,0.0
2008-10-09,13.4399995803833,13.489999771118164,12.069999694824219,12.130000114440918,3.8614919185638428,7311900,0.0,0.0
2008-10-10,11.760000228881836,11.880000114440918,9.649999618530273,10.0,3.1834237575531006,18391400,0.0,0.0
2008-10-13,11.199999809265137,11.979999542236328,10.850000381469727,11.979999542236328,3.8137404918670654,9404900,0.0,0.0
2008-10-14,12.300000190734863,12.300000190734863,11.199999809265137,11.699999809265137,3.724604845046997,7881400,0.0,0.0
2008-10-15,11.770000457763672,12.109999656677246,11.210000038146973,11.239999771118164,3.5781681537628174,5998100,0.0,0.0
2008-10-16,11.319999694824219,11.369999885559082,10.84000015258789,11.25,3.581350564956665,8370600,0.0,0.0
2008-10-17,11.079999923706055,11.489999771118164,10.75,11.180000305175781,3.559067487716675,4654400,0.0,0.0
2008-10-20,11.399999618530273,11.75,11.0,11.600000381469727,3.692769765853882,3707100,0.0,0.0
2008-10-21,11.890000343322754,12.0,11.5600004196167,11.789999961853027,3.753255844116211,4580900,0.0,0.0
2008-10-22,11.699999809265137,11.699999809265137,10.90999984741211,11.039999961853027,3.5144994258880615,4914400,0.0,0.0
2008-10-23,10.930000305175781,10.930000305175781,8.510000228881836,9.0,2.8650805950164795,11979500,0.0,0.0
2008-10-24,8.539999961853027,9.100000381469727,8.25,8.880000114440918,2.8268802165985107,7196500,0.0,0.0
2008-10-27,8.779999732971191,9.3100004196167,8.649999618530273,8.779999732971191,2.7950453758239746,6793100,0.0,0.0
2008-10-28,8.979999542236328,9.350000381469727,8.670000076293945,9.34000015258789,2.9733166694641113,6135500,0.0,0.0
2008-10-29,9.609999656677246,9.609999656677246,9.15999984741211,9.25,2.944667339324951,7798500,0.0,0.0
2008-10-30,9.479999542236328,9.869999885559082,9.40999984741211,9.819999694824219,3.1261203289031982,3732300,0.0,0.0
2008-10-31,9.850000381469727,10.399999618530273,9.8100004196167,10.050000190734863,3.1993396282196045,4648500,0.0,0.0
2008-11-03,10.100000381469727,10.319999694824219,9.770000457763672,9.90999984741211,3.154772996902466,3516800,0.0,0.0
2008-11-04,10.180000305175781,10.539999961853027,10.130000114440918,10.359999656677246,3.298025369644165,3174600,0.0,0.0
2008-11-05,10.260000228881836,10.5600004196167,10.140000343322754,10.180000305175781,3.2407264709472656,3468400,0.0,0.0
2008-11-06,10.180000305175781,10.180000305175781,9.579999923706055,9.649999618530273,3.0720036029815674,5009400,0.0,0.0
2008-11-07,9.75,9.949999809265137,9.699999809265137,9.890000343322754,3.148405075073242,2890400,0.0,0.0
2008-11-10,10.5,10.720000267028809,9.979999542236328,10.119999885559082,3.2216243743896484,4372500,0.0,0.0
2008-11-11,10.15999984741211,10.319999694824219,9.539999961853027,9.710000038146973,3.0911035537719727,3098900,0.0,0.0
2008-11-12,9.579999923706055,9.779999732971191,8.899999618530273,8.90999984741211,2.8364298343658447,3412300,0.0,0.0
2008-11-13,8.970000267028809,9.65999984741211,8.59000015258789,9.65999984741211,3.0751869678497314,5205800,0.0,0.0
2008-11-14,9.430000305175781,9.760000228881836,9.050000190734863,9.170000076293945,2.919198989868164,3651100,0.0,0.0
2008-11-17,9.100000381469727,9.300000190734863,8.84000015258789,8.869999885559082,2.823694944381714,2503000,0.0,0.0
2008-11-18,8.869999885559082,9.289999961853027,8.670000076293945,9.079999923706055,2.890547275543213,3813300,0.0,0.0
2008-11-19,9.039999961853027,9.470000267028809,8.460000038146973,8.489999771118164,2.702725648880005,4238500,0.0,0.0
2008-11-20,8.390000343322754,8.649999618530273,7.320000171661377,7.739999771118164,2.4639689922332764,6217900,0.0,0.0
2008-11-21,7.960000038146973,8.140000343322754,7.25,8.130000114440918,2.588122844696045,5937700,0.0,0.0
2008-11-24,8.270000457763672,8.739999771118164,8.0,8.59000015258789,2.734560489654541,3655600,0.0,0.0
2008-11-25,8.760000228881836,8.84000015258789,7.900000095367432,8.59000015258789,2.7570276260375977,5227600,0.07,0.0
2008-11-26,8.680000305175781,8.90999984741211,8.350000381469727,8.829999923706055,2.834057331085205,4734800,0.0,0.0
2008-11-28,8.680000305175781,9.239999771118164,8.600000381469727,9.180000305175781,2.9463937282562256,2143500,0.0,0.0
2008-12-01,9.0,9.489999771118164,8.960000038146973,9.0,2.888620138168335,5538100,0.0,0.0
2008-12-02,9.170000076293945,9.319999694824219,8.5,8.8100004196167,2.8276383876800537,6674200,0.0,0.0
2008-12-03,8.630000114440918,9.380000114440918,8.430000305175781,9.3100004196167,2.98811674118042,4863300,0.0,0.0
2008-12-04,9.199999809265137,9.699999809265137,9.0600004196167,9.15999984741211,2.939973831176758,4845600,0.0,0.0
2008-12-05,9.109999656677246,10.329999923706055,8.960000038146973,10.180000305175781,3.2673521041870117,5334700,0.0,0.0
2008-12-08,10.399999618530273,10.470000267028809,9.8100004196167,10.010000228881836,3.212787389755249,4228900,0.0,0.0
2008-12-09,9.960000038146973,10.100000381469727,9.649999618530273,9.699999809265137,3.113290548324585,3309800,0.0,0.0
2008-12-10,9.819999694824219,10.319999694824219,9.649999618530273,10.3100004196167,3.3090741634368896,3305000,0.0,0.0
2008-12-11,10.109999656677246,10.869999885559082,10.100000381469727,10.380000114440918,3.33154296875,4699300,0.0,0.0
2008-12-12,10.0600004196167,10.460000038146973,9.970000267028809,10.430000305175781,3.3475894927978516,3389100,0.0,0.0
2008-12-15,10.460000038146973,10.75,10.0600004196167,10.199999809265137,3.2737698554992676,2621700,0.0,0.0
2008-12-16,10.270000457763672,10.699999809265137,10.0,10.680000305175781,3.4278290271759033,4470600,0.0,0.0
2008-12-17,10.609999656677246,10.8100004196167,10.449999809265137,10.6899995803833,3.4310402870178223,2812500,0.0,0.0
2008-12-18,11.399999618530273,12.399999618530273,11.399999618530273,11.579999923706055,3.7166919708251953,8795300,0.0,0.0
2008-12-19,11.630000114440918,12.220000267028809,11.449999809265137,11.779999732971191,3.7808830738067627,6046300,0.0,0.0
2008-12-22,11.800000190734863,12.039999961853027,11.460000038146973,11.720000267028809,3.761625289916992,4178400,0.0,0.0
2008-12-23,11.850000381469727,11.930000305175781,11.510000228881836,11.609999656677246,3.7263200283050537,2818800,0.0,0.0
2008-12-24,11.680000305175781,11.789999961853027,11.470000267028809,11.770000457763672,3.7776734828948975,835400,0.0,0.0
2008-12-26,11.819999694824219,11.970000267028809,11.649999618530273,11.850000381469727,3.8033511638641357,901600,0.0,0.0
2008-12-29,11.779999732971191,11.779999732971191,11.380000114440918,11.579999923706055,3.7166919708251953,1967800,0.0,0.0
2008-12-30,11.649999618530273,11.979999542236328,11.619999885559082,11.970000267028809,3.841864585876465,2286200,0.0,0.0
2008-12-31,12.0,12.25,11.970000267028809,12.029999732971191,3.8611221313476562,2185800,0.0,0.0
2009-01-02,12.0,12.489999771118164,11.930000305175781,12.359999656677246,3.967036247253418,2218400,0.0,0.0
2009-01-05,12.260000228881836,12.890000343322754,12.260000228881836,12.859999656677246,4.1275177001953125,3964300,0.0,0.0
2009-01-06,12.970000267028809,13.470000267028809,12.520000457763672,12.630000114440918,4.05369758605957,4312600,0.0,0.0
2009-01-07,12.489999771118164,12.699999809265137,12.109999656677246,12.239999771118164,3.928523063659668,2716200,0.0,0.0
2009-01-08,12.229999542236328,12.539999961853027,12.0,12.539999961853027,4.024811267852783,3156900,0.0,0.0
2009-01-09,12.449999809265137,12.680000305175781,12.0600004196167,12.199999809265137,3.9156839847564697,3016200,0.0,0.0
2009-01-12,12.279999732971191,12.279999732971191,11.670000076293945,11.770000457763672,3.7776734828948975,3295700,0.0,0.0
2009-01-13,11.789999961853027,12.029999732971191,11.710000038146973,11.899999618530273,3.819397211074829,2625200,0.0,0.0
2009-01-14,11.680000305175781,11.680000305175781,11.079999923706055,11.289999961853027,3.623615264892578,2658000,0.0,0.0
2009-01-15,11.279999732971191,11.470000267028809,10.949999809265137,11.430000305175781,3.6685471534729004,3481300,0.0,0.0
2009-01-16,11.59000015258789,11.789999961853027,11.420000076293945,11.65999984741211,3.7423694133758545,3633000,0.0,0.0
2009-01-20,11.670000076293945,11.720000267028809,11.029999732971191,11.069999694824219,3.553002119064331,3478900,0.0,0.0
2009-01-21,11.09000015258789,11.529999732971191,11.0,11.5,3.691014051437378,3000500,0.0,0.0
2009-01-22,11.300000190734863,11.739999771118164,11.170000076293945,11.649999618530273,3.7391583919525146,2999800,0.0,0.0
2009-01-23,11.460000038146973,11.680000305175781,11.220000267028809,11.579999923706055,3.7166919708251953,1890700,0.0,0.0
2009-01-26,11.649999618530273,12.260000228881836,11.550000190734863,12.020000457763672,3.8579139709472656,2564200,0.0,0.0
2009-01-27,12.069999694824219,12.579999923706055,12.039999961853027,12.199999809265137,3.9156839847564697,2550300,0.0,0.0
2009-01-28,12.369999885559082,12.579999923706055,12.069999694824219,12.329999923706055,3.9574086666107178,2406400,0.0,0.0
2009-01-29,12.34000015258789,12.350000381469727,12.0,12.0600004196167,3.870750665664673,1883500,0.0,0.0
2009-01-30,12.140000343322754,12.210000038146973,11.140000343322754,11.229999542236328,3.604356288909912,4119700,0.0,0.0
2009-02-02,11.229999542236328,11.399999618530273,10.899999618530273,11.329999923706055,3.6364517211914062,3400700,0.0,0.0
2009-02-03,11.350000381469727,11.800000190734863,11.220000267028809,11.710000038146973,3.7584166526794434,2430600,0.0,0.0
2009-02-04,11.850000381469727,12.109999656677246,11.6899995803833,11.859999656677246,3.806558132171631,3305500,0.0,0.0
2009-02-05,11.800000190734863,12.149999618530273,11.65999984741211,12.050000190734863,3.8675413131713867,3473000,0.0,0.0
2009-02-06,12.180000305175781,12.65999984741211,12.130000114440918,12.619999885559082,4.050487041473389,2772200,0.0,0.0
2009-02-09,12.59000015258789,12.670000076293945,12.229999542236328,12.40999984741211,3.9830851554870605,2868100,0.0,0.0
2009-02-10,12.399999618530273,12.550000190734863,11.850000381469727,11.949999809265137,3.83544659614563,3430000,0.0,0.0
2009-02-11,12.430000305175781,13.350000381469727,12.369999885559082,13.100000381469727,4.20454740524292,6592700,0.0,0.0
2009-02-12,13.119999885559082,13.479999542236328,12.59000015258789,12.979999542236328,4.166031837463379,6059800,0.0,0.0
2009-02-13,13.069999694824219,13.569999694824219,12.960000038146973,13.399999618530273,4.3008341789245605,5350900,0.0,0.0
2009-02-17,13.109999656677246,13.220000267028809,12.75,12.850000381469727,4.124307632446289,5005400,0.0,0.0
2009-02-18,12.760000228881836,12.869999885559082,12.199999809265137,12.460000038146973,3.9991345405578613,4840800,0.0,0.0
2009-02-19,12.729999542236328,12.890000343322754,12.449999809265137,12.510000228881836,4.015181541442871,3417300,0.0,0.0
2009-02-20,12.359999656677246,12.569999694824219,12.0,12.300000190734863,3.9477808475494385,4627300,0.0,0.0
2009-02-23,12.390000343322754,12.479999542236328,11.930000305175781,11.979999542236328,3.845073938369751,2987300,0.0,0.0
2009-02-24,12.069999694824219,12.34000015258789,11.880000114440918,12.270000457763672,3.9381508827209473,3686600,0.0,0.0
2009-02-25,12.119999885559082,12.34000015258789,11.949999809265137,12.149999618530273,3.8996362686157227,3931100,0.0,0.0
2009-02-26,12.319999694824219,12.680000305175781,11.729999542236328,11.800000190734863,3.787302017211914,5914100,0.0,0.0
2009-02-27,11.5600004196167,11.770000457763672,11.470000267028809,11.479999542236328,3.6845951080322266,6230900,0.0,0.0
2009-03-02,11.319999694824219,11.369999885559082,10.65999984741211,10.6899995803833,3.4310402870178223,4487000,0.0,0.0
2009-03-03,10.800000190734863,11.109999656677246,10.40999984741211,10.529999732971191,3.379685640335083,6085700,0.0,0.0
2009-03-04,10.699999809265137,10.90999984741211,10.539999961853027,10.699999809265137,3.434248447418213,5381800,0.0,0.0
2009-03-05,10.510000228881836,10.520000457763672,9.90999984741211,10.010000228881836,3.212787389755249,4048900,0.0,0.0
2009-03-06,10.130000114440918,10.369999885559082,9.699999809265137,10.0,3.209578514099121,5253500,0.0,0.0
2009-03-09,9.890000343322754,10.229999542236328,9.800000190734863,9.859999656677246,3.1646440029144287,3829100,0.0,0.0
2009-03-10,10.069999694824219,10.470000267028809,9.920000076293945,10.420000076293945,3.3443801403045654,5609300,0.0,0.0
2009-03-11,10.510000228881836,10.670000076293945,10.359999656677246,10.479999542236328,3.3863871097564697,2839100,0.07,0.0
2009-03-12,10.359999656677246,11.3100004196167,10.359999656677246,11.270000457763672,3.6416592597961426,4826900,0.0,0.0
2009-03-13,11.25,11.479999542236328,11.050000190734863,11.25,3.6351964473724365,4418900,0.0,0.0
2009-03-16,11.550000190734863,12.069999694824219,11.529999732971191,11.569999694824219,3.738598108291626,5193900,0.0,0.0
2009-03-17,11.6899995803833,11.949999809265137,11.510000228881836,11.869999885559082,3.835535764694214,3574900,0.0,0.0
2009-03-18,11.869999885559082,12.100000381469727,11.670000076293945,11.9399995803833,3.858154773712158,3340500,0.0,0.0
2009-03-19,12.079999923706055,12.1899995803833,11.619999885559082,11.729999542236328,3.7902987003326416,2954700,0.0,0.0
2009-03-20,11.779999732971191,11.930000305175781,11.600000381469727,11.829999923706055,3.822610378265381,4363600,0.0,0.0
2009-03-23,11.880000114440918,12.34000015258789,11.880000114440918,12.34000015258789,3.987405776977539,5319200,0.0,0.0
2009-03-24,12.239999771118164,12.479999542236328,11.880000114440918,12.289999961853027,3.971249580383301,4481200,0.0,0.0
2009-03-25,12.390000343322754,12.699999809265137,12.239999771118164,12.430000305175781,4.016488075256348,5375600,0.0,0.0
2009-03-26,12.710000038146973,13.350000381469727,12.609999656677246,13.270000457763672,4.28791618347168,4354100,0.0,0.0
2009-03-27,13.029999732971191,13.350000381469727,12.989999771118164,13.229999542236328,4.274990081787109,4272100,0.0,0.0
2009-03-30,13.010000228881836,13.1899995803833,12.979999542236328,13.09000015258789,4.229753494262695,5696100,0.0,0.0
2009-03-31,13.380000114440918,13.479999542236328,13.0,13.1899995803833,4.262063503265381,5297600,0.0,0.0
2009-04-01,13.020000457763672,13.579999923706055,12.789999961853027,13.489999771118164,4.35900354385376,3179500,0.0,0.0
2009-04-02,13.5600004196167,14.550000190734863,13.5600004196167,14.220000267028809,4.594888687133789,6792900,0.0,0.0
2009-04-03,14.260000228881836,14.399999618530273,13.949999809265137,14.09000015258789,4.552881240844727,4213500,0.0,0.0
2009-04-06,13.949999809265137,14.199999809265137,13.880000114440918,14.0,4.52379846572876,4031700,0.0,0.0
2009-04-07,13.779999732971191,14.069999694824219,13.59000015258789,13.729999542236328,4.436554908752441,3340700,0.0,0.0
2009-04-08,13.710000038146973,14.239999771118164,13.630000114440918,14.220000267028809,4.594888687133789,3257500,0.0,0.0
2009-04-09,14.720000267028809,15.0,14.270000457763672,14.550000190734863,4.701518535614014,3533900,0.0,0.0
2009-04-13,14.529999732971191,14.600000381469727,14.350000381469727,14.479999542236328,4.678900241851807,2655500,0.0,0.0
2009-04-14,14.380000114440918,14.4399995803833,13.989999771118164,14.09000015258789,4.552881240844727,3904500,0.0,0.0
2009-04-15,14.0,14.510000228881836,13.960000038146973,14.369999885559082,4.6433563232421875,3116300,0.0,0.0
2009-04-16,14.430000305175781,15.180000305175781,14.369999885559082,15.039999961853027,4.859852313995361,6058800,0.0,0.0
2009-04-17,15.119999885559082,15.279999732971191,14.579999923706055,14.890000343322754,4.8113837242126465,5020600,0.0,0.0
2009-04-20,15.460000038146973,16.020000457763672,15.020000457763672,15.270000457763672,4.9341721534729,7795800,0.0,0.0
2009-04-21,15.270000457763672,15.670000076293945,14.420000076293945,14.770000457763672,4.772607326507568,6130200,0.0,0.0
2009-04-22,14.819999694824219,15.449999809265137,14.779999732971191,15.199999809265137,4.911553382873535,4838900,0.0,0.0
2009-04-23,15.25,15.4399995803833,14.989999771118164,15.399999618530273,4.976179599761963,4188600,0.0,0.0
2009-04-24,15.550000190734863,15.850000381469727,15.180000305175781,15.420000076293945,4.98264217376709,4377800,0.0,0.0
2009-04-27,15.210000038146973,15.640000343322754,15.050000190734863,15.130000114440918,4.88893461227417,5279000,0.0,0.0
2009-04-28,16.030000686645508,16.239999771118164,15.65999984741211,15.899999618530273,5.13774299621582,8217800,0.0,0.0
2009-04-29,16.31999969482422,17.010000228881836,16.209999084472656,16.860000610351562,5.447947025299072,7296300,0.0,0.0
2009-04-30,17.030000686645508,17.219999313354492,16.729999542236328,17.059999465942383,5.512572288513184,7077300,0.0,0.0
2009-05-01,17.020000457763672,17.190000534057617,16.81999969482422,17.0,5.4931840896606445,3545200,0.0,0.0
2009-05-04,17.110000610351562,17.389999389648438,16.459999084472656,17.329999923706055,5.59981632232666,4933100,0.0,0.0
2009-05-05,17.260000228881836,17.360000610351562,16.969999313354492,17.0,5.4931840896606445,4862800,0.0,0.0
2009-05-06,17.290000915527344,17.31999969482422,16.889999389648438,17.139999389648438,5.538421630859375,6354200,0.0,0.0
2009-05-07,17.219999313354492,17.520000457763672,17.110000610351562,17.31999969482422,5.596587657928467,6098700,0.0,0.0
2009-05-08,17.559999465942383,17.559999465942383,17.229999542236328,17.399999618530273,5.622435092926025,6369700,0.0,0.0
2009-05-11,17.239999771118164,17.459999084472656,17.219999313354492,17.34000015258789,5.603047847747803,4339400,0.0,0.0
2009-05-12,17.420000076293945,17.719999313354492,17.219999313354492,17.56999969482422,5.677368640899658,4027600,0.0,0.0
2009-05-13,17.389999389648438,17.56999969482422,16.790000915527344,16.850000381469727,5.444716453552246,4548700,0.0,0.0
2009-05-14,16.959999084472656,17.440000534057617,16.829999923706055,16.93000030517578,5.4705657958984375,5674700,0.0,0.0
2009-05-15,16.450000762939453,17.1299991607666,16.450000762939453,16.729999542236328,5.405938148498535,4142100,0.0,0.0
2009-05-18,16.8799991607666,17.200000762939453,16.520000457763672,17.200000762939453,5.557809829711914,2652300,0.0,0.0
2009-05-19,17.15999984741211,17.469999313354492,16.90999984741211,17.34000015258789,5.603047847747803,4266700,0.0,0.0
2009-05-20,17.469999313354492,17.709999084472656,17.139999389648438,17.200000762939453,5.557809829711914,3966300,0.0,0.0
2009-05-21,16.979999542236328,17.040000915527344,16.6299991607666,16.81999969482422,5.435020446777344,6740300,0.0,0.0
2009-05-22,16.8799991607666,16.969999313354492,16.6299991607666,16.649999618530273,5.380087375640869,2990200,0.0,0.0
2009-05-26,16.530000686645508,17.020000457763672,16.420000076293945,16.969999313354492,5.483491897583008,3880600,0.0,0.0
2009-05-27,16.940000534057617,17.139999389648438,16.68000030517578,16.68000030517578,5.389784336090088,4657500,0.0,0.0
2009-05-28,16.799999237060547,16.8799991607666,16.450000762939453,16.709999084472656,5.399477005004883,4621500,0.0,0.0
2009-05-29,16.829999923706055,16.889999389648438,16.549999237060547,16.65999984741211,5.383321285247803,7475000,0.0,0.0
2009-06-01,16.920000076293945,17.25,16.899999618530273,17.100000381469727,5.525497913360596,6526200,0.0,0.0
2009-06-02,17.100000381469727,17.809999465942383,17.040000915527344,17.6200008392334,5.6935248374938965,6353200,0.0,0.0
2009-06-03,17.510000228881836,17.670000076293945,17.100000381469727,17.290000915527344,5.586892127990723,3106100,0.0,0.0
2009-06-04,17.31999969482422,17.65999984741211,17.15999984741211,17.579999923706055,5.680599689483643,3603800,0.0,0.0
2009-06-05,17.700000762939453,17.829999923706055,17.31999969482422,17.43000030517578,5.6321306228637695,3194100,0.0,0.0
2009-06-08,17.329999923706055,17.610000610351562,17.239999771118164,17.469999313354492,5.645054817199707,2957000,0.0,0.0
2009-06-09,17.549999237060547,17.549999237060547,17.209999084472656,17.389999389648438,5.619203567504883,2737000,0.0,0.0
2009-06-10,17.479999542236328,17.59000015258789,17.170000076293945,17.34000015258789,5.625693321228027,4136800,0.07,0.0
2009-06-11,17.329999923706055,17.639999389648438,17.329999923706055,17.450000762939453,5.661381244659424,4165600,0.0,0.0
2009-06-12,17.31999969482422,17.399999618530273,17.06999969482422,17.18000030517578,5.573785781860352,2736200,0.0,0.0
2009-06-15,17.09000015258789,17.15999984741211,16.760000228881836,17.040000915527344,5.528362274169922,4044100,0.0,0.0
2009-06-16,17.1299991607666,17.479999542236328,17.1299991607666,17.3799991607666,5.638672351837158,5449900,0.0,0.0
2009-06-17,17.34000015258789,17.440000534057617,17.040000915527344,17.229999542236328,5.590005397796631,3690700,0.0,0.0
2009-06-18,17.290000915527344,17.729999542236328,17.059999465942383,17.6299991607666,5.719779014587402,4246300,0.0,0.0
2009-06-19,17.670000076293945,17.829999923706055,17.459999084472656,17.530000686645508,5.687335968017578,4402500,0.0,0.0
2009-06-22,17.40999984741211,17.610000610351562,17.229999542236328,17.31999969482422,5.619205951690674,3600900,0.0,0.0
2009-06-23,17.309999465942383,17.399999618530273,16.81999969482422,16.90999984741211,5.48618745803833,6769800,0.0,0.0
2009-06-24,17.06999969482422,17.139999389648438,16.540000915527344,16.68000030517578,5.411566734313965,4549600,0.0,0.0
2009-06-25,16.75,16.899999618530273,16.600000381469727,16.799999237060547,5.450500011444092,5824000,0.0,0.0
2009-06-26,16.690000534057617,17.049999237060547,16.68000030517578,16.799999237060547,5.450500011444092,10557800,0.0,0.0
2009-06-29,16.799999237060547,16.809999465942383,16.610000610351562,16.739999771118164,5.431034088134766,4528700,0.0,0.0
2009-06-30,16.760000228881836,16.780000686645508,16.280000686645508,16.649999618530273,5.4018330574035645,4712800,0.0,0.0
2009-07-01,16.010000228881836,17.34000015258789,16.010000228881836,17.139999389648438,5.560804843902588,4905100,0.0,0.0
2009-07-02,16.920000076293945,17.059999465942383,16.68000030517578,16.700000762939453,5.418056011199951,4005600,0.0,0.0
2009-07-06,16.56999969482422,16.760000228881836,16.420000076293945,16.540000915527344,5.366145610809326,3940000,0.0,0.0
2009-07-07,16.59000015258789,17.280000686645508,16.549999237060547,17.09000015258789,5.544585227966309,6391200,0.0,0.0
2009-07-08,17.170000076293945,17.170000076293945,16.610000610351562,16.8700008392334,5.473210334777832,6395700,0.0,0.0
2009-07-09,16.979999542236328,16.979999542236328,16.600000381469727,16.709999084472656,5.421299934387207,2820500,0.0,0.0
2009-07-10,16.6299991607666,16.790000915527344,16.3799991607666,16.489999771118164,5.349923610687256,2586200,0.0,0.0
2009-07-13,16.510000228881836,16.700000762939453,16.170000076293945,16.670000076293945,5.408322811126709,3356200,0.0,0.0
2009-07-14,16.719999313354492,16.979999542236328,16.59000015258789,16.829999923706055,5.460233211517334,4532100,0.0,0.0
2009-07-15,17.309999465942383,17.559999465942383,17.190000534057617,17.510000228881836,5.680849552154541,4363900,0.0,0.0
2009-07-16,17.559999465942383,17.90999984741211,17.559999465942383,17.690000534057617,5.7392449378967285,5432900,0.0,0.0
2009-07-17,17.639999389648438,17.770000457763672,17.34000015258789,17.350000381469727,5.628938674926758,4147300,0.0,0.0
2009-07-20,17.459999084472656,17.600000381469727,17.290000915527344,17.389999389648438,5.641913414001465,3448500,0.0,0.0
2009-07-21,17.530000686645508,17.549999237060547,17.18000030517578,17.420000076293945,5.651650428771973,3175000,0.0,0.0
2009-07-22,17.290000915527344,17.709999084472656,17.260000228881836,17.540000915527344,5.690578937530518,4477100,0.0,0.0
2009-07-23,17.540000915527344,18.229999542236328,17.399999618530273,17.899999618530273,5.807375431060791,6540300,0.0,0.0
2009-07-24,17.860000610351562,18.149999618530273,17.729999542236328,18.1200008392334,5.878752708435059,4002100,0.0,0.0
2009-07-27,18.170000076293945,18.260000228881836,17.989999771118164,18.260000228881836,5.924173355102539,3739000,0.0,0.0
2009-07-28,18.09000015258789,18.59000015258789,18.09000015258789,18.40999984741211,5.972835540771484,4918800,0.0,0.0
2009-07-29,18.899999618530273,19.600000381469727,18.760000228881836,18.860000610351562,6.118834018707275,9341100,0.0,0.0
2009-07-30,19.079999923706055,19.100000381469727,18.6299991607666,18.6299991607666,6.044213771820068,5792900,0.0,0.0
2009-07-31,18.780000686645508,18.989999771118164,18.68000030517578,18.790000915527344,6.096123695373535,4309400,0.0,0.0
2009-08-03,18.989999771118164,19.100000381469727,18.760000228881836,19.030000686645508,6.173988342285156,5085500,0.0,0.0
2009-08-04,19.219999313354492,19.530000686645508,19.18000030517578,19.450000762939453,6.310248851776123,6387700,0.0,0.0
2009-08-05,19.979999542236328,19.979999542236328,19.260000228881836,19.309999465942383,6.264828681945801,4593900,0.0,0.0
2009-08-06,19.40999984741211,19.6299991607666,19.15999984741211,19.309999465942383,6.264828681945801,4326300,0.0,0.0
2009-08-07,19.56999969482422,19.600000381469727,19.350000381469727,19.420000076293945,6.300518035888672,2490900,0.0,0.0
2009-08-10,19.399999618530273,19.700000762939453,19.270000457763672,19.440000534057617,6.307004451751709,2948000,0.0,0.0
2009-08-11,19.290000915527344,19.479999542236328,19.1200008392334,19.360000610351562,6.281052112579346,2932700,0.0,0.0
2009-08-12,19.260000228881836,19.5,19.149999618530273,19.25,6.245362758636475,3666700,0.0,0.0
2009-08-13,19.889999389648438,19.889999389648438,19.31999969482422,19.729999542236328,6.401091575622559,5070800,0.0,0.0
2009-08-14,19.670000076293945,20.0,19.65999984741211,19.700000762939453,6.391358375549316,4443800,0.0,0.0
2009-08-17,19.610000610351562,19.670000076293945,19.3799991607666,19.670000076293945,6.381627082824707,3868200,0.0,0.0
2009-08-18,19.65999984741211,19.950000762939453,19.520000457763672,19.8799991607666,6.449755668640137,3605200,0.0,0.0
2009-08-19,19.690000534057617,19.8700008392334,19.520000457763672,19.790000915527344,6.420558452606201,2939100,0.0,0.0
2009-08-20,19.829999923706055,20.219999313354492,19.65999984741211,20.06999969482422,6.511401176452637,3929900,0.0,0.0
2009-08-21,20.25,20.489999771118164,20.0,20.40999984741211,6.621707439422607,2722500,0.0,0.0
2009-08-24,20.489999771118164,20.6200008392334,20.229999542236328,20.420000076293945,6.624950408935547,3232400,0.0,0.0
2009-08-25,20.389999389648438,20.600000381469727,20.18000030517578,20.520000457763672,6.657395362854004,2983500,0.0,0.0
2009-08-26,20.420000076293945,20.780000686645508,20.399999618530273,20.760000228881836,6.735260486602783,4374200,0.0,0.0
2009-08-27,20.739999771118164,20.920000076293945,20.540000915527344,20.899999618530273,6.780680179595947,3229600,0.0,0.0
2009-08-28,20.940000534057617,20.940000534057617,20.540000915527344,20.649999618530273,6.699571132659912,3213100,0.0,0.0
2009-08-31,20.549999237060547,20.709999084472656,20.100000381469727,20.209999084472656,6.556816577911377,4023400,0.0,0.0
2009-09-01,20.1200008392334,20.229999542236328,19.760000228881836,19.84000015258789,6.4367804527282715,5001700,0.0,0.0
2009-09-02,19.8700008392334,20.139999389648438,19.75,20.040000915527344,6.50166654586792,4132300,0.0,0.0
2009-09-03,20.149999618530273,20.31999969482422,19.920000076293945,20.299999237060547,6.586017608642578,2937400,0.0,0.0
2009-09-04,20.260000228881836,20.469999313354492,20.149999618530273,20.31999969482422,6.5925092697143555,2756800,0.0,0.0
2009-09-08,20.3799991607666,20.510000228881836,20.290000915527344,20.5,6.650904178619385,4232400,0.0,0.0
2009-09-09,20.489999771118164,20.489999771118164,19.829999923706055,20.100000381469727,6.546679973602295,5783700,0.08,0.0
2009-09-10,20.1200008392334,20.3799991607666,20.0,20.3700008392334,6.634620189666748,5223600,0.0,0.0
2009-09-11,20.43000030517578,20.520000457763672,20.219999313354492,20.450000762939453,6.6606764793396,2822800,0.0,0.0
2009-09-14,20.329999923706055,20.760000228881836,20.18000030517578,20.75,6.758388042449951,3813400,0.0,0.0
2009-09-15,20.709999084472656,20.889999389648438,20.530000686645508,20.8700008392334,6.797473907470703,3186700,0.0,0.0
2009-09-16,20.899999618530273,20.899999618530273,20.309999465942383,20.760000228881836,6.761648178100586,3932100,0.0,0.0
2009-09-17,21.139999389648438,21.139999389648438,20.760000228881836,20.989999771118164,6.836561679840088,4785000,0.0,0.0
2009-09-18,21.1200008392334,21.170000076293945,20.850000381469727,21.149999618530273,6.888670921325684,4861500,0.0,0.0
2009-09-21,21.100000381469727,21.149999618530273,20.8700008392334,20.969999313354492,6.830045223236084,4250300,0.0,0.0
2009-09-22,21.030000686645508,21.079999923706055,20.790000915527344,20.940000534057617,6.820274353027344,2747900,0.0,0.0
2009-09-23,21.020000457763672,21.420000076293945,21.020000457763672,21.110000610351562,6.875644207000732,4214200,0.0,0.0
2009-09-24,21.139999389648438,21.25,20.850000381469727,21.010000228881836,6.843072414398193,2772600,0.0,0.0
2009-09-25,21.0,21.1299991607666,20.860000610351562,20.899999618530273,6.807244777679443,1981800,0.0,0.0
2009-09-28,20.920000076293945,21.15999984741211,20.829999923706055,21.020000457763672,6.846329689025879,2258400,0.0,0.0
2009-09-29,21.06999969482422,21.149999618530273,20.93000030517578,21.030000686645508,6.849588394165039,2439000,0.0,0.0
2009-09-30,20.979999542236328,21.440000534057617,20.719999313354492,21.40999984741211,6.973354816436768,4954800,0.0,0.0
2009-10-01,21.219999313354492,21.229999542236328,20.530000686645508,20.559999465942383,6.69650411605835,5159100,0.0,0.0
2009-10-02,20.270000457763672,20.639999389648438,20.06999969482422,20.579999923706055,6.703019618988037,3896300,0.0,0.0
2009-10-05,20.559999465942383,20.959999084472656,20.389999389648438,20.959999084472656,6.826787948608398,3507200,0.0,0.0
2009-10-06,21.0,21.110000610351562,20.760000228881836,20.950000762939453,6.823532581329346,3373300,0.0,0.0
2009-10-07,20.969999313354492,21.0,20.709999084472656,20.93000030517578,6.8170166015625,2529600,0.0,0.0
2009-10-08,20.979999542236328,21.059999465942383,20.719999313354492,20.850000381469727,6.790957927703857,2825100,0.0,0.0
2009-10-09,20.790000915527344,20.979999542236328,20.739999771118164,20.940000534057617,6.820274353027344,2096000,0.0,0.0
2009-10-12,20.90999984741211,21.190000534057617,20.84000015258789,20.90999984741211,6.810503005981445,2202700,0.0,0.0
2009-10-13,20.889999389648438,21.010000228881836,20.540000915527344,20.920000076293945,6.8137617111206055,3717700,0.0,0.0
2009-10-14,21.0,21.110000610351562,20.739999771118164,21.049999237060547,6.8560991287231445,3047400,0.0,0.0
2009-10-15,20.940000534057617,21.1299991607666,20.889999389648438,21.110000610351562,6.875644207000732,2577300,0.0,0.0
2009-10-16,21.040000915527344,21.049999237060547,20.829999923706055,20.940000534057617,6.820274353027344,2535100,0.0,0.0
2009-10-19,20.950000762939453,21.25,20.860000610351562,21.1299991607666,6.8821563720703125,3800700,0.0,0.0
2009-10-20,21.079999923706055,21.110000610351562,20.450000762939453,20.540000915527344,6.689992904663086,3148900,0.0,0.0
2009-10-21,20.549999237060547,20.889999389648438,20.450000762939453,20.540000915527344,6.689992904663086,3005800,0.0,0.0
2009-10-22,20.6200008392334,20.649999618530273,20.170000076293945,20.549999237060547,6.693248748779297,2659200,0.0,0.0
2009-10-23,20.649999618530273,20.649999618530273,19.899999618530273,19.979999542236328,6.507597923278809,3740500,0.0,0.0
2009-10-26,19.940000534057617,20.34000015258789,19.8700008392334,19.940000534057617,6.494568347930908,4289800,0.0,0.0
2009-10-27,19.84000015258789,20.209999084472656,19.739999771118164,20.020000457763672,6.520625114440918,5150600,0.0,0.0
2009-10-28,20.139999389648438,20.299999237060547,18.940000534057617,19.020000457763672,6.194919109344482,8666100,0.0,0.0
2009-10-29,19.100000381469727,19.780000686645508,19.079999923706055,19.600000381469727,6.383828163146973,10382400,0.0,0.0
2009-10-30,19.420000076293945,19.479999542236328,18.969999313354492,19.06999969482422,6.2112040519714355,7210100,0.0,0.0
2009-11-02,19.1200008392334,19.229999542236328,18.75,18.940000534057617,6.168864727020264,6168400,0.0,0.0
2009-11-03,18.8799991607666,19.0,18.850000381469727,18.989999771118164,6.185146331787109,5151700,0.0,0.0
2009-11-04,19.040000915527344,19.360000610351562,18.93000030517578,19.110000610351562,6.224234580993652,5034900,0.0,0.0
2009-11-05,19.110000610351562,19.8700008392334,19.110000610351562,19.719999313354492,6.422911167144775,7675000,0.0,0.0
2009-11-06,19.600000381469727,19.729999542236328,19.489999771118164,19.719999313354492,6.422911167144775,3231500,0.0,0.0
2009-11-09,19.84000015258789,20.1200008392334,19.770000457763672,20.100000381469727,6.546679973602295,2973900,0.0,0.0
2009-11-10,19.790000915527344,20.09000015258789,19.6200008392334,20.030000686645508,6.5238823890686035,3429000,0.0,0.0
2009-11-11,20.09000015258789,20.290000915527344,19.969999313354492,20.270000457763672,6.602051258087158,3458000,0.0,0.0
2009-11-12,20.290000915527344,20.469999313354492,20.110000610351562,20.139999389648438,6.559709548950195,3220500,0.0,0.0
2009-11-13,20.18000030517578,20.3700008392334,20.0,20.229999542236328,6.589023590087891,3474500,0.0,0.0
2009-11-16,20.270000457763672,20.670000076293945,20.229999542236328,20.639999389648438,6.722561359405518,4489000,0.0,0.0
2009-11-17,20.540000915527344,20.790000915527344,20.5,20.729999542236328,6.751876354217529,2504800,0.0,0.0
2009-11-18,20.670000076293945,20.75,20.459999084472656,20.6200008392334,6.7160468101501465,3366800,0.0,0.0
2009-11-19,20.510000228881836,20.600000381469727,20.149999618530273,20.229999542236328,6.589023590087891,3153300,0.0,0.0
2009-11-20,20.170000076293945,20.489999771118164,20.1200008392334,20.420000076293945,6.650906085968018,2779000,0.0,0.0
2009-11-23,20.56999969482422,20.739999771118164,20.5,20.600000381469727,6.709531784057617,2314400,0.0,0.0
2009-11-24,20.399999618530273,20.600000381469727,20.1200008392334,20.299999237060547,6.63759708404541,3577400,0.08,0.0
2009-11-25,20.31999969482422,20.440000534057617,20.18000030517578,20.3700008392334,6.660486221313477,2238500,0.0,0.0
2009-11-27,19.979999542236328,20.0,19.719999313354492,19.93000030517578,6.5166192054748535,1291400,0.0,0.0
2009-11-30,19.90999984741211,19.979999542236328,19.59000015258789,19.649999618530273,6.425065994262695,5927600,0.0,0.0
2009-12-01,19.780000686645508,19.950000762939453,19.729999542236328,19.75,6.457763671875,3605800,0.0,0.0
2009-12-02,19.780000686645508,20.020000457763672,19.719999313354492,19.969999313354492,6.529699325561523,3016300,0.0,0.0
2009-12-03,19.950000762939453,20.100000381469727,19.84000015258789,19.860000610351562,6.4937310218811035,3473100,0.0,0.0
2009-12-04,20.18000030517578,20.18000030517578,19.739999771118164,19.90999984741211,6.5100789070129395,3430200,0.0,0.0
2009-12-07,19.81999969482422,20.0,19.649999618530273,19.90999984741211,6.5100789070129395,3217400,0.0,0.0
2009-12-08,19.8700008392334,19.8700008392334,19.559999465942383,19.6299991607666,6.41852331161499,4257400,0.0,0.0
2009-12-09,19.6299991607666,19.860000610351562,19.469999313354492,19.799999237060547,6.474112033843994,3616000,0.0,0.0
2009-12-10,19.850000381469727,20.0,19.729999542236328,19.829999923706055,6.483920097351074,3216300,0.0,0.0
2009-12-11,19.770000457763672,20.030000686645508,19.6200008392334,19.760000228881836,6.461033344268799,3422500,0.0,0.0
2009-12-14,19.709999084472656,19.989999771118164,19.709999084472656,19.90999984741211,6.5100789070129395,3226300,0.0,0.0
2009-12-15,19.90999984741211,19.989999771118164,19.760000228881836,19.940000534057617,6.519888401031494,2765900,0.0,0.0
2009-12-16,19.899999618530273,20.229999542236328,19.81999969482422,20.049999237060547,6.555857181549072,3421000,0.0,0.0
2009-12-17,19.979999542236328,20.469999313354492,19.760000228881836,20.34000015258789,6.650677680969238,4698100,0.0,0.0
2009-12-18,20.34000015258789,20.510000228881836,20.139999389648438,20.43000030517578,6.680103778839111,4711600,0.0,0.0
2009-12-21,20.40999984741211,20.770000457763672,20.389999389648438,20.709999084472656,6.771658420562744,2367600,0.0,0.0
2009-12-22,20.760000228881836,21.030000686645508,20.56999969482422,21.030000686645508,6.8762922286987305,2672900,0.0,0.0
2009-12-23,21.049999237060547,21.399999618530273,21.049999237060547,21.31999969482422,6.971114158630371,2689800,0.0,0.0
2009-12-24,21.34000015258789,21.479999542236328,21.200000762939453,21.40999984741211,7.0005412101745605,656600,0.0,0.0
2009-12-28,21.43000030517578,21.469999313354492,21.1200008392334,21.209999084472656,6.935146808624268,2140600,0.0,0.0
2009-12-29,21.219999313354492,21.350000381469727,21.170000076293945,21.229999542236328,6.941685199737549,1353400,0.0,0.0
2009-12-30,21.15999984741211,21.450000762939453,21.06999969482422,21.43000030517578,7.007078170776367,2295300,0.0,0.0
2009-12-31,21.399999618530273,21.530000686645508,21.200000762939453,21.200000762939453,6.931875228881836,1628000,0.0,0.0
2010-01-04,21.440000534057617,21.56999969482422,21.239999771118164,21.56999969482422,7.052857875823975,3156300,0.0,0.0
2010-01-05,21.579999923706055,21.979999542236328,21.299999237060547,21.719999313354492,7.101903438568115,7785200,0.0,0.0
2010-01-06,21.760000228881836,21.979999542236328,21.649999618530273,21.690000534057617,7.092095375061035,3300400,0.0,0.0
2010-01-07,21.690000534057617,21.690000534057617,21.3799991607666,21.459999084472656,7.016892910003662,2707600,0.0,0.0
2010-01-08,21.350000381469727,21.459999084472656,21.079999923706055,21.18000030517578,6.925338268280029,4020000,0.0,0.0
2010-01-11,21.139999389648438,21.209999084472656,20.770000457763672,21.1299991607666,6.908987522125244,3335500,0.0,0.0
2010-01-12,21.0,21.290000915527344,20.889999389648438,20.979999542236328,6.859940528869629,2554900,0.0,0.0
2010-01-13,21.030000686645508,21.420000076293945,21.030000686645508,21.329999923706055,6.974382400512695,3000400,0.0,0.0
2010-01-14,21.239999771118164,21.3799991607666,21.110000610351562,21.239999771118164,6.944953441619873,2982200,0.0,0.0
2010-01-15,21.229999542236328,21.34000015258789,21.079999923706055,21.25,6.948224067687988,4290100,0.0,0.0
2010-01-19,21.25,21.309999465942383,21.100000381469727,21.229999542236328,6.941685199737549,3329800,0.0,0.0
2010-01-20,21.079999923706055,21.209999084472656,20.850000381469727,21.15999984741211,6.918798446655273,3750000,0.0,0.0
2010-01-21,21.100000381469727,21.280000686645508,20.799999237060547,20.850000381469727,6.8174333572387695,4260000,0.0,0.0
2010-01-22,20.84000015258789,21.190000534057617,20.75,20.950000762939453,6.85013484954834,4192100,0.0,0.0
2010-01-25,21.110000610351562,21.110000610351562,20.8700008392334,20.920000076293945,6.840325832366943,2855800,0.0,0.0
2010-01-26,20.780000686645508,20.899999618530273,20.639999389648438,20.780000686645508,6.794545650482178,2374100,0.0,0.0
2010-01-27,20.700000762939453,20.709999084472656,20.309999465942383,20.510000228881836,6.706265449523926,3827900,0.0,0.0
2010-01-28,20.559999465942383,20.559999465942383,20.170000076293945,20.219999313354492,6.6114397048950195,3840600,0.0,0.0
2010-01-29,20.190000534057617,20.600000381469727,20.149999618530273,20.190000534057617,6.6016316413879395,3679400,0.0,0.0
2010-02-01,20.34000015258789,20.469999313354492,20.200000762939453,20.459999084472656,6.689914703369141,2194200,0.0,0.0
2010-02-02,20.5,20.969999313354492,20.3700008392334,20.860000610351562,6.820705890655518,2662100,0.0,0.0
2010-02-03,20.729999542236328,20.950000762939453,20.639999389648438,20.8700008392334,6.823974609375,3225500,0.0,0.0
2010-02-04,20.700000762939453,20.700000762939453,20.170000076293945,20.170000076293945,6.595091819763184,2412600,0.0,0.0
2010-02-05,20.149999618530273,20.18000030517578,19.90999984741211,20.100000381469727,6.572203159332275,3558700,0.0,0.0
2010-02-08,20.139999389648438,20.239999771118164,19.920000076293945,19.950000762939453,6.52315616607666,2238200,0.0,0.0
2010-02-09,20.1299991607666,20.600000381469727,20.1299991607666,20.34000015258789,6.650677680969238,5110500,0.0,0.0
2010-02-10,20.309999465942383,20.34000015258789,19.329999923706055,19.450000762939453,6.3596696853637695,8896700,0.0,0.0
2010-02-11,19.469999313354492,19.56999969482422,19.1299991607666,19.200000762939453,6.277924537658691,5913800,0.0,0.0
2010-02-12,19.049999237060547,19.3799991607666,18.84000015258789,19.280000686645508,6.304084300994873,5407300,0.0,0.0
2010-02-16,19.440000534057617,19.540000915527344,19.239999771118164,19.299999237060547,6.310624122619629,4668000,0.0,0.0
2010-02-17,19.43000030517578,19.75,19.25,19.520000457763672,6.382558345794678,4678200,0.0,0.0
2010-02-18,19.469999313354492,19.889999389648438,19.469999313354492,19.8700008392334,6.4970011711120605,3526900,0.0,0.0
2010-02-19,19.84000015258789,19.84000015258789,19.65999984741211,19.739999771118164,6.4544901847839355,2755000,0.0,0.0
2010-02-22,19.760000228881836,19.829999923706055,19.56999969482422,19.59000015258789,6.405446529388428,2502100,0.0,0.0
2010-02-23,19.540000915527344,19.610000610351562,19.190000534057617,19.270000457763672,6.300814628601074,4127600,0.0,0.0
2010-02-24,19.270000457763672,19.329999923706055,18.920000076293945,19.18000030517578,6.2713847160339355,4266700,0.0,0.0
2010-02-25,25.110000610351562,26.0,24.899999618530273,25.479999542236328,8.331332206726074,60906300,0.0,0.0
2010-02-26,25.260000228881836,25.780000686645508,25.149999618530273,25.549999237060547,8.354218482971191,16424800,0.0,0.0
2010-03-01,25.469999313354492,25.700000762939453,25.399999618530273,25.600000381469727,8.370565414428711,21656300,0.0,0.0
2010-03-02,25.6299991607666,26.280000686645508,25.540000915527344,26.229999542236328,8.57656192779541,17124200,0.0,0.0
2010-03-03,26.200000762939453,26.600000381469727,26.15999984741211,26.34000015258789,8.612533569335938,10625900,0.0,0.0
2010-03-04,26.31999969482422,26.479999542236328,25.850000381469727,25.920000076293945,8.475202560424805,10001500,0.0,0.0
2010-03-05,25.979999542236328,26.18000030517578,25.829999923706055,25.860000610351562,8.455584526062012,5469300,0.0,0.0
2010-03-08,25.829999923706055,26.260000228881836,25.729999542236328,26.170000076293945,8.556946754455566,8254600,0.0,0.0
2010-03-09,26.100000381469727,26.31999969482422,25.950000762939453,26.100000381469727,8.53405475616455,7661600,0.0,0.0
2010-03-10,26.110000610351562,26.200000762939453,25.979999542236328,26.059999465942383,8.550461769104004,11620900,0.09,0.0
2010-03-11,26.0,26.760000228881836,26.0,26.690000534057617,8.75716781616211,10308900,0.0,0.0
2010-03-12,26.639999389648438,27.31999969482422,26.520000457763672,27.010000228881836,8.862161636352539,9968700,0.0,0.0
2010-03-15,26.65999984741211,26.979999542236328,26.649999618530273,26.899999618530273,8.826071739196777,4050700,0.0,0.0
2010-03-16,26.90999984741211,27.329999923706055,26.899999618530273,27.329999923706055,8.967157363891602,7127200,0.0,0.0
2010-03-17,27.309999465942383,27.600000381469727,27.1200008392334,27.229999542236328,8.934344291687012,8804600,0.0,0.0
2010-03-18,27.139999389648438,27.25,26.989999771118164,27.15999984741211,8.911377906799316,6262000,0.0,0.0
2010-03-19,26.959999084472656,27.170000076293945,26.719999313354492,26.959999084472656,8.845758438110352,6976900,0.0,0.0
2010-03-22,27.100000381469727,27.510000228881836,27.040000915527344,27.479999542236328,9.01637077331543,4335500,0.0,0.0
2010-03-23,27.469999313354492,27.5,27.110000610351562,27.350000381469727,8.97372055053711,4188900,0.0,0.0
2010-03-24,27.280000686645508,27.43000030517578,27.040000915527344,27.200000762939453,8.924503326416016,5971800,0.0,0.0
2010-03-25,27.3799991607666,27.579999923706055,27.06999969482422,27.110000610351562,8.894974708557129,7237100,0.0,0.0
2010-03-26,27.170000076293945,27.639999389648438,27.100000381469727,27.600000381469727,9.055746078491211,7232800,0.0,0.0
2010-03-29,27.639999389648438,28.15999984741211,27.530000686645508,28.09000015258789,9.21651554107666,8313700,0.0,0.0
2010-03-30,28.049999237060547,28.049999237060547,27.729999542236328,27.799999237060547,9.121366500854492,3905600,0.0,0.0
2010-03-31,27.8799991607666,27.920000076293945,27.530000686645508,27.65999984741211,9.075432777404785,6818300,0.0,0.0
2010-04-01,27.75,28.030000686645508,27.729999542236328,27.889999389648438,9.150893211364746,4404900,0.0,0.0
2010-04-05,27.81999969482422,28.31999969482422,27.81999969482422,28.260000228881836,9.272295951843262,4632600,0.0,0.0
2010-04-06,28.1299991607666,28.3799991607666,28.09000015258789,28.18000030517578,9.246047019958496,5746200,0.0,0.0
2010-04-07,28.059999465942383,28.31999969482422,27.989999771118164,28.139999389648438,9.232922554016113,5755400,0.0,0.0
2010-04-08,28.049999237060547,28.170000076293945,27.93000030517578,28.030000686645508,9.196831703186035,6476400,0.0,0.0
2010-04-09,28.0,28.309999465942383,27.709999084472656,28.260000228881836,9.272295951843262,4733500,0.0,0.0
2010-04-12,28.200000762939453,28.510000228881836,28.190000534057617,28.389999389648438,9.314949989318848,5158800,0.0,0.0
2010-04-13,28.329999923706055,28.450000762939453,28.15999984741211,28.3799991607666,9.311668395996094,6460100,0.0,0.0
2010-04-14,28.329999923706055,28.93000030517578,28.329999923706055,28.799999237060547,9.44947338104248,7298500,0.0,0.0
2010-04-15,28.68000030517578,28.850000381469727,28.459999084472656,28.530000686645508,9.360884666442871,3479500,0.0,0.0
2010-04-16,28.469999313354492,28.809999465942383,28.15999984741211,28.3700008392334,9.308388710021973,4535600,0.0,0.0
2010-04-19,28.3799991607666,28.459999084472656,28.09000015258789,28.149999618530273,9.236205101013184,3810400,0.0,0.0
2010-04-20,28.139999389648438,28.31999969482422,27.959999084472656,28.110000610351562,9.223078727722168,5046400,0.0,0.0
2010-04-21,28.18000030517578,28.229999542236328,28.030000686645508,28.100000381469727,9.219799995422363,4597500,0.0,0.0
2010-04-22,27.979999542236328,28.190000534057617,27.920000076293945,28.030000686645508,9.196831703186035,5339500,0.0,0.0
2010-04-23,28.030000686645508,28.290000915527344,27.920000076293945,28.25,9.269017219543457,3506400,0.0,0.0
2010-04-26,28.18000030517578,28.3700008392334,28.030000686645508,28.149999618530273,9.236205101013184,3888900,0.0,0.0
2010-04-27,28.1200008392334,28.670000076293945,28.020000457763672,28.15999984741211,9.239484786987305,11929800,0.0,0.0
2010-04-28,28.280000686645508,28.350000381469727,27.889999389648438,27.989999771118164,9.183704376220703,9585500,0.0,0.0
2010-04-29,28.260000228881836,28.329999923706055,28.010000228881836,28.25,9.269017219543457,5759800,0.0,0.0
2010-04-30,28.190000534057617,28.31999969482422,27.729999542236328,27.729999542236328,9.098398208618164,5080400,0.0,0.0
2010-05-03,27.850000381469727,28.200000762939453,27.790000915527344,27.989999771118164,9.183704376220703,3179500,0.0,0.0
2010-05-04,27.68000030517578,27.950000762939453,27.59000015258789,27.739999771118164,9.101678848266602,5222800,0.0,0.0
2010-05-05,27.5,27.600000381469727,26.860000610351562,26.959999084472656,8.845758438110352,8410500,0.0,0.0
2010-05-06,26.809999465942383,27.030000686645508,24.389999389648438,26.0,8.530773162841797,14249000,0.0,0.0
2010-05-07,25.979999542236328,26.309999465942383,25.6200008392334,25.84000015258789,8.478279113769531,10895100,0.0,0.0
2010-05-10,26.510000228881836,27.5,26.510000228881836,27.389999389648438,8.986845016479492,8248600,0.0,0.0
2010-05-11,27.059999465942383,27.360000610351562,26.799999237060547,27.06999969482422,8.881850242614746,5766900,0.0,0.0
2010-05-12,27.170000076293945,28.020000457763672,27.149999618530273,27.850000381469727,9.137772560119629,7490200,0.0,0.0
2010-05-13,27.8700008392334,28.110000610351562,27.639999389648438,27.690000534057617,9.085275650024414,3878200,0.0,0.0
2010-05-14,27.489999771118164,27.5,26.459999084472656,26.56999969482422,8.717794418334961,8819400,0.0,0.0
2010-05-17,26.639999389648438,27.030000686645508,26.0,26.329999923706055,8.639052391052246,6677600,0.0,0.0
2010-05-18,26.469999313354492,26.59000015258789,25.799999237060547,25.809999465942383,8.46843433380127,8781800,0.0,0.0
2010-05-19,25.700000762939453,25.93000030517578,25.350000381469727,25.760000228881836,8.452032089233398,6169200,0.0,0.0
2010-05-20,25.15999984741211,25.68000030517578,25.020000457763672,25.049999237060547,8.219073295593262,8565300,0.0,0.0
2010-05-21,24.670000076293945,25.739999771118164,24.290000915527344,25.360000610351562,8.32078742980957,10333300,0.0,0.0
2010-05-24,25.209999084472656,25.510000228881836,25.010000228881836,25.239999771118164,8.281416893005371,3937300,0.0,0.0
2010-05-25,24.75,25.469999313354492,24.639999389648438,25.440000534057617,8.347034454345703,6645900,0.0,0.0
2010-05-26,25.469999313354492,25.829999923706055,25.0,25.010000228881836,8.205949783325195,8425700,0.0,0.0
2010-05-27,25.34000015258789,26.600000381469727,25.34000015258789,26.579999923706055,8.721076011657715,7686100,0.0,0.0
2010-05-28,26.600000381469727,26.600000381469727,26.020000457763672,26.100000381469727,8.563583374023438,4429500,0.0,0.0
2010-06-01,26.059999465942383,26.360000610351562,25.799999237060547,25.899999618530273,8.497962951660156,6929700,0.0,0.0
2010-06-02,26.030000686645508,26.239999771118164,25.56999969482422,25.93000030517578,8.507808685302734,8070800,0.0,0.0
2010-06-03,25.860000610351562,26.1299991607666,25.770000457763672,26.100000381469727,8.563583374023438,4742200,0.0,0.0
2010-06-04,25.700000762939453,26.010000228881836,25.3700008392334,25.469999313354492,8.356878280639648,4755900,0.0,0.0
2010-06-07,25.43000030517578,25.739999771118164,24.81999969482422,24.8700008392334,8.160014152526855,6501500,0.0,0.0
2010-06-08,24.899999618530273,25.40999984741211,24.770000457763672,25.350000381469727,8.317503929138184,8586300,0.0,0.0
2010-06-09,25.290000915527344,25.75,25.190000534057617,25.350000381469727,8.34714126586914,6201200,0.09,0.0
2010-06-10,26.030000686645508,26.030000686645508,25.649999618530273,26.020000457763672,8.567752838134766,4937600,0.0,0.0
2010-06-11,25.850000381469727,26.290000915527344,25.549999237060547,26.270000457763672,8.650074005126953,3388800,0.0,0.0
2010-06-14,26.389999389648438,26.540000915527344,26.170000076293945,26.25,8.643486022949219,4787900,0.0,0.0
2010-06-15,26.469999313354492,26.59000015258789,26.260000228881836,26.510000228881836,8.72909927368164,4327100,0.0,0.0
2010-06-16,26.84000015258789,27.0,26.229999542236328,26.8799991607666,8.850932121276855,8506000,0.0,0.0
2010-06-17,27.059999465942383,27.40999984741211,26.829999923706055,27.31999969482422,8.995813369750977,5897800,0.0,0.0
2010-06-18,27.350000381469727,27.5,26.959999084472656,27.040000915527344,8.903615951538086,4876900,0.0,0.0
2010-06-21,27.299999237060547,27.5,26.850000381469727,26.979999542236328,8.883858680725098,2462700,0.0,0.0
2010-06-22,26.920000076293945,27.059999465942383,26.540000915527344,26.649999618530273,8.775198936462402,4691200,0.0,0.0
2010-06-23,26.59000015258789,26.860000610351562,26.420000076293945,26.670000076293945,8.78178596496582,4145000,0.0,0.0
2010-06-24,26.68000030517578,26.729999542236328,26.229999542236328,26.309999465942383,8.663243293762207,4540200,0.0,0.0
2010-06-25,26.3799991607666,26.399999618530273,25.860000610351562,25.8799991607666,8.52165412902832,8345300,0.0,0.0
2010-06-28,26.139999389648438,26.579999923706055,25.989999771118164,26.510000228881836,8.72909927368164,2913000,0.0,0.0
2010-06-29,26.15999984741211,26.18000030517578,25.760000228881836,25.959999084472656,8.547996520996094,6566100,0.0,0.0
2010-06-30,25.860000610351562,26.260000228881836,25.760000228881836,25.860000610351562,8.515067100524902,5285000,0.0,0.0
2010-07-01,25.81999969482422,26.1200008392334,25.559999465942383,25.969999313354492,8.551292419433594,4987600,0.0,0.0
2010-07-02,26.100000381469727,26.350000381469727,25.84000015258789,26.030000686645508,8.57104778289795,2731700,0.0,0.0
2010-07-06,26.170000076293945,26.6299991607666,26.1200008392334,26.399999618530273,8.692879676818848,3543800,0.0,0.0
2010-07-07,26.34000015258789,27.079999923706055,26.25,27.059999465942383,8.910197257995605,3165000,0.0,0.0
2010-07-08,27.25,27.90999984741211,27.200000762939453,27.5,9.055087089538574,3935400,0.0,0.0
2010-07-09,27.43000030517578,27.75,27.260000228881836,27.68000030517578,9.114352226257324,3407500,0.0,0.0
2010-07-12,27.600000381469727,27.709999084472656,27.350000381469727,27.670000076293945,9.111059188842773,2861000,0.0,0.0
2010-07-13,27.93000030517578,28.190000534057617,27.709999084472656,28.15999984741211,9.272407531738281,8016400,0.0,0.0
2010-07-14,28.059999465942383,28.15999984741211,27.860000610351562,28.020000457763672,9.22630786895752,2563400,0.0,0.0
2010-07-15,28.040000915527344,28.1200008392334,27.670000076293945,27.979999542236328,9.21313762664795,3353300,0.0,0.0
2010-07-16,27.809999465942383,28.0,27.59000015258789,27.690000534057617,9.117644309997559,3562400,0.0,0.0
2010-07-19,27.739999771118164,28.0,27.579999923706055,27.889999389648438,9.18349838256836,2308700,0.0,0.0
2010-07-20,27.59000015258789,28.079999923706055,27.59000015258789,28.059999465942383,9.239477157592773,3060800,0.0,0.0
2010-07-21,28.1299991607666,28.290000915527344,27.6299991607666,27.700000762939453,9.12093734741211,2759700,0.0,0.0
2010-07-22,27.899999618530273,28.260000228881836,27.899999618530273,28.219999313354492,9.292160987854004,3007100,0.0,0.0
2010-07-23,28.209999084472656,28.510000228881836,28.020000457763672,28.510000228881836,9.387650489807129,3870500,0.0,0.0
2010-07-26,28.450000762939453,28.899999618530273,28.440000534057617,28.8700008392334,9.506190299987793,3838000,0.0,0.0
2010-07-27,28.860000610351562,28.950000762939453,28.389999389648438,28.479999542236328,9.377774238586426,5615400,0.0,0.0
2010-07-28,28.520000457763672,28.850000381469727,28.239999771118164,28.709999084472656,9.453505516052246,4885000,0.0,0.0
2010-07-29,28.770000457763672,29.0,28.549999237060547,28.770000457763672,9.47326374053955,4537000,0.0,0.0
2010-07-30,28.510000228881836,28.920000076293945,28.399999618530273,28.700000762939453,9.450216293334961,2677800,0.0,0.0
2010-08-02,28.889999389648438,29.049999237060547,28.829999923706055,28.989999771118164,9.54570484161377,3857500,0.0,0.0
2010-08-03,29.030000686645508,29.260000228881836,28.84000015258789,29.25,9.631318092346191,3604100,0.0,0.0
2010-08-04,29.229999542236328,29.459999084472656,29.100000381469727,29.40999984741211,9.683999061584473,3626900,0.0,0.0
2010-08-05,29.270000457763672,29.270000457763672,28.969999313354492,29.139999389648438,9.595096588134766,3830900,0.0,0.0
2010-08-06,28.790000915527344,29.290000915527344,28.540000915527344,29.170000076293945,9.604973793029785,2574700,0.0,0.0
2010-08-09,29.229999542236328,29.399999618530273,29.1299991607666,29.389999389648438,9.677413940429688,1852300,0.0,0.0
2010-08-10,29.170000076293945,29.309999465942383,28.899999618530273,29.139999389648438,9.595096588134766,3141800,0.0,0.0
2010-08-11,28.719999313354492,28.860000610351562,28.450000762939453,28.459999084472656,9.371186256408691,2020600,0.0,0.0
2010-08-12,28.209999084472656,28.56999969482422,28.059999465942383,28.530000686645508,9.394237518310547,2449600,0.0,0.0
2010-08-13,28.43000030517578,28.790000915527344,28.389999389648438,28.709999084472656,9.453505516052246,2683900,0.0,0.0
2010-08-16,28.540000915527344,28.75,28.299999237060547,28.579999923706055,9.410700798034668,2176800,0.0,0.0
2010-08-17,28.719999313354492,28.860000610351562,28.5,28.799999237060547,9.483141899108887,3893400,0.0,0.0
2010-08-18,28.940000534057617,29.3799991607666,28.770000457763672,29.34000015258789,9.660948753356934,4508000,0.0,0.0
2010-08-19,29.200000762939453,29.270000457763672,28.670000076293945,28.84000015258789,9.49631404876709,3476600,0.0,0.0
2010-08-20,28.649999618530273,29.049999237060547,28.649999618530273,29.020000457763672,9.555581092834473,2901700,0.0,0.0
2010-08-23,29.010000228881836,29.25,28.6299991607666,28.639999389648438,9.43045711517334,2490800,0.0,0.0
2010-08-24,28.260000228881836,28.489999771118164,27.989999771118164,28.209999084472656,9.288867950439453,4914700,0.0,0.0
2010-08-25,28.1200008392334,28.229999542236328,27.8799991607666,28.1200008392334,9.259231567382812,4709800,0.0,0.0
2010-08-26,28.15999984741211,28.559999465942383,28.15999984741211,28.329999923706055,9.328384399414062,2538800,0.0,0.0
2010-08-27,28.420000076293945,28.709999084472656,28.049999237060547,28.670000076293945,9.44033432006836,1437800,0.0,0.0
2010-08-30,28.420000076293945,28.65999984741211,28.25,28.280000686645508,9.311918258666992,1858900,0.0,0.0
2010-08-31,28.079999923706055,28.6200008392334,28.049999237060547,28.459999084472656,9.371186256408691,2770200,0.0,0.0
2010-09-01,28.690000534057617,29.25,28.68000030517578,29.149999618530273,9.598388671875,2423600,0.0,0.0
2010-09-02,29.079999923706055,29.209999084472656,28.799999237060547,29.0,9.548995971679688,2889900,0.0,0.0
2010-09-03,29.229999542236328,29.420000076293945,28.93000030517578,29.3700008392334,9.670830726623535,2704700,0.0,0.0
2010-09-07,28.600000381469727,29.93000030517578,28.530000686645508,29.559999465942383,9.733388900756836,4883300,0.0,0.0
2010-09-08,29.540000915527344,29.90999984741211,29.540000915527344,29.690000534057617,9.806051254272461,3029600,0.09,0.0
2010-09-09,29.770000457763672,29.93000030517578,29.700000762939453,29.760000228881836,9.82917308807373,2330100,0.0,0.0
2010-09-10,29.940000534057617,30.31999969482422,29.889999389648438,30.170000076293945,9.96458625793457,6172600,0.0,0.0
2010-09-13,30.40999984741211,30.600000381469727,30.25,30.420000076293945,10.047157287597656,6471500,0.0,0.0
2010-09-14,30.239999771118164,30.459999084472656,30.09000015258789,30.100000381469727,9.94146728515625,5569800,0.0,0.0
2010-09-15,30.020000457763672,30.350000381469727,29.90999984741211,30.34000015258789,10.020734786987305,2261900,0.0,0.0
2010-09-16,30.209999084472656,30.34000015258789,30.030000686645508,30.260000228881836,9.99431324005127,2401300,0.0,0.0
2010-09-17,30.450000762939453,30.530000686645508,30.139999389648438,30.190000534057617,9.971195220947266,2789300,0.0,0.0
2010-09-20,30.239999771118164,30.450000762939453,29.8700008392334,30.059999465942383,9.928258895874023,3303300,0.0,0.0
2010-09-21,30.059999465942383,30.329999923706055,29.739999771118164,30.25,9.991008758544922,4232900,0.0,0.0
2010-09-22,30.110000610351562,30.420000076293945,29.84000015258789,29.989999771118164,9.905139923095703,2787700,0.0,0.0
2010-09-23,29.780000686645508,30.139999389648438,29.6200008392334,29.809999465942383,9.845685005187988,3949600,0.0,0.0
2010-09-24,30.09000015258789,30.3799991607666,29.950000762939453,30.200000762939453,9.974493980407715,3114900,0.0,0.0
2010-09-27,30.110000610351562,30.799999237060547,30.06999969482422,30.579999923706055,10.100005149841309,5447900,0.0,0.0
2010-09-28,30.700000762939453,31.049999237060547,30.450000762939453,31.010000228881836,10.242025375366211,4470200,0.0,0.0
2010-09-29,30.920000076293945,31.1200008392334,30.8700008392334,31.079999923706055,10.265142440795898,2644800,0.0,0.0
2010-09-30,31.190000534057617,31.450000762939453,30.899999618530273,31.0,10.238722801208496,6570800,0.0,0.0
2010-10-01,31.0,31.799999237060547,30.6299991607666,31.799999237060547,10.502944946289062,16959300,0.0,0.0
2010-10-04,22.5,22.5,21.65999984741211,22.010000228881836,10.604122161865234,10028900,10.0,0.0
2010-10-05,22.149999618530273,22.450000762939453,21.940000534057617,22.31999969482422,10.7534761428833,6748900,0.0,0.0
2010-10-06,22.40999984741211,22.559999465942383,22.239999771118164,22.510000228881836,10.845014572143555,7637400,0.0,0.0
2010-10-07,22.549999237060547,22.770000457763672,22.31999969482422,22.34000015258789,10.763111114501953,8720000,0.0,0.0
2010-10-08,22.31999969482422,22.6200008392334,22.31999969482422,22.549999237060547,10.864286422729492,5871200,0.0,0.0
2010-10-11,22.75,22.770000457763672,22.510000228881836,22.68000030517578,10.92691707611084,3215700,0.0,0.0
2010-10-12,22.610000610351562,22.950000762939453,22.510000228881836,22.850000381469727,11.008822441101074,3924600,0.0,0.0
2010-10-13,23.0,23.1299991607666,22.860000610351562,23.040000915527344,11.100362777709961,7187400,0.0,0.0
2010-10-14,23.43000030517578,24.020000457763672,23.229999542236328,23.889999389648438,11.509879112243652,10102700,0.0,0.0
2010-10-15,24.010000228881836,24.239999771118164,23.790000915527344,24.100000381469727,11.611056327819824,8622100,0.0,0.0
2010-10-18,24.389999389648438,24.8799991607666,24.020000457763672,24.15999984741211,11.639962196350098,3075900,0.0,0.0
2010-10-19,23.989999771118164,24.209999084472656,23.770000457763672,24.139999389648438,11.630327224731445,3934000,0.0,0.0
2010-10-20,24.190000534057617,24.920000076293945,24.100000381469727,24.190000534057617,11.654415130615234,5456300,0.0,0.0
2010-10-21,24.270000457763672,24.56999969482422,24.139999389648438,24.3799991607666,11.745955467224121,4222100,0.0,0.0
2010-10-22,24.459999084472656,24.639999389648438,24.3799991607666,24.6299991607666,11.866402626037598,3068300,0.0,0.0
2010-10-25,24.799999237060547,24.850000381469727,24.110000610351562,24.110000610351562,11.615873336791992,4901700,0.0,0.0
2010-10-26,24.0,24.229999542236328,23.829999923706055,24.18000030517578,11.649598121643066,4916600,0.0,0.0
2010-10-27,23.950000762939453,24.049999237060547,23.360000610351562,23.530000686645508,11.336434364318848,7334900,0.0,0.0
2010-10-28,23.829999923706055,24.75,23.829999923706055,24.149999618530273,11.63514518737793,15648300,0.0,0.0
2010-10-29,24.229999542236328,24.309999465942383,23.920000076293945,24.010000228881836,11.567691802978516,4981200,0.0,0.0
2010-11-01,23.780000686645508,24.299999237060547,23.780000686645508,24.049999237060547,11.586966514587402,8136200,0.0,0.0
2010-11-02,24.25,24.469999313354492,23.950000762939453,24.059999465942383,11.59178352355957,5390900,0.0,0.0
2010-11-03,24.040000915527344,24.079999923706055,23.790000915527344,23.850000381469727,11.490609169006348,5228600,0.0,0.0
2010-11-04,23.959999084472656,24.489999771118164,23.920000076293945,24.399999618530273,11.75558853149414,9176600,0.0,0.0
2010-11-05,24.40999984741211,24.68000030517578,24.389999389648438,24.610000610351562,11.856767654418945,4131500,0.0,0.0
2010-11-08,24.549999237060547,24.829999923706055,24.309999465942383,24.75,11.924219131469727,3045200,0.0,0.0
2010-11-09,24.770000457763672,25.049999237060547,24.719999313354492,24.829999923706055,11.962762832641602,4545700,0.0,0.0
2010-11-10,24.829999923706055,25.1200008392334,24.579999923706055,25.06999969482422,12.078387260437012,4337700,0.0,0.0
2010-11-11,24.93000030517578,25.18000030517578,24.700000762939453,25.170000076293945,12.126568794250488,3162400,0.0,0.0
2010-11-12,24.989999771118164,25.209999084472656,24.829999923706055,24.940000534057617,12.015750885009766,5090100,0.0,0.0
2010-11-15,24.969999313354492,25.270000457763672,24.860000610351562,25.09000015258789,12.08802318572998,2094000,0.0,0.0
2010-11-16,24.90999984741211,25.09000015258789,24.420000076293945,24.510000228881836,11.808588981628418,4015500,0.0,0.0
2010-11-17,24.530000686645508,24.6200008392334,24.309999465942383,24.3799991607666,11.745955467224121,3967500,0.0,0.0
2010-11-18,24.6200008392334,25.540000915527344,24.600000381469727,25.399999618530273,12.237374305725098,5533400,0.0,0.0
2010-11-19,25.399999618530273,25.510000228881836,25.139999389648438,25.510000228881836,12.290373802185059,3210500,0.0,0.0
2010-11-22,25.31999969482422,25.5,24.989999771118164,25.34000015258789,12.208470344543457,3129700,0.0,0.0
2010-11-23,25.010000228881836,25.010000228881836,24.209999084472656,24.260000228881836,11.743756294250488,6137000,0.12,0.0
2010-11-24,24.549999237060547,24.979999542236328,24.520000457763672,24.850000381469727,12.0293607711792,2982600,0.0,0.0
2010-11-26,24.59000015258789,24.850000381469727,24.59000015258789,24.670000076293945,11.942228317260742,838300,0.0,0.0
2010-11-29,24.479999542236328,24.479999542236328,23.690000534057617,24.059999465942383,11.64693832397461,6782300,0.0,0.0
2010-11-30,23.84000015258789,24.25,23.65999984741211,24.149999618530273,11.690506935119629,6483900,0.0,0.0
2010-12-01,24.34000015258789,24.790000915527344,24.200000762939453,24.780000686645508,11.995476722717285,4003800,0.0,0.0
2010-12-02,24.760000228881836,25.3700008392334,24.65999984741211,25.3700008392334,12.281085014343262,3522600,0.0,0.0
2010-12-03,25.239999771118164,25.610000610351562,25.18000030517578,25.489999771118164,12.339171409606934,5501700,0.0,0.0
2010-12-06,25.389999389648438,25.690000534057617,25.18000030517578,25.31999969482422,12.256881713867188,2406100,0.0,0.0
2010-12-07,25.549999237060547,25.81999969482422,25.450000762939453,25.59000015258789,12.387581825256348,3177900,0.0,0.0
2010-12-08,25.610000610351562,25.690000534057617,25.229999542236328,25.530000686645508,12.358532905578613,2313900,0.0,0.0
2010-12-09,25.639999389648438,25.989999771118164,25.610000610351562,25.90999984741211,12.54248332977295,3127300,0.0,0.0
2010-12-10,26.030000686645508,26.059999465942383,25.799999237060547,25.93000030517578,12.552165031433105,2478600,0.0,0.0
2010-12-13,26.020000457763672,26.1200008392334,25.719999313354492,25.889999389648438,12.532801628112793,2208700,0.0,0.0
2010-12-14,26.0,26.0,25.56999969482422,25.739999771118164,12.460189819335938,3572500,0.0,0.0
2010-12-15,25.649999618530273,25.760000228881836,25.25,25.479999542236328,12.334328651428223,4664100,0.0,0.0
2010-12-16,25.479999542236328,25.610000610351562,25.09000015258789,25.3700008392334,12.281085014343262,5745200,0.0,0.0
2010-12-17,25.229999542236328,25.649999618530273,25.209999084472656,25.25,12.222990989685059,7686500,0.0,0.0
2010-12-20,25.239999771118164,25.329999923706055,25.030000686645508,25.149999618530273,12.174582481384277,3945200,0.0,0.0
2010-12-21,25.25,25.31999969482422,24.920000076293945,25.030000686645508,12.116494178771973,4540800,0.0,0.0
2010-12-22,25.09000015258789,25.15999984741211,24.8799991607666,25.0,12.101975440979004,3360900,0.0,0.0
2010-12-23,25.0,25.40999984741211,24.920000076293945,25.270000457763672,12.232672691345215,2775500,0.0,0.0
2010-12-27,25.15999984741211,25.329999923706055,25.010000228881836,25.239999771118164,12.21815013885498,1676900,0.0,0.0
2010-12-28,25.15999984741211,25.260000228881836,24.90999984741211,25.15999984741211,12.179423332214355,2500700,0.0,0.0
2010-12-29,25.239999771118164,25.469999313354492,24.979999542236328,25.020000457763672,12.111656188964844,1672700,0.0,0.0
2010-12-30,25.0,25.18000030517578,24.90999984741211,25.059999465942383,12.131017684936523,1438200,0.0,0.0
2010-12-31,24.989999771118164,25.170000076293945,24.81999969482422,25.030000686645508,12.116494178771973,1317900,0.0,0.0
2011-01-03,25.1299991607666,25.690000534057617,25.059999465942383,25.459999084472656,12.324651718139648,3561400,0.0,0.0
2011-01-04,25.489999771118164,25.59000015258789,24.799999237060547,24.809999465942383,12.00999927520752,3782300,0.0,0.0
2011-01-05,24.75,24.989999771118164,24.610000610351562,24.639999389648438,11.927705764770508,4847400,0.0,0.0
2011-01-06,24.639999389648438,24.700000762939453,24.139999389648438,24.309999465942383,11.767956733703613,5984900,0.0,0.0
2011-01-07,24.3799991607666,24.459999084472656,23.6299991607666,23.8799991607666,11.559803009033203,8608600,0.0,0.0
2011-01-10,23.760000228881836,24.719999313354492,23.719999313354492,24.649999618530273,11.93254566192627,9288700,0.0,0.0
2011-01-11,24.770000457763672,24.850000381469727,24.450000762939453,24.65999984741211,11.937383651733398,3240800,0.0,0.0
2011-01-12,24.760000228881836,25.149999618530273,24.600000381469727,25.1299991607666,12.16490364074707,3434700,0.0,0.0
2011-01-13,25.149999618530273,25.350000381469727,24.979999542236328,25.329999923706055,12.26172161102295,3822800,0.0,0.0
2011-01-14,25.31999969482422,25.639999389648438,25.209999084472656,25.489999771118164,12.339171409606934,4006600,0.0,0.0
2011-01-18,25.520000457763672,25.690000534057617,25.25,25.510000228881836,12.348858833312988,2461100,0.0,0.0
2011-01-19,25.5,25.579999923706055,24.889999389648438,24.940000534057617,12.072925567626953,2775100,0.0,0.0
2011-01-20,24.860000610351562,25.18000030517578,24.850000381469727,25.049999237060547,12.126174926757812,3624300,0.0,0.0
2011-01-21,25.139999389648438,25.360000610351562,24.940000534057617,25.0,12.101975440979004,3684800,0.0,0.0
2011-01-24,24.969999313354492,25.1200008392334,24.920000076293945,25.1200008392334,12.160062789916992,3220500,0.0,0.0
2011-01-25,25.049999237060547,25.15999984741211,24.709999084472656,25.15999984741211,12.179423332214355,2306000,0.0,0.0
2011-01-26,25.15999984741211,25.360000610351562,24.979999542236328,25.229999542236328,12.213312149047852,2344800,0.0,0.0
2011-01-27,25.280000686645508,25.690000534057617,25.25,25.6200008392334,12.402103424072266,3650000,0.0,0.0
2011-01-28,25.579999923706055,25.93000030517578,24.90999984741211,25.030000686645508,12.116494178771973,3696200,0.0,0.0
2011-01-31,25.0,25.5,24.959999084472656,25.15999984741211,12.179423332214355,2587100,0.0,0.0
2011-02-01,25.329999923706055,25.93000030517578,25.329999923706055,25.770000457763672,12.474714279174805,3048300,0.0,0.0
2011-02-02,25.709999084472656,25.899999618530273,25.420000076293945,25.479999542236328,12.334328651428223,2141000,0.0,0.0
2011-02-03,25.299999237060547,25.559999465942383,25.1299991607666,25.469999313354492,12.329489707946777,2301800,0.0,0.0
2011-02-04,25.479999542236328,25.829999923706055,25.43000030517578,25.809999465942383,12.494080543518066,2021700,0.0,0.0
2011-02-07,25.889999389648438,26.06999969482422,25.719999313354492,25.899999618530273,12.537644386291504,2475400,0.0,0.0
2011-02-08,25.969999313354492,26.290000915527344,25.739999771118164,26.25,12.70706844329834,2997300,0.0,0.0
2011-02-09,26.299999237060547,26.399999618530273,25.75,25.899999618530273,12.537644386291504,2561900,0.0,0.0
2011-02-10,25.760000228881836,26.010000228881836,25.729999542236328,26.0,12.586053848266602,3174900,0.0,0.0
2011-02-11,26.040000915527344,26.34000015258789,25.799999237060547,26.239999771118164,12.702227592468262,4413500,0.0,0.0
2011-02-14,26.209999084472656,26.350000381469727,25.81999969482422,25.93000030517578,12.552165031433105,2853200,0.0,0.0
2011-02-15,25.799999237060547,26.25,25.729999542236328,26.18000030517578,12.673186302185059,2271700,0.0,0.0
2011-02-16,26.149999618530273,26.40999984741211,26.020000457763672,26.40999984741211,12.784526824951172,1648600,0.0,0.0
2011-02-17,26.350000381469727,26.979999542236328,26.329999923706055,26.969999313354492,13.055606842041016,3086400,0.0,0.0
2011-02-18,27.040000915527344,27.149999618530273,26.93000030517578,27.149999618530273,13.142742156982422,3853800,0.0,0.0
2011-02-22,26.920000076293945,27.149999618530273,26.84000015258789,26.950000762939453,13.04592514038086,3236900,0.0,0.0
2011-02-23,26.899999618530273,27.049999237060547,26.649999618530273,26.719999313354492,12.934591293334961,4536500,0.0,0.0
2011-02-24,26.469999313354492,26.469999313354492,25.290000915527344,26.0,12.586053848266602,8232500,0.0,0.0
2011-02-25,26.020000457763672,26.600000381469727,25.950000762939453,26.56999969482422,12.861977577209473,4045100,0.0,0.0
2011-02-28,26.700000762939453,26.799999237060547,26.270000457763672,26.299999237060547,12.731276512145996,3301700,0.0,0.0
2011-03-01,26.31999969482422,26.610000610351562,25.670000076293945,25.729999542236328,12.45534896850586,4670100,0.0,0.0
2011-03-02,25.739999771118164,25.81999969482422,25.540000915527344,25.709999084472656,12.44566822052002,3766200,0.0,0.0
2011-03-03,26.030000686645508,26.219999313354492,25.940000534057617,26.149999618530273,12.658662796020508,5213600,0.0,0.0
2011-03-04,26.190000534057617,26.190000534057617,25.709999084472656,25.829999923706055,12.50376033782959,2079000,0.0,0.0
2011-03-07,25.950000762939453,26.170000076293945,25.790000915527344,25.959999084472656,12.566685676574707,2699300,0.0,0.0
2011-03-08,26.06999969482422,26.559999465942383,25.860000610351562,26.540000915527344,12.847451210021973,2327800,0.0,0.0
2011-03-09,26.440000534057617,26.920000076293945,26.18000030517578,26.84000015258789,13.051690101623535,1945400,0.12,0.0
2011-03-10,26.600000381469727,26.719999313354492,26.18000030517578,26.190000534057617,12.735611915588379,2241900,0.0,0.0
2011-03-11,26.219999313354492,26.399999618530273,25.850000381469727,26.34000015258789,12.808550834655762,2245800,0.0,0.0
2011-03-14,26.309999465942383,26.440000534057617,25.850000381469727,26.309999465942383,12.793962478637695,2587400,0.0,0.0
2011-03-15,25.68000030517578,26.260000228881836,25.15999984741211,26.1299991607666,12.706435203552246,3450200,0.0,0.0
2011-03-16,25.989999771118164,26.079999923706055,25.389999389648438,25.489999771118164,12.395215034484863,3206100,0.0,0.0
2011-03-17,25.790000915527344,25.940000534057617,25.450000762939453,25.530000686645508,12.414665222167969,2614600,0.0,0.0
2011-03-18,25.899999618530273,26.049999237060547,25.649999618530273,25.809999465942383,12.550823211669922,2840200,0.0,0.0
2011-03-21,26.1200008392334,26.739999771118164,26.030000686645508,26.639999389648438,12.954432487487793,2960000,0.0,0.0
2011-03-22,26.690000534057617,26.770000457763672,26.350000381469727,26.43000030517578,12.852319717407227,3336100,0.0,0.0
2011-03-23,26.3700008392334,26.450000762939453,26.18000030517578,26.309999465942383,12.793962478637695,2704800,0.0,0.0
2011-03-24,26.489999771118164,26.790000915527344,26.459999084472656,26.610000610351562,12.939846992492676,2253200,0.0,0.0
2011-03-25,26.68000030517578,26.969999313354492,26.479999542236328,26.5,12.886357307434082,2589900,0.0,0.0
2011-03-28,26.600000381469727,26.959999084472656,26.600000381469727,26.780000686645508,13.022513389587402,1859400,0.0,0.0
2011-03-29,26.790000915527344,27.170000076293945,26.729999542236328,26.989999771118164,13.124631881713867,1911100,0.0,0.0
2011-03-30,27.100000381469727,27.350000381469727,26.969999313354492,27.31999969482422,13.285104751586914,2014100,0.0,0.0
2011-03-31,27.270000457763672,27.459999084472656,27.139999389648438,27.299999237060547,13.275381088256836,3501900,0.0,0.0
2011-04-01,27.43000030517578,27.760000228881836,27.389999389648438,27.56999969482422,13.406670570373535,2509100,0.0,0.0
2011-04-04,27.649999618530273,27.790000915527344,27.56999969482422,27.639999389648438,13.440710067749023,1524100,0.0,0.0
2011-04-05,27.579999923706055,27.799999237060547,27.5,27.719999313354492,13.479615211486816,1992400,0.0,0.0
2011-04-06,27.809999465942383,27.860000610351562,27.420000076293945,27.59000015258789,13.416399955749512,1898200,0.0,0.0
2011-04-07,27.540000915527344,27.639999389648438,27.270000457763672,27.56999969482422,13.406670570373535,1298200,0.0,0.0
2011-04-08,27.59000015258789,27.68000030517578,27.3700008392334,27.489999771118164,13.36777114868164,1583400,0.0,0.0
2011-04-11,27.440000534057617,27.719999313354492,27.34000015258789,27.6200008392334,13.430988311767578,2616100,0.0,0.0
2011-04-12,27.510000228881836,27.75,27.420000076293945,27.6200008392334,13.430988311767578,1787700,0.0,0.0
2011-04-13,27.68000030517578,27.899999618530273,27.59000015258789,27.84000015258789,13.537968635559082,2188700,0.0,0.0
2011-04-14,27.700000762939453,28.040000915527344,27.700000762939453,27.950000762939453,13.591464042663574,2942000,0.0,0.0
2011-04-15,28.049999237060547,28.170000076293945,27.889999389648438,28.170000076293945,13.698437690734863,2173600,0.0,0.0
2011-04-18,27.84000015258789,27.950000762939453,27.40999984741211,27.5,13.37263298034668,2622000,0.0,0.0
2011-04-19,27.489999771118164,27.979999542236328,27.40999984741211,27.8700008392334,13.552556991577148,3121700,0.0,0.0
2011-04-20,28.15999984741211,28.309999465942383,28.010000228881836,28.309999465942383,13.76651668548584,2540500,0.0,0.0
2011-04-21,28.420000076293945,28.739999771118164,28.309999465942383,28.610000610351562,13.912405014038086,2277200,0.0,0.0
2011-04-25,28.540000915527344,28.649999618530273,28.34000015258789,28.549999237060547,13.883230209350586,1543400,0.0,0.0
2011-04-26,28.59000015258789,28.600000381469727,28.190000534057617,28.280000686645508,13.751930236816406,2700000,0.0,0.0
2011-04-27,28.360000610351562,28.559999465942383,28.219999313354492,28.510000228881836,13.863776206970215,2799800,0.0,0.0
2011-04-28,28.5,28.860000610351562,28.329999923706055,28.450000762939453,13.834599494934082,2890100,0.0,0.0
2011-04-29,27.989999771118164,28.459999084472656,27.860000610351562,28.40999984741211,13.815146446228027,3436900,0.0,0.0
2011-05-02,28.450000762939453,29.010000228881836,28.3700008392334,28.889999389648438,14.048562049865723,4556000,0.0,0.0
2011-05-03,28.75,28.850000381469727,28.469999313354492,28.540000915527344,13.878360748291016,3098600,0.0,0.0
2011-05-04,28.5,28.610000610351562,28.1200008392334,28.25,13.737342834472656,2714400,0.0,0.0
2011-05-05,28.06999969482422,28.170000076293945,27.31999969482422,27.440000534057617,13.343459129333496,4880900,0.0,0.0
2011-05-06,27.790000915527344,28.030000686645508,27.260000228881836,27.610000610351562,13.426124572753906,6109100,0.0,0.0
2011-05-09,27.649999618530273,28.010000228881836,27.489999771118164,27.969999313354492,13.601189613342285,2325500,0.0,0.0
2011-05-10,28.010000228881836,28.719999313354492,27.959999084472656,28.719999313354492,13.96589183807373,3278100,0.0,0.0
2011-05-11,28.520000457763672,28.860000610351562,28.520000457763672,28.850000381469727,14.0291109085083,3745500,0.0,0.0
2011-05-12,28.809999465942383,28.850000381469727,28.489999771118164,28.799999237060547,14.004793167114258,6500000,0.0,0.0
2011-05-13,28.709999084472656,29.18000030517578,28.709999084472656,28.959999084472656,14.082596778869629,3131400,0.0,0.0
2011-05-16,28.84000015258789,28.959999084472656,28.59000015258789,28.6299991607666,13.922126770019531,2530900,0.0,0.0
2011-05-17,28.559999465942383,28.860000610351562,28.350000381469727,28.760000228881836,13.985343933105469,2318200,0.0,0.0
2011-05-18,28.899999618530273,29.209999084472656,28.670000076293945,29.200000762939453,14.199307441711426,2293800,0.0,0.0
2011-05-19,29.350000381469727,29.75,29.170000076293945,29.600000381469727,14.393818855285645,2845000,0.0,0.0
2011-05-20,29.459999084472656,29.770000457763672,29.31999969482422,29.469999313354492,14.33060073852539,2689200,0.0,0.0
2011-05-23,29.139999389648438,29.34000015258789,29.0,29.1299991607666,14.165263175964355,2687000,0.0,0.0
2011-05-24,29.18000030517578,29.360000610351562,29.1200008392334,29.149999618530273,14.174996376037598,3057500,0.0,0.0
2011-05-25,29.030000686645508,29.06999969482422,28.690000534057617,28.690000534057617,13.95130729675293,3930400,0.0,0.0
2011-05-26,28.649999618530273,28.770000457763672,28.3799991607666,28.68000030517578,13.946440696716309,3849600,0.0,0.0
2011-05-27,28.68000030517578,28.81999969482422,28.459999084472656,28.610000610351562,13.912405014038086,3136000,0.0,0.0
2011-05-31,28.979999542236328,29.0,28.690000534057617,28.889999389648438,14.048562049865723,4932800,0.0,0.0
2011-06-01,28.90999984741211,29.299999237060547,28.8799991607666,29.049999237060547,14.126365661621094,5485600,0.0,0.0
2011-06-02,29.020000457763672,29.079999923706055,28.3799991607666,28.6299991607666,13.922126770019531,3226100,0.0,0.0
2011-06-03,28.329999923706055,28.600000381469727,28.219999313354492,28.399999618530273,13.810286521911621,2035400,0.0,0.0
2011-06-06,28.3799991607666,28.5,27.989999771118164,28.0,13.615771293640137,1802800,0.0,0.0
2011-06-07,28.09000015258789,28.540000915527344,28.049999237060547,28.399999618530273,13.810286521911621,2965900,0.0,0.0
2011-06-08,28.25,28.260000228881836,27.81999969482422,27.860000610351562,13.609997749328613,2761900,0.13,0.0
2011-06-09,27.959999084472656,28.15999984741211,27.790000915527344,28.1299991607666,13.741888999938965,2247100,0.0,0.0
2011-06-10,28.010000228881836,28.139999389648438,27.75,27.989999771118164,13.67349910736084,2719600,0.0,0.0
2011-06-13,28.040000915527344,28.219999313354492,27.90999984741211,28.149999618530273,13.751664161682129,2532500,0.0,0.0
2011-06-14,28.3799991607666,29.0,28.280000686645508,28.739999771118164,14.03988265991211,3616900,0.0,0.0
2011-06-15,28.479999542236328,28.68000030517578,27.790000915527344,27.8799991607666,13.619767189025879,3979400,0.0,0.0
2011-06-16,27.8700008392334,28.25,27.729999542236328,28.219999313354492,13.785860061645508,3154700,0.0,0.0
2011-06-17,28.450000762939453,28.889999389648438,28.389999389648438,28.610000610351562,13.976378440856934,4936500,0.0,0.0
2011-06-20,28.559999465942383,29.059999465942383,28.559999465942383,28.770000457763672,14.054540634155273,3328300,0.0,0.0
2011-06-21,28.899999618530273,29.260000228881836,28.899999618530273,29.149999618530273,14.240175247192383,3393500,0.0,0.0
2011-06-22,29.1200008392334,29.3700008392334,29.079999923706055,29.170000076293945,14.249946594238281,2567400,0.0,0.0
2011-06-23,28.84000015258789,28.8700008392334,28.25,28.649999618530273,13.99592113494873,3888200,0.0,0.0
2011-06-24,28.649999618530273,28.829999923706055,28.290000915527344,28.34000015258789,13.844480514526367,4509400,0.0,0.0
2011-06-27,28.3799991607666,28.8799991607666,28.3700008392334,28.700000762939453,14.020347595214844,2416500,0.0,0.0
2011-06-28,28.850000381469727,29.049999237060547,28.649999618530273,29.049999237060547,14.191325187683105,2633900,0.0,0.0
2011-06-29,29.18000030517578,29.329999923706055,28.969999313354492,29.270000457763672,14.298796653747559,2633400,0.0,0.0
2011-06-30,29.389999389648438,29.389999389648438,29.100000381469727,29.18000030517578,14.254833221435547,3769500,0.0,0.0
2011-07-01,29.229999542236328,29.829999923706055,29.209999084472656,29.809999465942383,14.562594413757324,4225600,0.0,0.0
2011-07-05,29.780000686645508,29.8799991607666,29.59000015258789,29.760000228881836,14.538167953491211,3446300,0.0,0.0
2011-07-06,29.639999389648438,29.739999771118164,29.329999923706055,29.420000076293945,14.372077941894531,4190700,0.0,0.0
2011-07-07,29.59000015258789,29.59000015258789,29.149999618530273,29.229999542236328,14.279254913330078,3102800,0.0,0.0
2011-07-08,28.579999923706055,29.190000534057617,28.579999923706055,28.989999771118164,14.16201400756836,3071200,0.0,0.0
2011-07-11,28.700000762939453,28.809999465942383,28.399999618530273,28.479999542236328,13.912873268127441,2292300,0.0,0.0
2011-07-12,28.270000457763672,28.610000610351562,28.270000457763672,28.34000015258789,13.844480514526367,2757900,0.0,0.0
2011-07-13,28.43000030517578,28.850000381469727,28.43000030517578,28.549999237060547,13.947072982788086,2343400,0.0,0.0
2011-07-14,28.43000030517578,28.760000228881836,28.09000015258789,28.15999984741211,13.756546020507812,3512200,0.0,0.0
2011-07-15,28.299999237060547,28.350000381469727,28.0,28.170000076293945,13.761428833007812,4637600,0.0,0.0
2011-07-18,27.850000381469727,28.06999969482422,27.479999542236328,27.93000030517578,13.644186973571777,4174100,0.0,0.0
2011-07-19,28.149999618530273,29.280000686645508,28.09000015258789,29.170000076293945,14.249946594238281,5689400,0.0,0.0
2011-07-20,29.18000030517578,29.399999618530273,29.0,29.3799991607666,14.352533340454102,2949200,0.0,0.0
2011-07-21,29.579999923706055,29.860000610351562,29.3799991607666,29.81999969482422,14.567477226257324,3244700,0.0,0.0
2011-07-22,29.799999237060547,29.989999771118164,29.75,29.81999969482422,14.567477226257324,2602200,0.0,0.0
2011-07-25,29.739999771118164,29.84000015258789,29.700000762939453,29.770000457763672,14.543057441711426,3049500,0.0,0.0
2011-07-26,29.729999542236328,29.8700008392334,29.6299991607666,29.739999771118164,14.528401374816895,2751800,0.0,0.0
2011-07-27,29.6299991607666,29.670000076293945,29.1200008392334,29.329999923706055,14.32811164855957,3067600,0.0,0.0
2011-07-28,29.219999313354492,29.25,28.219999313354492,28.309999465942383,13.829822540283203,6261700,0.0,0.0
2011-07-29,28.06999969482422,28.989999771118164,27.799999237060547,28.110000610351562,13.732122421264648,5204700,0.0,0.0
2011-08-01,28.059999465942383,28.5,27.860000610351562,28.06999969482422,13.712581634521484,4018900,0.0,0.0
2011-08-02,27.850000381469727,28.100000381469727,27.329999923706055,27.329999923706055,13.351079940795898,3544300,0.0,0.0
2011-08-03,27.399999618530273,27.68000030517578,26.940000534057617,27.670000076293945,13.517175674438477,3814600,0.0,0.0
2011-08-04,27.299999237060547,27.34000015258789,25.940000534057617,26.030000686645508,12.716008186340332,7038500,0.0,0.0
2011-08-05,26.510000228881836,26.520000457763672,25.329999923706055,26.18000030517578,12.789287567138672,8300400,0.0,0.0
2011-08-08,25.56999969482422,25.760000228881836,24.5,24.559999465942383,11.997897148132324,6676600,0.0,0.0
2011-08-09,24.84000015258789,25.360000610351562,23.969999313354492,25.290000915527344,12.354512214660645,7307500,0.0,0.0
2011-08-10,24.709999084472656,25.440000534057617,24.450000762939453,24.809999465942383,12.120027542114258,7044600,0.0,0.0
2011-08-11,24.860000610351562,26.25,24.639999389648438,25.950000762939453,12.67693042755127,5131300,0.0,0.0
2011-08-12,26.15999984741211,26.790000915527344,25.850000381469727,26.780000686645508,13.082398414611816,4912100,0.0,0.0
2011-08-15,26.979999542236328,27.079999923706055,26.6200008392334,27.049999237060547,13.214300155639648,3824100,0.0,0.0
2011-08-16,26.8700008392334,27.15999984741211,26.709999084472656,26.790000915527344,13.08728313446045,3497300,0.0,0.0
2011-08-17,27.049999237060547,27.670000076293945,26.950000762939453,27.65999984741211,13.51229190826416,3613900,0.0,0.0
2011-08-18,27.0,27.09000015258789,26.139999389648438,26.420000076293945,12.90653133392334,5786500,0.0,0.0
2011-08-19,26.06999969482422,26.729999542236328,25.93000030517578,25.979999542236328,12.691591262817383,4107400,0.0,0.0
2011-08-22,26.459999084472656,26.59000015258789,26.110000610351562,26.440000534057617,12.916302680969238,3721700,0.0,0.0
2011-08-23,26.530000686645508,27.530000686645508,26.489999771118164,27.530000686645508,13.448787689208984,3394400,0.0,0.0
2011-08-24,27.5,27.5,26.420000076293945,26.610000610351562,12.999354362487793,4484900,0.0,0.0
2011-08-25,26.6200008392334,26.65999984741211,25.65999984741211,25.760000228881836,12.584114074707031,4604100,0.0,0.0
2011-08-26,25.639999389648438,26.56999969482422,25.1299991607666,26.3799991607666,12.886993408203125,3257700,0.0,0.0
2011-08-29,26.770000457763672,27.0,26.610000610351562,26.8799991607666,13.131250381469727,1991500,0.0,0.0
2011-08-30,26.850000381469727,27.479999542236328,26.799999237060547,27.25,13.31200122833252,3999000,0.0,0.0
2011-08-31,27.450000762939453,27.739999771118164,27.290000915527344,27.6200008392334,13.492752075195312,3989500,0.0,0.0
2011-09-01,27.559999465942383,27.920000076293945,27.389999389648438,27.489999771118164,13.429241180419922,3070100,0.0,0.0
2011-09-02,27.049999237060547,27.360000610351562,26.860000610351562,26.899999618530273,13.141023635864258,1992400,0.0,0.0
2011-09-06,25.979999542236328,26.90999984741211,25.889999389648438,26.860000610351562,13.121479988098145,3190100,0.0,0.0
2011-09-07,27.110000610351562,27.329999923706055,26.8799991607666,27.0,13.254019737243652,2231000,0.13,0.0
2011-09-08,26.950000762939453,27.459999084472656,26.75,26.969999313354492,13.239294052124023,3380700,0.0,0.0
2011-09-09,26.559999465942383,26.610000610351562,25.209999084472656,25.34000015258789,12.439141273498535,6520200,0.0,0.0
2011-09-12,24.690000534057617,25.760000228881836,24.479999542236328,25.520000457763672,12.527499198913574,6476700,0.0,0.0
2011-09-13,25.75,26.760000228881836,25.639999389648438,26.459999084472656,12.98893928527832,6032800,0.0,0.0
2011-09-14,26.579999923706055,27.280000686645508,26.219999313354492,26.959999084472656,13.234381675720215,4605300,0.0,0.0
2011-09-15,27.170000076293945,27.209999084472656,26.649999618530273,27.1299991607666,13.317831039428711,2318000,0.0,0.0
2011-09-16,27.270000457763672,27.6299991607666,27.25,27.31999969482422,13.41110610961914,2991800,0.0,0.0
2011-09-19,26.8700008392334,27.010000228881836,26.579999923706055,26.860000610351562,13.185297012329102,3249800,0.0,0.0
2011-09-20,27.049999237060547,27.440000534057617,26.59000015258789,26.6299991607666,13.072391510009766,2072400,0.0,0.0
2011-09-21,26.709999084472656,26.719999313354492,25.670000076293945,25.670000076293945,12.60113525390625,3701800,0.0,0.0
2011-09-22,24.93000030517578,24.950000762939453,24.15999984741211,24.850000381469727,12.198607444763184,4974900,0.0,0.0
2011-09-23,24.780000686645508,25.079999923706055,24.610000610351562,24.799999237060547,12.174062728881836,3370400,0.0,0.0
2011-09-26,25.1200008392334,25.549999237060547,24.719999313354492,25.530000686645508,12.532415390014648,2955100,0.0,0.0
2011-09-27,26.079999923706055,26.479999542236328,25.68000030517578,25.81999969482422,12.67476749420166,2825900,0.0,0.0
2011-09-28,25.790000915527344,26.0,24.81999969482422,24.8799991607666,12.213332176208496,2384900,0.0,0.0
2011-09-29,25.299999237060547,25.549999237060547,24.760000228881836,25.209999084472656,12.375327110290527,1696700,0.0,0.0
2011-09-30,24.860000610351562,25.34000015258789,24.780000686645508,24.8799991607666,12.213332176208496,2511000,0.0,0.0
2011-10-03,24.65999984741211,24.729999542236328,23.59000015258789,23.610000610351562,11.58990478515625,6575000,0.0,0.0
2011-10-04,23.260000228881836,24.280000686645508,23.030000686645508,24.219999313354492,11.889349937438965,4098600,0.0,0.0
2011-10-05,24.309999465942383,24.309999465942383,23.350000381469727,23.65999984741211,11.614448547363281,6414300,0.0,0.0
2011-10-06,23.5,24.3700008392334,23.3700008392334,24.290000915527344,11.923707962036133,7695000,0.0,0.0
2011-10-07,24.440000534057617,24.739999771118164,24.0,24.110000610351562,11.835351943969727,4845200,0.0,0.0
2011-10-10,24.489999771118164,24.989999771118164,24.489999771118164,24.84000015258789,12.193699836730957,2551400,0.0,0.0
2011-10-11,24.639999389648438,25.0,24.610000610351562,24.889999389648438,12.218240737915039,3015800,0.0,0.0
2011-10-12,25.18000030517578,25.75,25.110000610351562,25.469999313354492,12.502960205078125,3729600,0.0,0.0
2011-10-13,25.260000228881836,25.68000030517578,25.15999984741211,25.56999969482422,12.552048683166504,1627900,0.0,0.0
2011-10-14,25.8700008392334,26.09000015258789,25.770000457763672,26.020000457763672,12.77294921875,2254500,0.0,0.0
2011-10-17,26.020000457763672,26.020000457763672,25.309999465942383,25.440000534057617,12.488231658935547,2806000,0.0,0.0
2011-10-18,25.360000610351562,25.780000686645508,24.8700008392334,25.600000381469727,12.56677532196045,3173600,0.0,0.0
2011-10-19,25.530000686645508,25.959999084472656,25.479999542236328,25.530000686645508,12.532415390014648,1835500,0.0,0.0
2011-10-20,25.65999984741211,25.760000228881836,25.280000686645508,25.549999237060547,12.542231559753418,1987300,0.0,0.0
2011-10-21,25.780000686645508,25.8700008392334,25.450000762939453,25.56999969482422,12.552048683166504,3254000,0.0,0.0
2011-10-24,25.579999923706055,26.020000457763672,25.520000457763672,25.75,12.640408515930176,2876300,0.0,0.0
2011-10-25,25.59000015258789,25.760000228881836,25.020000457763672,25.059999465942383,12.301695823669434,2492600,0.0,0.0
2011-10-26,25.389999389648438,25.899999618530273,24.989999771118164,25.700000762939453,12.615860939025879,2946300,0.0,0.0
2011-10-27,27.290000915527344,27.489999771118164,25.760000228881836,25.989999771118164,12.758223533630371,6733000,0.0,0.0
2011-10-28,26.06999969482422,26.809999465942383,25.969999313354492,26.559999465942383,13.038025856018066,4178500,0.0,0.0
2011-10-31,26.149999618530273,27.389999389648438,26.1200008392334,26.81999969482422,13.165656089782715,6282100,0.0,0.0
2011-11-01,26.079999923706055,26.31999969482422,25.8700008392334,26.06999969482422,12.797490119934082,3786900,0.0,0.0
2011-11-02,26.40999984741211,26.469999313354492,25.68000030517578,25.81999969482422,12.67476749420166,3587400,0.0,0.0
2011-11-03,25.959999084472656,26.219999313354492,25.459999084472656,26.100000381469727,12.812222480773926,3911200,0.0,0.0
2011-11-04,25.829999923706055,26.260000228881836,25.700000762939453,26.15999984741211,12.841673851013184,2612400,0.0,0.0
2011-11-07,26.100000381469727,26.489999771118164,25.90999984741211,26.459999084472656,12.98893928527832,1837400,0.0,0.0
2011-11-08,26.450000762939453,26.770000457763672,26.290000915527344,26.719999313354492,13.116568565368652,2400500,0.0,0.0
2011-11-09,26.229999542236328,26.34000015258789,25.8700008392334,25.90999984741211,12.718949317932129,3927300,0.0,0.0
2011-11-10,26.280000686645508,26.40999984741211,25.950000762939453,26.350000381469727,12.934942245483398,2790600,0.0,0.0
2011-11-11,26.649999618530273,26.850000381469727,26.559999465942383,26.739999771118164,13.12639045715332,1629400,0.0,0.0
2011-11-14,26.59000015258789,26.670000076293945,26.25,26.290000915527344,12.905485153198242,1285000,0.0,0.0
2011-11-15,26.3799991607666,26.479999542236328,26.1299991607666,26.290000915527344,12.905485153198242,1836600,0.0,0.0
2011-11-16,26.0,26.540000915527344,25.8700008392334,26.030000686645508,12.77785873413086,1949100,0.0,0.0
2011-11-17,26.06999969482422,26.34000015258789,25.610000610351562,25.770000457763672,12.650226593017578,2260000,0.0,0.0
2011-11-18,25.93000030517578,26.139999389648438,25.760000228881836,25.969999313354492,12.74840259552002,1796800,0.0,0.0
2011-11-21,25.600000381469727,25.700000762939453,24.950000762939453,25.229999542236328,12.385144233703613,2124000,0.0,0.0
2011-11-22,25.040000915527344,25.18000030517578,24.809999465942383,24.93000030517578,12.301259994506836,1426600,0.13,0.0
2011-11-23,24.709999084472656,24.709999084472656,24.280000686645508,24.350000381469727,12.0150728225708,1717800,0.0,0.0
2011-11-25,24.200000762939453,24.510000228881836,24.200000762939453,24.219999313354492,11.950923919677734,732500,0.0,0.0
2011-11-28,24.65999984741211,25.059999465942383,24.520000457763672,24.700000762939453,12.187772750854492,2064100,0.0,0.0
2011-11-29,24.860000610351562,25.329999923706055,24.729999542236328,24.739999771118164,12.207509994506836,2408600,0.0,0.0
2011-11-30,25.469999313354492,26.1200008392334,25.399999618530273,26.1200008392334,12.888444900512695,3651000,0.0,0.0
2011-12-01,26.06999969482422,26.34000015258789,25.700000762939453,25.809999465942383,12.73548412322998,1950800,0.0,0.0
2011-12-02,26.0,26.149999618530273,25.799999237060547,25.81999969482422,12.740416526794434,1506400,0.0,0.0
2011-12-05,26.209999084472656,26.389999389648438,26.110000610351562,26.299999237060547,12.977264404296875,2610200,0.0,0.0
2011-12-06,26.329999923706055,26.479999542236328,26.1200008392334,26.200000762939453,12.927919387817383,1714300,0.0,0.0
2011-12-07,26.1200008392334,26.510000228881836,25.969999313354492,26.34000015258789,12.997000694274902,1715500,0.0,0.0
2011-12-08,26.239999771118164,26.31999969482422,25.670000076293945,25.739999771118164,12.70094108581543,1931600,0.0,0.0
2011-12-09,25.770000457763672,26.270000457763672,25.770000457763672,26.139999389648438,12.898319244384766,2034800,0.0,0.0
2011-12-12,25.940000534057617,25.940000534057617,25.299999237060547,25.68000030517578,12.671332359313965,3496200,0.0,0.0
2011-12-13,25.75,25.940000534057617,25.059999465942383,25.1200008392334,12.395017623901367,2567500,0.0,0.0
2011-12-14,25.110000610351562,25.329999923706055,24.8799991607666,25.260000228881836,12.464095115661621,3390700,0.0,0.0
2011-12-15,25.43000030517578,26.110000610351562,25.31999969482422,25.520000457763672,12.592386245727539,5475200,0.0,0.0
2011-12-16,25.639999389648438,25.799999237060547,25.469999313354492,25.780000686645508,12.720675468444824,5312700,0.0,0.0
2011-12-19,25.799999237060547,25.90999984741211,25.100000381469727,25.15999984741211,12.414752006530762,3424800,0.0,0.0
2011-12-20,25.549999237060547,26.059999465942383,25.450000762939453,25.770000457763672,12.715743064880371,3274200,0.0,0.0
2011-12-21,26.020000457763672,26.1299991607666,25.829999923706055,26.030000686645508,12.844038963317871,2502900,0.0,0.0
2011-12-22,26.100000381469727,26.280000686645508,25.940000534057617,26.0,12.829233169555664,2555100,0.0,0.0
2011-12-23,26.1200008392334,26.25,25.90999984741211,26.049999237060547,12.85390567779541,1918200,0.0,0.0
2011-12-27,25.950000762939453,26.299999237060547,25.899999618530273,26.09000015258789,12.873645782470703,1946500,0.0,0.0
2011-12-28,26.139999389648438,26.25,25.329999923706055,25.360000610351562,12.513437271118164,2078500,0.0,0.0
2011-12-29,25.469999313354492,25.989999771118164,25.450000762939453,25.93000030517578,12.79469108581543,1484900,0.0,0.0
2011-12-30,25.850000381469727,26.049999237060547,25.75,25.780000686645508,12.720675468444824,1526300,0.0,0.0
2012-01-03,26.31999969482422,26.530000686645508,25.860000610351562,25.8700008392334,12.765090942382812,2965700,0.0,0.0
2012-01-04,25.770000457763672,26.06999969482422,25.729999542236328,26.049999237060547,12.85390567779541,1757100,0.0,0.0
2012-01-05,25.920000076293945,26.270000457763672,25.829999923706055,26.079999923706055,12.8687105178833,3288200,0.0,0.0
2012-01-06,26.030000686645508,26.030000686645508,25.450000762939453,25.459999084472656,12.562779426574707,2444000,0.0,0.0
2012-01-09,25.649999618530273,25.81999969482422,25.59000015258789,25.729999542236328,12.696005821228027,1829400,0.0,0.0
2012-01-10,25.950000762939453,25.969999313354492,25.6299991607666,25.719999313354492,12.691072463989258,3271200,0.0,0.0
2012-01-11,25.559999465942383,25.90999984741211,25.520000457763672,25.850000381469727,12.75521469116211,1962600,0.0,0.0
2012-01-12,25.940000534057617,26.100000381469727,25.75,25.770000457763672,12.715743064880371,1675600,0.0,0.0
2012-01-13,25.649999618530273,25.770000457763672,25.459999084472656,25.59000015258789,12.62692642211914,2162300,0.0,0.0
2012-01-17,25.84000015258789,26.020000457763672,25.739999771118164,25.8799991607666,12.770021438598633,2053700,0.0,0.0
2012-01-18,25.809999465942383,26.149999618530273,25.75,26.0,12.829233169555664,2732400,0.0,0.0
2012-01-19,26.020000457763672,26.899999618530273,25.8700008392334,26.739999771118164,13.194372177124023,3223400,0.0,0.0
2012-01-20,26.719999313354492,26.829999923706055,26.489999771118164,26.59000015258789,13.120361328125,3631500,0.0,0.0
2012-01-23,26.600000381469727,26.75,26.43000030517578,26.600000381469727,13.12529468536377,2040700,0.0,0.0
2012-01-24,26.450000762939453,26.639999389648438,26.31999969482422,26.59000015258789,13.120361328125,1611700,0.0,0.0
2012-01-25,26.479999542236328,27.420000076293945,26.329999923706055,27.329999923706055,13.48549747467041,2637900,0.0,0.0
2012-01-26,27.3799991607666,27.3799991607666,26.739999771118164,26.8799991607666,13.263453483581543,2191900,0.0,0.0
2012-01-27,26.809999465942383,27.09000015258789,26.65999984741211,26.989999771118164,13.317732810974121,1619200,0.0,0.0
2012-01-30,26.709999084472656,26.829999923706055,26.56999969482422,26.670000076293945,13.159833908081055,1595800,0.0,0.0
2012-01-31,26.739999771118164,26.84000015258789,26.600000381469727,26.790000915527344,13.219046592712402,1766500,0.0,0.0
2012-02-01,26.950000762939453,27.15999984741211,26.889999389648438,26.940000534057617,13.293061256408691,2512600,0.0,0.0
2012-02-02,26.940000534057617,27.270000457763672,26.8799991607666,27.18000030517578,13.411482810974121,1426400,0.0,0.0
2012-02-03,27.3700008392334,27.5,27.229999542236328,27.489999771118164,13.564448356628418,1782000,0.0,0.0
2012-02-06,27.40999984741211,27.420000076293945,27.020000457763672,27.100000381469727,13.372011184692383,2328900,0.0,0.0
2012-02-07,27.110000610351562,27.540000915527344,27.100000381469727,27.239999771118164,13.44109058380127,2152000,0.0,0.0
2012-02-08,27.329999923706055,27.510000228881836,27.139999389648438,27.450000762939453,13.54471206665039,1361000,0.0,0.0
2012-02-09,27.520000457763672,27.90999984741211,26.950000762939453,27.860000610351562,13.74701976776123,2664600,0.0,0.0
2012-02-10,27.709999084472656,27.75,27.299999237060547,27.43000030517578,13.534838676452637,2088900,0.0,0.0
2012-02-13,27.68000030517578,28.31999969482422,27.610000610351562,28.15999984741211,13.895051002502441,2857100,0.0,0.0
2012-02-14,27.950000762939453,28.149999618530273,27.889999389648438,28.100000381469727,13.865440368652344,2647200,0.0,0.0
2012-02-15,28.209999084472656,28.420000076293945,28.15999984741211,28.34000015258789,13.983866691589355,2658100,0.0,0.0
2012-02-16,28.229999542236328,28.670000076293945,28.079999923706055,28.670000076293945,14.146697044372559,3059300,0.0,0.0
2012-02-17,28.809999465942383,29.040000915527344,28.639999389648438,29.0,14.309532165527344,4229100,0.0,0.0
2012-02-21,29.020000457763672,29.020000457763672,28.520000457763672,28.610000610351562,14.117094993591309,2346700,0.0,0.0
2012-02-22,28.600000381469727,28.889999389648438,28.540000915527344,28.850000381469727,14.235511779785156,1791700,0.0,0.0
2012-02-23,28.770000457763672,28.799999237060547,28.440000534057617,28.610000610351562,14.117094993591309,2037300,0.0,0.0
2012-02-24,28.450000762939453,28.979999542236328,28.280000686645508,28.709999084472656,14.166434288024902,3756600,0.0,0.0
2012-02-27,28.579999923706055,28.579999923706055,28.190000534057617,28.260000228881836,13.944392204284668,2869800,0.0,0.0
2012-02-28,28.350000381469727,28.540000915527344,28.1200008392334,28.25,13.939455032348633,3979000,0.0,0.0
2012-02-29,28.350000381469727,29.040000915527344,28.219999313354492,28.899999618530273,14.2601900100708,5490300,0.0,0.0
2012-03-01,28.93000030517578,28.989999771118164,28.399999618530273,28.579999923706055,14.102286338806152,3116400,0.0,0.0
2012-03-02,28.600000381469727,28.729999542236328,28.200000762939453,28.329999923706055,13.978927612304688,1782700,0.0,0.0
2012-03-05,28.459999084472656,28.459999084472656,28.020000457763672,28.09000015258789,13.860506057739258,2129900,0.0,0.0
2012-03-06,27.8799991607666,28.0,27.18000030517578,27.239999771118164,13.44109058380127,2769200,0.0,0.0
2012-03-07,27.100000381469727,27.610000610351562,27.049999237060547,27.540000915527344,13.669412612915039,2829400,0.16,0.0
2012-03-08,27.690000534057617,27.770000457763672,27.149999618530273,27.149999618530273,13.475838661193848,2966200,0.0,0.0
2012-03-09,27.139999389648438,27.59000015258789,27.049999237060547,27.510000228881836,13.654520034790039,2272300,0.0,0.0
2012-03-12,27.530000686645508,27.65999984741211,27.309999465942383,27.540000915527344,13.669412612915039,1925500,0.0,0.0
2012-03-13,27.770000457763672,27.889999389648438,27.59000015258789,27.84000015258789,13.818317413330078,2468600,0.0,0.0
2012-03-14,27.780000686645508,27.940000534057617,27.43000030517578,27.520000457763672,13.65948486328125,2432900,0.0,0.0
2012-03-15,27.649999618530273,27.81999969482422,27.510000228881836,27.790000915527344,13.79349422454834,1661800,0.0,0.0
2012-03-16,27.850000381469727,27.889999389648438,27.450000762939453,27.809999465942383,13.80341625213623,3821500,0.0,0.0
2012-03-19,27.700000762939453,28.030000686645508,27.610000610351562,27.950000762939453,13.872910499572754,2583000,0.0,0.0
2012-03-20,27.690000534057617,28.469999313354492,27.639999389648438,28.31999969482422,14.056561470031738,3054100,0.0,0.0
2012-03-21,28.360000610351562,28.479999542236328,28.100000381469727,28.229999542236328,14.011887550354004,1890500,0.0,0.0
2012-03-22,28.110000610351562,28.329999923706055,28.0,28.25,14.021815299987793,1662100,0.0,0.0
2012-03-23,28.299999237060547,28.479999542236328,28.049999237060547,28.299999237060547,14.046631813049316,2409700,0.0,0.0
2012-03-26,28.5,28.5,28.209999084472656,28.43000030517578,14.11115837097168,3906200,0.0,0.0
2012-03-27,28.450000762939453,28.59000015258789,28.31999969482422,28.360000610351562,14.076415061950684,2814300,0.0,0.0
2012-03-28,28.260000228881836,28.309999465942383,27.850000381469727,28.059999465942383,13.927513122558594,2512300,0.0,0.0
2012-03-29,27.950000762939453,28.25,27.780000686645508,28.149999618530273,13.972180366516113,2363500,0.0,0.0
2012-03-30,28.389999389648438,28.770000457763672,28.190000534057617,28.600000381469727,14.195531845092773,2016500,0.0,0.0
2012-04-02,28.5,28.93000030517578,28.5,28.920000076293945,14.354371070861816,2417500,0.0,0.0
2012-04-03,28.809999465942383,29.329999923706055,28.809999465942383,29.110000610351562,14.448675155639648,2434000,0.0,0.0
2012-04-04,28.8799991607666,28.940000534057617,28.479999542236328,28.479999542236328,14.135976791381836,2126800,0.0,0.0
2012-04-05,28.3799991607666,28.65999984741211,28.229999542236328,28.6299991607666,14.210430145263672,1798500,0.0,0.0
2012-04-09,28.280000686645508,28.309999465942383,27.950000762939453,28.030000686645508,13.912619590759277,1737100,0.0,0.0
2012-04-10,27.959999084472656,28.030000686645508,27.3700008392334,27.3799991607666,13.589996337890625,2101100,0.0,0.0
2012-04-11,27.649999618530273,27.719999313354492,27.389999389648438,27.43000030517578,13.614811897277832,2385000,0.0,0.0
2012-04-12,27.40999984741211,27.6200008392334,27.260000228881836,27.549999237060547,13.674371719360352,2169900,0.0,0.0
2012-04-13,27.5,27.93000030517578,27.479999542236328,27.780000686645508,13.788532257080078,3086400,0.0,0.0
2012-04-16,27.84000015258789,28.200000762939453,27.68000030517578,27.979999542236328,13.887800216674805,3915500,0.0,0.0
2012-04-17,28.209999084472656,28.670000076293945,28.200000762939453,28.520000457763672,14.155829429626465,2953500,0.0,0.0
2012-04-18,28.40999984741211,28.530000686645508,28.260000228881836,28.450000762939453,14.121085166931152,2471800,0.0,0.0
2012-04-19,28.469999313354492,28.829999923706055,28.3700008392334,28.600000381469727,14.195531845092773,2536000,0.0,0.0
2012-04-20,28.670000076293945,29.049999237060547,28.649999618530273,28.959999084472656,14.374220848083496,2860200,0.0,0.0
2012-04-23,28.670000076293945,28.719999313354492,28.479999542236328,28.530000686645508,14.16079330444336,3179400,0.0,0.0
2012-04-24,28.489999771118164,28.90999984741211,28.450000762939453,28.770000457763672,14.279919624328613,1669800,0.0,0.0
2012-04-25,28.950000762939453,29.280000686645508,28.739999771118164,29.1299991607666,14.458601951599121,3085400,0.0,0.0
2012-04-26,29.190000534057617,29.920000076293945,29.030000686645508,29.760000228881836,14.771302223205566,3776100,0.0,0.0
2012-04-27,29.829999923706055,29.899999618530273,29.540000915527344,29.739999771118164,14.761374473571777,2077300,0.0,0.0
2012-04-30,29.610000610351562,30.729999542236328,29.18000030517578,30.1200008392334,14.949983596801758,9939100,0.0,0.0
2012-05-01,30.110000610351562,30.110000610351562,29.790000915527344,29.889999389648438,14.835829734802246,4602700,0.0,0.0
2012-05-02,29.459999084472656,29.670000076293945,29.329999923706055,29.6200008392334,14.701813697814941,2962200,0.0,0.0
2012-05-03,29.559999465942383,29.610000610351562,29.260000228881836,29.469999313354492,14.627361297607422,2297100,0.0,0.0
2012-05-04,29.34000015258789,29.40999984741211,29.040000915527344,29.18000030517578,14.483418464660645,2764300,0.0,0.0
2012-05-07,29.15999984741211,29.15999984741211,28.860000610351562,29.06999969482422,14.428823471069336,2955300,0.0,0.0
2012-05-08,28.8799991607666,29.229999542236328,28.8799991607666,29.18000030517578,14.483418464660645,3271400,0.0,0.0
2012-05-09,28.860000610351562,29.399999618530273,28.799999237060547,29.06999969482422,14.428823471069336,2165000,0.0,0.0
2012-05-10,29.34000015258789,29.889999389648438,29.229999542236328,29.770000457763672,14.776268005371094,3186200,0.0,0.0
2012-05-11,29.600000381469727,29.860000610351562,29.3799991607666,29.3799991607666,14.58269214630127,2512000,0.0,0.0
2012-05-14,29.15999984741211,29.239999771118164,28.809999465942383,28.829999923706055,14.309700965881348,2395700,0.0,0.0
2012-05-15,28.65999984741211,28.899999618530273,28.170000076293945,28.360000610351562,14.076415061950684,3526900,0.0,0.0
2012-05-16,28.459999084472656,28.899999618530273,28.399999618530273,28.739999771118164,14.265026092529297,3410100,0.0,0.0
2012-05-17,28.780000686645508,28.860000610351562,27.84000015258789,27.850000381469727,13.82327938079834,3139600,0.0,0.0
2012-05-18,27.899999618530273,27.90999984741211,27.010000228881836,27.170000076293945,13.485761642456055,5987600,0.0,0.0
2012-05-21,27.309999465942383,27.639999389648438,26.860000610351562,27.59000015258789,13.694231033325195,3191900,0.0,0.0
2012-05-22,27.739999771118164,27.799999237060547,27.25,27.399999618530273,13.599920272827148,3212500,0.0,0.0
2012-05-23,27.18000030517578,27.3700008392334,26.81999969482422,27.219999313354492,13.510578155517578,4233000,0.0,0.0
2012-05-24,27.290000915527344,27.56999969482422,27.15999984741211,27.479999542236328,13.639629364013672,2420400,0.0,0.0
2012-05-25,27.350000381469727,27.649999618530273,27.350000381469727,27.56999969482422,13.68430233001709,1836000,0.0,0.0
2012-05-29,27.790000915527344,28.0,27.6299991607666,27.899999618530273,13.848094940185547,3117100,0.0,0.0
2012-05-30,27.68000030517578,27.860000610351562,27.389999389648438,27.510000228881836,13.654520034790039,2782300,0.0,0.0
2012-05-31,27.549999237060547,27.559999465942383,27.170000076293945,27.360000610351562,13.58006763458252,3603000,0.0,0.0
2012-06-01,26.899999618530273,27.149999618530273,26.280000686645508,26.350000381469727,13.078757286071777,4878000,0.0,0.0
2012-06-04,26.399999618530273,26.479999542236328,26.049999237060547,26.25,13.029122352600098,3438600,0.0,0.0
2012-06-05,26.110000610351562,26.43000030517578,26.079999923706055,26.31999969482422,13.06386661529541,3011200,0.0,0.0
2012-06-06,26.399999618530273,26.809999465942383,26.25,26.799999237060547,13.383471488952637,2527000,0.16,0.0
2012-06-07,27.040000915527344,27.059999465942383,26.65999984741211,26.670000076293945,13.31855297088623,3090500,0.0,0.0
2012-06-08,26.6200008392334,26.969999313354492,26.56999969482422,26.940000534057617,13.453386306762695,1674800,0.0,0.0
2012-06-11,27.09000015258789,27.260000228881836,26.40999984741211,26.43000030517578,13.198699951171875,1853100,0.0,0.0
2012-06-12,26.489999771118164,26.65999984741211,26.329999923706055,26.649999618530273,13.308564186096191,2690100,0.0,0.0
2012-06-13,26.65999984741211,26.729999542236328,26.200000762939453,26.290000915527344,13.1287841796875,1914200,0.0,0.0
2012-06-14,26.389999389648438,26.5,26.1200008392334,26.260000228881836,13.113804817199707,3228500,0.0,0.0
2012-06-15,26.440000534057617,26.899999618530273,26.280000686645508,26.850000381469727,13.408439636230469,4024500,0.0,0.0
2012-06-18,26.65999984741211,27.1200008392334,26.649999618530273,26.8700008392334,13.418429374694824,2100800,0.0,0.0
2012-06-19,26.90999984741211,27.600000381469727,26.790000915527344,27.600000381469727,13.782978057861328,3780900,0.0,0.0
2012-06-20,27.510000228881836,27.6200008392334,27.139999389648438,27.350000381469727,13.658132553100586,3413400,0.0,0.0
2012-06-21,27.34000015258789,27.600000381469727,26.90999984741211,26.959999084472656,13.463373184204102,3473700,0.0,0.0
2012-06-22,27.09000015258789,27.239999771118164,26.75,26.950000762939453,13.4583740234375,7037000,0.0,0.0
2012-06-25,26.649999618530273,26.700000762939453,26.440000534057617,26.530000686645508,13.248638153076172,2477000,0.0,0.0
2012-06-26,26.450000762939453,26.6200008392334,26.18000030517578,26.489999771118164,13.228660583496094,2017000,0.0,0.0
2012-06-27,26.520000457763672,26.780000686645508,26.440000534057617,26.59000015258789,13.27860164642334,1647000,0.0,0.0
2012-06-28,26.440000534057617,26.639999389648438,26.190000534057617,26.610000610351562,13.288590431213379,2064300,0.0,0.0
2012-06-29,27.09000015258789,28.149999618530273,27.06999969482422,28.040000915527344,14.002707481384277,4804200,0.0,0.0
2012-07-02,28.059999465942383,28.34000015258789,27.959999084472656,28.31999969482422,14.142533302307129,3276100,0.0,0.0
2012-07-03,28.25,28.770000457763672,28.239999771118164,28.760000228881836,14.362258911132812,1332800,0.0,0.0
2012-07-05,28.6299991607666,28.700000762939453,28.229999542236328,28.350000381469727,14.15752124786377,2535700,0.0,0.0
2012-07-06,28.149999618530273,28.270000457763672,27.969999313354492,28.139999389648438,14.052644729614258,1724200,0.0,0.0
2012-07-09,28.149999618530273,28.280000686645508,27.959999084472656,28.149999618530273,14.057637214660645,1906100,0.0,0.0
2012-07-10,28.209999084472656,28.329999923706055,27.809999465942383,27.950000762939453,13.95776081085205,2547400,0.0,0.0
2012-07-11,27.549999237060547,27.610000610351562,27.06999969482422,27.280000686645508,13.623175621032715,3956500,0.0,0.0
2012-07-12,27.229999542236328,27.25,26.829999923706055,27.049999237060547,13.508316993713379,2824000,0.0,0.0
2012-07-13,27.139999389648438,27.649999618530273,26.989999771118164,27.31999969482422,13.643150329589844,2000400,0.0,0.0
2012-07-16,27.309999465942383,27.360000610351562,27.079999923706055,27.25,13.608192443847656,1987900,0.0,0.0
2012-07-17,27.239999771118164,27.239999771118164,26.540000915527344,26.959999084472656,13.463373184204102,3779000,0.0,0.0
2012-07-18,26.8799991607666,27.31999969482422,26.860000610351562,27.190000534057617,13.578231811523438,2042400,0.0,0.0
2012-07-19,27.209999084472656,27.6299991607666,27.030000686645508,27.440000534057617,13.70307731628418,2649400,0.0,0.0
2012-07-20,27.149999618530273,27.229999542236328,26.68000030517578,26.84000015258789,13.403444290161133,2738900,0.0,0.0
2012-07-23,26.809999465942383,27.639999389648438,26.610000610351562,27.530000686645508,13.748021125793457,3535100,0.0,0.0
2012-07-24,27.420000076293945,27.600000381469727,27.040000915527344,27.59000015258789,13.77798843383789,3585800,0.0,0.0
2012-07-25,27.489999771118164,28.09000015258789,27.389999389648438,28.030000686645508,13.997712135314941,3462600,0.0,0.0
2012-07-26,28.350000381469727,29.219999313354492,28.350000381469727,29.09000015258789,14.52706241607666,4017700,0.0,0.0
2012-07-27,29.309999465942383,29.790000915527344,29.139999389648438,29.700000762939453,14.831681251525879,2696300,0.0,0.0
2012-07-30,29.68000030517578,29.799999237060547,29.440000534057617,29.670000076293945,14.816705703735352,1467500,0.0,0.0
2012-07-31,29.690000534057617,29.799999237060547,29.31999969482422,29.31999969482422,14.641916275024414,3060300,0.0,0.0
2012-08-01,29.5,29.549999237060547,28.93000030517578,29.1299991607666,14.547033309936523,2253900,0.0,0.0
2012-08-02,28.920000076293945,29.059999465942383,28.440000534057617,28.510000228881836,14.237417221069336,2620100,0.0,0.0
2012-08-03,29.049999237060547,29.350000381469727,28.899999618530273,29.34000015258789,14.651900291442871,2505400,0.0,0.0
2012-08-06,29.489999771118164,29.770000457763672,29.31999969482422,29.510000228881836,14.736801147460938,1938400,0.0,0.0
2012-08-07,29.3799991607666,29.950000762939453,29.299999237060547,29.739999771118164,14.851656913757324,2885600,0.0,0.0
2012-08-08,29.639999389648438,29.899999618530273,29.610000610351562,29.75,14.856650352478027,1793400,0.0,0.0
2012-08-09,29.600000381469727,29.81999969482422,29.520000457763672,29.549999237060547,14.7567720413208,1651700,0.0,0.0
2012-08-10,29.270000457763672,29.459999084472656,29.1200008392334,29.43000030517578,14.696849822998047,1700100,0.0,0.0
2012-08-13,29.309999465942383,29.40999984741211,29.06999969482422,29.170000076293945,14.567010879516602,1155000,0.0,0.0
2012-08-14,29.209999084472656,29.350000381469727,29.110000610351562,29.209999084472656,14.5869779586792,1226300,0.0,0.0
2012-08-15,29.239999771118164,29.31999969482422,29.110000610351562,29.219999313354492,14.591980934143066,1566000,0.0,0.0
2012-08-16,29.200000762939453,29.440000534057617,29.170000076293945,29.399999618530273,14.681865692138672,1670700,0.0,0.0
2012-08-17,29.469999313354492,29.700000762939453,29.3700008392334,29.670000076293945,14.816705703735352,1329000,0.0,0.0
2012-08-20,29.389999389648438,29.65999984741211,29.309999465942383,29.600000381469727,14.781743049621582,1412500,0.0,0.0
2012-08-21,29.68000030517578,29.979999542236328,29.649999618530273,29.770000457763672,14.866642951965332,2109100,0.0,0.0
2012-08-22,29.6299991607666,29.809999465942383,29.469999313354492,29.670000076293945,14.816705703735352,1435200,0.0,0.0
2012-08-23,29.65999984741211,29.65999984741211,29.260000228881836,29.270000457763672,14.616949081420898,1842700,0.0,0.0
2012-08-24,29.219999313354492,29.639999389648438,29.1299991607666,29.579999923706055,14.77175521850586,1522000,0.0,0.0
2012-08-27,29.6200008392334,29.920000076293945,29.579999923706055,29.860000610351562,14.911581993103027,1409300,0.0,0.0
2012-08-28,29.780000686645508,30.100000381469727,29.700000762939453,29.969999313354492,14.966514587402344,1626700,0.0,0.0
2012-08-29,29.950000762939453,30.149999618530273,29.829999923706055,29.950000762939453,14.956533432006836,1567200,0.0,0.0
2012-08-30,29.770000457763672,29.81999969482422,29.309999465942383,29.399999618530273,14.681865692138672,1909500,0.0,0.0
2012-08-31,29.56999969482422,29.780000686645508,29.290000915527344,29.530000686645508,14.746788024902344,2281400,0.0,0.0
2012-09-04,29.5,29.899999618530273,29.489999771118164,29.81999969482422,14.891606330871582,1674600,0.0,0.0
2012-09-05,29.6299991607666,29.799999237060547,28.81999969482422,29.690000534057617,14.906672477722168,2463800,0.16,0.0
2012-09-06,29.93000030517578,30.670000076293945,29.81999969482422,30.649999618530273,15.388666152954102,2752400,0.0,0.0
2012-09-07,30.690000534057617,31.0,30.559999465942383,30.719999313354492,15.423809051513672,2471300,0.0,0.0
2012-09-10,30.65999984741211,30.709999084472656,30.229999542236328,30.459999084472656,15.293272018432617,3982400,0.0,0.0
2012-09-11,30.459999084472656,30.579999923706055,30.25,30.549999237060547,15.338456153869629,2542700,0.0,0.0
2012-09-12,30.59000015258789,30.760000228881836,30.479999542236328,30.700000762939453,15.413763999938965,2391900,0.0,0.0
2012-09-13,30.719999313354492,31.219999313354492,30.5,31.059999465942383,15.594514846801758,1835100,0.0,0.0
2012-09-14,31.149999618530273,31.190000534057617,30.809999465942383,31.170000076293945,15.649742126464844,4125800,0.0,0.0
2012-09-17,31.209999084472656,31.290000915527344,30.899999618530273,30.950000762939453,15.539288520812988,1786200,0.0,0.0
2012-09-18,30.81999969482422,31.290000915527344,30.81999969482422,31.06999969482422,15.59953784942627,2592300,0.0,0.0
2012-09-19,31.100000381469727,31.5,31.0,31.3799991607666,15.755181312561035,2520600,0.0,0.0
2012-09-20,31.149999618530273,31.540000915527344,31.149999618530273,31.40999984741211,15.770248413085938,1785100,0.0,0.0
2012-09-21,31.600000381469727,31.68000030517578,31.280000686645508,31.31999969482422,15.725055694580078,3545800,0.0,0.0
2012-09-24,31.110000610351562,31.389999389648438,31.079999923706055,31.200000762939453,15.664812088012695,1533300,0.0,0.0
2012-09-25,31.290000915527344,31.389999389648438,30.790000915527344,30.790000915527344,15.458956718444824,2333600,0.0,0.0
2012-09-26,30.84000015258789,30.959999084472656,30.450000762939453,30.450000762939453,15.288250923156738,2253900,0.0,0.0
2012-09-27,30.649999618530273,31.299999237060547,30.459999084472656,31.200000762939453,15.664812088012695,2331100,0.0,0.0
2012-09-28,31.1200008392334,31.31999969482422,30.899999618530273,31.270000457763672,15.699950218200684,1949100,0.0,0.0
2012-10-01,31.3700008392334,31.899999618530273,31.34000015258789,31.610000610351562,15.8706636428833,1984500,0.0,0.0
2012-10-02,31.75,31.899999618530273,31.579999923706055,31.760000228881836,15.94597339630127,2237000,0.0,0.0
2012-10-03,31.850000381469727,31.959999084472656,31.649999618530273,31.700000762939453,15.915846824645996,2143700,0.0,0.0
2012-10-04,31.770000457763672,31.93000030517578,31.670000076293945,31.809999465942383,15.97107982635498,1214100,0.0,0.0
2012-10-05,32.0,32.290000915527344,31.829999923706055,31.959999084472656,16.046388626098633,2575600,0.0,0.0
2012-10-08,31.940000534057617,32.22999954223633,31.81999969482422,32.099998474121094,16.11667823791504,889000,0.0,0.0
2012-10-09,32.11000061035156,32.20000076293945,31.84000015258789,31.84000015258789,15.986135482788086,1578800,0.0,0.0
2012-10-10,31.600000381469727,31.920000076293945,31.5,31.530000686645508,15.830493927001953,1278100,0.0,0.0
2012-10-11,31.729999542236328,31.8700008392334,31.649999618530273,31.690000534057617,15.910821914672852,1229400,0.0,0.0
2012-10-12,31.790000915527344,31.8799991607666,31.399999618530273,31.489999771118164,15.810413360595703,2345400,0.0,0.0
2012-10-15,31.670000076293945,31.93000030517578,31.3799991607666,31.90999984741211,16.021276473999023,1628400,0.0,0.0
2012-10-16,32.060001373291016,32.459999084472656,31.989999771118164,32.060001373291016,16.096593856811523,1597500,0.0,0.0
2012-10-17,32.18000030517578,32.38999938964844,32.09000015258789,32.13999938964844,16.136760711669922,1277600,0.0,0.0
2012-10-18,32.09000015258789,32.54999923706055,32.060001373291016,32.2400016784668,16.186969757080078,1752000,0.0,0.0
2012-10-19,32.16999816894531,32.209999084472656,31.18000030517578,31.200000762939453,15.664812088012695,3395000,0.0,0.0
2012-10-22,30.8799991607666,31.649999618530273,30.700000762939453,31.3700008392334,15.750164985656738,2695900,0.0,0.0
2012-10-23,31.010000228881836,31.25,30.969999313354492,31.18000030517578,15.654763221740723,1879100,0.0,0.0
2012-10-24,31.239999771118164,31.520000457763672,30.760000228881836,30.84000015258789,15.484058380126953,2775100,0.0,0.0
2012-10-25,30.670000076293945,31.229999542236328,30.280000686645508,31.0,15.564390182495117,3233700,0.0,0.0
2012-10-26,31.020000457763672,31.200000762939453,30.68000030517578,30.969999313354492,15.549330711364746,2925100,0.0,0.0
2012-10-31,30.969999313354492,31.559999465942383,30.969999313354492,31.440000534057617,15.785306930541992,3008000,0.0,0.0
2012-11-01,31.489999771118164,32.06999969482422,31.350000381469727,31.729999542236328,15.930912017822266,2717300,0.0,0.0
2012-11-02,31.950000762939453,32.0,31.239999771118164,31.290000915527344,15.709993362426758,2092200,0.0,0.0
2012-11-05,30.8799991607666,31.040000915527344,30.450000762939453,30.790000915527344,15.458956718444824,3242400,0.0,0.0
2012-11-06,30.68000030517578,31.329999923706055,30.56999969482422,31.1200008392334,15.624637603759766,2277100,0.0,0.0
2012-11-07,30.770000457763672,30.84000015258789,30.31999969482422,30.40999984741211,15.268172264099121,3336600,0.0,0.0
2012-11-08,30.420000076293945,30.700000762939453,30.049999237060547,30.06999969482422,15.09746265411377,2566100,0.0,0.0
2012-11-09,30.06999969482422,30.709999084472656,29.920000076293945,30.329999923706055,15.22800064086914,2562200,0.0,0.0
2012-11-12,30.40999984741211,30.90999984741211,30.3700008392334,30.510000228881836,15.318374633789062,2717500,0.0,0.0
2012-11-13,30.459999084472656,30.59000015258789,30.079999923706055,30.100000381469727,15.112519264221191,2203500,0.0,0.0
2012-11-14,30.139999389648438,30.270000457763672,29.600000381469727,29.719999313354492,14.921733856201172,2929100,0.0,0.0
2012-11-15,29.780000686645508,29.93000030517578,29.530000686645508,29.739999771118164,14.931781768798828,2154100,0.0,0.0
2012-11-16,29.829999923706055,29.920000076293945,29.290000915527344,29.639999389648438,14.88156509399414,2294900,0.0,0.0
2012-11-19,29.940000534057617,30.239999771118164,29.940000534057617,30.100000381469727,15.112519264221191,4205500,0.0,0.0
2012-11-20,29.969999313354492,30.260000228881836,29.850000381469727,30.149999618530273,15.218520164489746,1517700,0.16,0.0
2012-11-21,30.1299991607666,30.3700008392334,30.010000228881836,30.350000381469727,15.319476127624512,1645700,0.0,0.0
2012-11-23,30.5,30.780000686645508,30.350000381469727,30.559999465942383,15.425477027893066,1114100,0.0,0.0
2012-11-26,30.3700008392334,30.530000686645508,30.290000915527344,30.530000686645508,15.410329818725586,1192600,0.0,0.0
2012-11-27,30.450000762939453,30.770000457763672,30.43000030517578,30.520000457763672,15.40528392791748,1826400,0.0,0.0
2012-11-28,30.40999984741211,31.010000228881836,30.260000228881836,31.0,15.64756965637207,3639800,0.0,0.0
2012-11-29,31.020000457763672,31.270000457763672,30.799999237060547,31.270000457763672,15.783853530883789,3077600,0.0,0.0
2012-11-30,31.25,31.270000457763672,30.8799991607666,31.18000030517578,15.738425254821777,4439900,0.0,0.0
2012-12-03,31.31999969482422,31.459999084472656,31.09000015258789,31.229999542236328,15.763664245605469,2673300,0.0,0.0
2012-12-04,31.200000762939453,31.40999984741211,31.200000762939453,31.3799991607666,15.839376449584961,2770500,0.0,0.0
2012-12-05,31.469999313354492,31.760000228881836,31.25,31.709999084472656,16.005943298339844,3985900,0.0,0.0
2012-12-06,31.709999084472656,31.709999084472656,31.399999618530273,31.65999984741211,15.980706214904785,2344500,0.0,0.0
2012-12-07,31.75,32.0,31.739999771118164,32.0,16.152324676513672,2385000,0.0,0.0
2012-12-10,31.899999618530273,32.220001220703125,31.81999969482422,31.889999389648438,16.0968017578125,3041700,0.0,0.0
2012-12-11,32.0099983215332,32.2599983215332,31.969999313354492,32.040000915527344,16.17251968383789,2958500,0.0,0.0
2012-12-12,32.150001525878906,32.33000183105469,31.440000534057617,31.479999542236328,15.88985538482666,4470000,0.0,0.0
2012-12-13,31.540000915527344,31.549999237060547,31.040000915527344,31.1299991607666,15.713186264038086,4353700,0.0,0.0
2012-12-14,31.0,31.079999923706055,30.8700008392334,30.969999313354492,15.632428169250488,4059400,0.0,0.0
2012-12-17,31.110000610351562,31.190000534057617,30.889999389648438,31.09000015258789,15.692995071411133,3051600,0.0,0.0
2012-12-18,31.09000015258789,32.5,31.049999237060547,32.0099983215332,16.157377243041992,8128500,0.0,0.0
2012-12-19,32.0,32.04999923706055,31.719999313354492,31.75,16.026138305664062,3525700,0.0,0.0
2012-12-20,31.84000015258789,31.989999771118164,31.600000381469727,31.969999313354492,16.137187957763672,3642200,0.0,0.0
2012-12-21,31.68000030517578,31.889999389648438,31.420000076293945,31.670000076293945,15.985761642456055,4667900,0.0,0.0
2012-12-24,31.65999984741211,31.899999618530273,31.459999084472656,31.84000015258789,16.07156753540039,804300,0.0,0.0
2012-12-26,31.84000015258789,31.93000030517578,31.59000015258789,31.59000015258789,15.945381164550781,3202400,0.0,0.0
2012-12-27,31.59000015258789,31.739999771118164,31.31999969482422,31.600000381469727,15.95042610168457,1483000,0.0,0.0
2012-12-28,31.440000534057617,31.579999923706055,31.260000228881836,31.290000915527344,15.793950080871582,977000,0.0,0.0
2012-12-31,31.229999542236328,31.760000228881836,31.110000610351562,31.729999542236328,16.01603889465332,2317800,0.0,0.0
2013-01-02,32.099998474121094,32.709999084472656,32.0099983215332,32.709999084472656,16.510705947875977,2741000,0.0,0.0
2013-01-03,32.650001525878906,32.77000045776367,32.16999816894531,32.439998626708984,16.374422073364258,2833100,0.0,0.0
2013-01-04,32.47999954223633,32.90999984741211,32.47999954223633,32.869998931884766,16.59147071838379,2499900,0.0,0.0
2013-01-07,32.70000076293945,32.88999938964844,32.66999816894531,32.869998931884766,16.59147071838379,1728400,0.0,0.0
2013-01-08,32.72999954223633,32.869998931884766,32.54999923706055,32.869998931884766,16.59147071838379,1567900,0.0,0.0
2013-01-09,32.970001220703125,33.130001068115234,32.869998931884766,32.95000076293945,16.63184928894043,1637800,0.0,0.0
2013-01-10,33.09000015258789,33.189998626708984,32.939998626708984,33.15999984741211,16.73785400390625,1390700,0.0,0.0
2013-01-11,33.189998626708984,33.54999923706055,32.97999954223633,33.4900016784668,16.904417037963867,1782200,0.0,0.0
2013-01-14,33.56999969482422,33.86000061035156,33.36000061035156,33.63999938964844,16.98013687133789,2048900,0.0,0.0
2013-01-15,33.5,33.880001068115234,33.38999938964844,33.810001373291016,17.065948486328125,1341400,0.0,0.0
2013-01-16,33.65999984741211,33.900001525878906,33.56999969482422,33.849998474121094,17.08613395690918,1209100,0.0,0.0
2013-01-17,33.90999984741211,34.290000915527344,33.869998931884766,34.16999816894531,17.247657775878906,1475200,0.0,0.0
2013-01-18,34.25,34.43000030517578,33.9900016784668,34.279998779296875,17.303180694580078,2455100,0.0,0.0
2013-01-22,34.279998779296875,34.59000015258789,34.13999938964844,34.5,17.414234161376953,1923600,0.0,0.0
2013-01-23,34.439998626708984,34.540000915527344,34.36000061035156,34.459999084472656,17.394039154052734,1387000,0.0,0.0
2013-01-24,34.52000045776367,34.560001373291016,34.0,34.34000015258789,17.333463668823242,1949400,0.0,0.0
2013-01-25,34.52000045776367,34.540000915527344,34.349998474121094,34.47999954223633,17.404132843017578,1841000,0.0,0.0
2013-01-28,34.58000183105469,34.599998474121094,34.29999923706055,34.459999084472656,17.394039154052734,1089800,0.0,0.0
2013-01-29,34.470001220703125,34.7599983215332,34.38999938964844,34.689998626708984,17.5101261138916,1383900,0.0,0.0
2013-01-30,34.70000076293945,34.86000061035156,34.599998474121094,34.720001220703125,17.52527618408203,1865700,0.0,0.0
2013-01-31,34.689998626708984,34.970001220703125,34.61000061035156,34.869998931884766,17.600988388061523,2511100,0.0,0.0
2013-02-01,35.099998474121094,35.47999954223633,35.06999969482422,35.369998931884766,17.85337257385254,2084000,0.0,0.0
2013-02-04,35.11000061035156,35.2400016784668,34.689998626708984,34.7599983215332,17.54546546936035,4391500,0.0,0.0
2013-02-05,35.04999923706055,35.119998931884766,34.31999969482422,34.63999938964844,17.484895706176758,4718900,0.0,0.0
2013-02-06,34.45000076293945,35.0,34.400001525878906,34.900001525878906,17.616125106811523,3800900,0.0,0.0
2013-02-07,34.5099983215332,35.189998626708984,34.38999938964844,34.91999816894531,17.6262264251709,7008600,0.0,0.0
2013-02-08,35.060001373291016,35.790000915527344,34.959999084472656,35.38999938964844,17.863466262817383,2717100,0.0,0.0
2013-02-11,35.290000915527344,35.529998779296875,35.22999954223633,35.45000076293945,17.89375114440918,1974300,0.0,0.0
2013-02-12,35.45000076293945,35.630001068115234,35.29999923706055,35.4900016784668,17.913944244384766,2392300,0.0,0.0
2013-02-13,35.58000183105469,35.650001525878906,35.2400016784668,35.36000061035156,17.84832191467285,4210400,0.0,0.0
2013-02-14,35.439998626708984,36.040000915527344,35.36000061035156,35.91999816894531,18.130990982055664,2755100,0.0,0.0
2013-02-15,36.0,36.310001373291016,35.939998626708984,36.2599983215332,18.3026065826416,2861000,0.0,0.0
2013-02-19,36.25,36.5,36.08000183105469,36.5,18.423749923706055,2863100,0.0,0.0
2013-02-20,36.459999084472656,36.56999969482422,36.150001525878906,36.189998626708984,18.267269134521484,3361000,0.0,0.0
2013-02-21,36.11000061035156,36.189998626708984,35.4900016784668,35.5099983215332,17.924039840698242,3622000,0.0,0.0
2013-02-22,35.68000030517578,36.06999969482422,35.529998779296875,35.95000076293945,18.14613151550293,2285100,0.0,0.0
2013-02-25,36.02000045776367,36.08000183105469,35.130001068115234,35.130001068115234,17.732234954833984,3300700,0.0,0.0
2013-02-26,35.36000061035156,35.41999816894531,34.61000061035156,34.970001220703125,17.651466369628906,4108800,0.0,0.0
2013-02-27,35.0099983215332,35.47999954223633,34.779998779296875,35.34000015258789,17.838224411010742,2948700,0.0,0.0
2013-02-28,35.45000076293945,35.939998626708984,35.36000061035156,35.779998779296875,18.060317993164062,3214100,0.0,0.0
2013-03-01,35.52000045776367,35.70000076293945,35.16999816894531,35.56999969482422,17.954322814941406,2519600,0.0,0.0
2013-03-04,35.54999923706055,35.689998626708984,35.310001373291016,35.689998626708984,18.014892578125,1977800,0.0,0.0
2013-03-05,35.84000015258789,36.04999923706055,35.560001373291016,36.02000045776367,18.181461334228516,2818300,0.0,0.0
2013-03-06,35.869998931884766,36.02000045776367,35.4900016784668,35.529998779296875,18.034271240234375,2042800,0.2,0.0
2013-03-07,35.599998474121094,35.95000076293945,35.599998474121094,35.90999984741211,18.22715187072754,2132900,0.0,0.0
2013-03-08,35.97999954223633,36.349998474121094,35.95000076293945,36.27000045776367,18.40987777709961,2395100,0.0,0.0
2013-03-11,36.150001525878906,36.22999954223633,35.959999084472656,36.06999969482422,18.308361053466797,1587300,0.0,0.0
2013-03-12,36.0,36.13999938964844,35.81999969482422,36.08000183105469,18.313438415527344,1532000,0.0,0.0
2013-03-13,36.06999969482422,36.20000076293945,35.86000061035156,36.13999938964844,18.343891143798828,954800,0.0,0.0
2013-03-14,36.20000076293945,36.2599983215332,35.88999938964844,36.08000183105469,18.313438415527344,1659300,0.0,0.0
2013-03-15,35.939998626708984,36.27000045776367,35.81999969482422,36.15999984741211,18.35404396057129,2877300,0.0,0.0
2013-03-18,35.849998474121094,36.349998474121094,35.72999954223633,36.279998779296875,18.414949417114258,2002800,0.0,0.0
2013-03-19,36.33000183105469,36.47999954223633,36.15999984741211,36.41999816894531,18.486011505126953,1810400,0.0,0.0
2013-03-20,36.529998779296875,37.209999084472656,36.529998779296875,37.099998474121094,18.831167221069336,3105400,0.0,0.0
2013-03-21,36.939998626708984,37.2599983215332,36.79999923706055,36.880001068115234,18.719499588012695,2276900,0.0,0.0
2013-03-22,36.97999954223633,37.310001373291016,36.939998626708984,37.18000030517578,18.87177085876465,1559200,0.0,0.0
2013-03-25,37.25,37.369998931884766,36.849998474121094,36.959999084472656,18.76010513305664,1408900,0.0,0.0
2013-03-26,37.029998779296875,37.29999923706055,36.880001068115234,36.9900016784668,18.77533531188965,2669300,0.0,0.0
2013-03-27,36.86000061035156,37.09000015258789,36.540000915527344,37.09000015258789,18.826091766357422,3193000,0.0,0.0
2013-03-28,37.119998931884766,37.2400016784668,36.849998474121094,36.91999816894531,18.739797592163086,2408700,0.0,0.0
2013-04-01,36.54999923706055,36.630001068115234,36.220001220703125,36.38999938964844,18.470783233642578,4204500,0.0,0.0
2013-04-02,36.65999984741211,36.95000076293945,36.41999816894531,36.810001373291016,18.683963775634766,3156900,0.0,0.0
2013-04-03,36.79999923706055,36.79999923706055,35.90999984741211,36.2400016784668,18.394641876220703,3829800,0.0,0.0
2013-04-04,36.22999954223633,36.70000076293945,36.16999816894531,36.220001220703125,18.38450050354004,2810500,0.0,0.0
2013-04-05,35.88999938964844,36.16999816894531,35.810001373291016,36.0,18.272825241088867,2215400,0.0,0.0
2013-04-08,35.970001220703125,36.72999954223633,35.970001220703125,36.720001220703125,18.63828468322754,1219900,0.0,0.0
2013-04-09,36.810001373291016,37.060001373291016,36.61000061035156,36.84000015258789,18.69919776916504,1585800,0.0,0.0
2013-04-10,36.880001068115234,37.459999084472656,36.880001068115234,37.40999984741211,18.98851776123047,1508300,0.0,0.0
2013-04-11,37.41999816894531,37.63999938964844,37.34000015258789,37.54999923706055,19.0595760345459,1098500,0.0,0.0
2013-04-12,37.310001373291016,37.439998626708984,37.02000045776367,37.27000045776367,18.917449951171875,1800400,0.0,0.0
2013-04-15,36.9900016784668,37.09000015258789,36.40999984741211,36.41999816894531,18.486011505126953,1579200,0.0,0.0
2013-04-16,36.77000045776367,37.41999816894531,36.630001068115234,37.38999938964844,18.978363037109375,2852400,0.0,0.0
2013-04-17,37.25,37.25,36.400001525878906,36.5099983215332,18.53169059753418,3299200,0.0,0.0
2013-04-18,36.599998474121094,37.119998931884766,36.459999084472656,36.56999969482422,18.562149047851562,1931700,0.0,0.0
2013-04-19,36.720001220703125,37.20000076293945,36.720001220703125,37.0,18.78040885925293,1298200,0.0,0.0
2013-04-22,36.81999969482422,37.0099983215332,36.54999923706055,36.84000015258789,18.69919776916504,1674300,0.0,0.0
2013-04-23,36.91999816894531,37.20000076293945,36.650001525878906,36.970001220703125,18.765182495117188,3700800,0.0,0.0
2013-04-24,37.04999923706055,37.310001373291016,36.66999816894531,36.70000076293945,18.62813377380371,2978500,0.0,0.0
2013-04-25,36.86000061035156,36.880001068115234,35.72999954223633,35.900001525878906,18.222074508666992,7290400,0.0,0.0
2013-04-26,35.83000183105469,36.119998931884766,35.790000915527344,36.0,18.272825241088867,5584500,0.0,0.0
2013-04-29,36.11000061035156,36.540000915527344,36.11000061035156,36.470001220703125,18.51139259338379,2773400,0.0,0.0
2013-04-30,36.349998474121094,36.70000076293945,36.099998474121094,36.630001068115234,18.592605590820312,2361300,0.0,0.0
2013-05-01,36.47999954223633,36.779998779296875,36.400001525878906,36.400001525878906,18.475860595703125,2744800,0.0,0.0
2013-05-02,36.290000915527344,36.91999816894531,35.5099983215332,36.779998779296875,18.668743133544922,3099000,0.0,0.0
2013-05-03,36.9900016784668,37.40999984741211,36.970001220703125,37.220001220703125,18.89206886291504,2224300,0.0,0.0
2013-05-06,37.18000030517578,37.2599983215332,36.970001220703125,37.040000915527344,18.80071258544922,1443300,0.0,0.0
2013-05-07,37.27000045776367,37.56999969482422,37.209999084472656,37.56999969482422,19.069725036621094,1823700,0.0,0.0
2013-05-08,37.5099983215332,37.65999984741211,37.290000915527344,37.52000045776367,19.04434585571289,1377800,0.0,0.0
2013-05-09,37.4900016784668,37.630001068115234,37.04999923706055,37.15999984741211,18.861618041992188,1889200,0.0,0.0
2013-05-10,37.150001525878906,37.2599983215332,36.70000076293945,37.2599983215332,18.91238021850586,2046900,0.0,0.0
2013-05-13,37.130001068115234,37.5099983215332,37.130001068115234,37.380001068115234,18.973291397094727,1624600,0.0,0.0
2013-05-14,37.25,38.279998779296875,37.25,38.119998931884766,19.348894119262695,2078900,0.0,0.0
2013-05-15,38.11000061035156,39.16999816894531,38.0,39.13999938964844,19.86662483215332,3513300,0.0,0.0
2013-05-16,38.75,39.400001525878906,38.619998931884766,38.650001525878906,19.6179141998291,5726100,0.0,0.0
2013-05-17,38.66999816894531,38.900001525878906,38.189998626708984,38.209999084472656,19.39457893371582,4085700,0.0,0.0
2013-05-20,38.22999954223633,38.47999954223633,38.15999984741211,38.349998474121094,19.46563720703125,2049000,0.0,0.0
2013-05-21,38.33000183105469,38.529998779296875,38.0099983215332,38.279998779296875,19.43010139465332,1789200,0.0,0.0
2013-05-22,38.290000915527344,38.91999816894531,37.93000030517578,38.060001373291016,19.318445205688477,1853300,0.0,0.0
2013-05-23,37.72999954223633,38.0099983215332,37.56999969482422,37.86000061035156,19.21692657470703,2453500,0.0,0.0
2013-05-24,37.709999084472656,38.11000061035156,37.4900016784668,37.95000076293945,19.262611389160156,1859600,0.0,0.0
2013-05-28,38.2400016784668,38.369998931884766,37.970001220703125,38.04999923706055,19.313356399536133,1473700,0.0,0.0
2013-05-29,37.900001525878906,38.08000183105469,37.70000076293945,37.75,19.161090850830078,2215600,0.0,0.0
2013-05-30,37.7599983215332,37.970001220703125,37.54999923706055,37.720001220703125,19.145864486694336,2009600,0.0,0.0
2013-05-31,37.59000015258789,37.93000030517578,37.13999938964844,37.15999984741211,18.861618041992188,4072600,0.0,0.0
2013-06-03,37.18000030517578,37.41999816894531,36.630001068115234,37.380001068115234,18.973291397094727,2301000,0.0,0.0
2013-06-04,37.43000030517578,37.959999084472656,37.40999984741211,37.630001068115234,19.100181579589844,2166200,0.0,0.0
2013-06-05,37.29999923706055,37.529998779296875,36.790000915527344,36.83000183105469,18.794010162353516,2235500,0.2,0.0
2013-06-06,36.880001068115234,37.0,36.220001220703125,36.72999954223633,18.742979049682617,3558800,0.0,0.0
2013-06-07,36.959999084472656,37.36000061035156,36.939998626708984,37.040000915527344,18.90117073059082,1918100,0.0,0.0
2013-06-10,37.13999938964844,37.22999954223633,36.86000061035156,37.15999984741211,18.96240234375,2436800,0.0,0.0
2013-06-11,36.650001525878906,36.650001525878906,35.79999923706055,35.91999816894531,18.329639434814453,4309200,0.0,0.0
2013-06-12,36.040000915527344,36.58000183105469,35.900001525878906,35.900001525878906,18.319442749023438,2467100,0.0,0.0
2013-06-13,35.93000030517578,36.400001525878906,35.61000061035156,36.2599983215332,18.503143310546875,1485700,0.0,0.0
2013-06-14,36.119998931884766,36.38999938964844,35.81999969482422,36.13999938964844,18.441905975341797,2285600,0.0,0.0
2013-06-17,36.459999084472656,36.650001525878906,35.9900016784668,36.189998626708984,18.467424392700195,2136700,0.0,0.0
2013-06-18,36.15999984741211,36.599998474121094,36.06999969482422,36.4900016784668,18.620508193969727,1696900,0.0,0.0
2013-06-19,36.45000076293945,36.900001525878906,35.790000915527344,35.790000915527344,18.263307571411133,2972200,0.0,0.0
2013-06-20,35.599998474121094,35.650001525878906,34.470001220703125,34.58000183105469,17.645858764648438,4876200,0.0,0.0
2013-06-21,34.91999816894531,34.959999084472656,34.0,34.4900016784668,17.599925994873047,3741800,0.0,0.0
2013-06-24,34.13999938964844,34.63999938964844,33.84000015258789,34.310001373291016,17.508073806762695,3626100,0.0,0.0
2013-06-25,34.45000076293945,34.61000061035156,33.810001373291016,34.060001373291016,17.380502700805664,6218100,0.0,0.0
2013-06-26,34.34000015258789,34.91999816894531,34.22999954223633,34.810001373291016,17.76322364807129,6802900,0.0,0.0
2013-06-27,35.04999923706055,35.529998779296875,35.0099983215332,35.369998931884766,18.048978805541992,3277800,0.0,0.0
2013-06-28,35.36000061035156,35.52000045776367,35.150001525878906,35.15999984741211,17.941823959350586,5963000,0.0,0.0
2013-07-01,35.5099983215332,35.61000061035156,35.189998626708984,35.400001525878906,18.064292907714844,2483100,0.0,0.0
2013-07-02,35.369998931884766,35.65999984741211,35.0,35.16999816894531,17.946922302246094,1942800,0.0,0.0
2013-07-03,34.88999938964844,35.0099983215332,34.56999969482422,34.56999969482422,17.6407527923584,2857700,0.0,0.0
2013-07-05,34.91999816894531,35.130001068115234,34.650001525878906,34.970001220703125,17.844871520996094,1908400,0.0,0.0
2013-07-08,35.06999969482422,35.459999084472656,34.880001068115234,35.310001373291016,18.018367767333984,2925800,0.0,0.0
2013-07-09,35.65999984741211,36.0,35.529998779296875,35.75,18.24289321899414,2660700,0.0,0.0
2013-07-10,35.779998779296875,36.099998474121094,35.66999816894531,35.97999954223633,18.360260009765625,2166500,0.0,0.0
2013-07-11,36.34000015258789,36.72999954223633,36.310001373291016,36.720001220703125,18.73787498474121,1801100,0.0,0.0
2013-07-12,36.619998931884766,36.88999938964844,36.5,36.88999938964844,18.82462501525879,2826600,0.0,0.0
2013-07-15,36.849998474121094,37.25,36.83000183105469,37.150001525878906,18.957304000854492,2131300,0.0,0.0
2013-07-16,36.880001068115234,37.279998779296875,36.70000076293945,37.0,18.880760192871094,3375900,0.0,0.0
2013-07-17,37.04999923706055,37.279998779296875,37.0,37.06999969482422,18.916481018066406,2144400,0.0,0.0
2013-07-18,37.25,37.310001373291016,36.9900016784668,37.040000915527344,18.90117073059082,2109700,0.0,0.0
2013-07-19,37.119998931884766,37.279998779296875,37.0,37.16999816894531,18.967506408691406,2487600,0.0,0.0
2013-07-22,37.25,37.5,37.209999084472656,37.349998474121094,19.059354782104492,1138200,0.0,0.0
2013-07-23,37.459999084472656,37.59000015258789,37.36000061035156,37.4900016784668,19.13080406188965,2281800,0.0,0.0
2013-07-24,37.56999969482422,37.619998931884766,37.279998779296875,37.5,19.13590431213379,2794000,0.0,0.0
2013-07-25,37.38999938964844,38.31999969482422,37.119998931884766,38.189998626708984,19.488000869750977,3804600,0.0,0.0
2013-07-26,38.0,38.099998474121094,37.720001220703125,37.849998474121094,19.31450653076172,1977200,0.0,0.0
2013-07-29,37.790000915527344,38.060001373291016,37.5099983215332,37.529998779296875,19.151208877563477,1092300,0.0,0.0
2013-07-30,37.66999816894531,37.869998931884766,37.400001525878906,37.40999984741211,19.089977264404297,1350000,0.0,0.0
2013-07-31,37.25,37.880001068115234,37.25,37.540000915527344,19.15631675720215,1919600,0.0,0.0
2013-08-01,37.81999969482422,38.22999954223633,37.689998626708984,38.130001068115234,19.457382202148438,1944200,0.0,0.0
2013-08-02,37.91999816894531,38.22999954223633,37.79999923706055,38.119998931884766,19.452281951904297,1630600,0.0,0.0
2013-08-05,38.11000061035156,38.290000915527344,37.9900016784668,38.20000076293945,19.49310874938965,1178100,0.0,0.0
2013-08-06,38.13999938964844,38.20000076293945,37.90999984741211,37.93000030517578,19.355327606201172,1531600,0.0,0.0
2013-08-07,37.84000015258789,37.970001220703125,37.720001220703125,37.849998474121094,19.31450653076172,2208600,0.0,0.0
2013-08-08,38.09000015258789,38.45000076293945,37.91999816894531,38.34000015258789,19.564546585083008,1518000,0.0,0.0
2013-08-09,38.27000045776367,38.5,38.150001525878906,38.18000030517578,19.4829044342041,1049600,0.0,0.0
2013-08-12,38.0,38.279998779296875,37.939998626708984,38.25,19.51862335205078,1143800,0.0,0.0
2013-08-13,38.27000045776367,38.47999954223633,38.22999954223633,38.36000061035156,19.57474708557129,1948300,0.0,0.0
2013-08-14,38.310001373291016,38.4900016784668,38.2599983215332,38.369998931884766,19.57986068725586,2320200,0.0,0.0
2013-08-15,38.15999984741211,38.27000045776367,37.90999984741211,38.02000045776367,19.401254653930664,3174100,0.0,0.0
2013-08-16,37.9900016784668,38.02000045776367,37.400001525878906,37.59000015258789,19.18182945251465,2288800,0.0,0.0
2013-08-19,37.58000183105469,37.650001525878906,37.41999816894531,37.439998626708984,19.105281829833984,1570400,0.0,0.0
2013-08-20,37.45000076293945,37.79999923706055,37.43000030517578,37.54999923706055,19.16141700744629,2065800,0.0,0.0
2013-08-21,37.4900016784668,37.5,37.029998779296875,37.13999938964844,18.952199935913086,1832600,0.0,0.0
2013-08-22,37.16999816894531,37.560001373291016,37.060001373291016,37.470001220703125,19.120594024658203,1331800,0.0,0.0
2013-08-23,37.560001373291016,37.65999984741211,37.310001373291016,37.59000015258789,19.18182945251465,1578800,0.0,0.0
2013-08-26,37.619998931884766,37.75,37.16999816894531,37.220001220703125,18.99301528930664,1630400,0.0,0.0
2013-08-27,36.959999084472656,37.29999923706055,36.810001373291016,37.09000015258789,18.926687240600586,2030400,0.0,0.0
2013-08-28,37.029998779296875,37.130001068115234,36.70000076293945,36.79999923706055,18.77869987487793,2637000,0.0,0.0
2013-08-29,36.66999816894531,37.560001373291016,36.58000183105469,37.459999084472656,19.11549186706543,2512800,0.0,0.0
2013-08-30,37.5099983215332,37.619998931884766,37.220001220703125,37.400001525878906,19.084877014160156,2059000,0.0,0.0
2013-09-03,38.41999816894531,38.650001525878906,38.22999954223633,38.540000915527344,19.666606903076172,4127300,0.0,0.0
2013-09-04,38.2599983215332,39.0,38.16999816894531,38.7400016784668,19.871782302856445,4364200,0.2,0.0
2013-09-05,38.70000076293945,38.810001373291016,38.33000183105469,38.43000030517578,19.7127685546875,3378100,0.0,0.0
2013-09-06,38.470001220703125,39.16999816894531,37.959999084472656,38.810001373291016,19.907690048217773,2530400,0.0,0.0
2013-09-09,38.84000015258789,39.619998931884766,38.84000015258789,39.56999969482422,20.29754066467285,2417300,0.0,0.0
2013-09-10,39.79999923706055,39.939998626708984,39.56999969482422,39.65999984741211,20.343700408935547,2089100,0.0,0.0
2013-09-11,39.66999816894531,39.779998779296875,39.4900016784668,39.709999084472656,20.369340896606445,1811200,0.0,0.0
2013-09-12,39.630001068115234,39.810001373291016,39.400001525878906,39.400001525878906,20.2103328704834,1941900,0.0,0.0
2013-09-13,39.4900016784668,39.83000183105469,39.290000915527344,39.709999084472656,20.369340896606445,1542200,0.0,0.0
2013-09-16,40.13999938964844,40.45000076293945,40.0099983215332,40.40999984741211,20.728416442871094,2350600,0.0,0.0
2013-09-17,40.470001220703125,40.83000183105469,40.38999938964844,40.79999923706055,20.928462982177734,3745500,0.0,0.0
2013-09-18,40.900001525878906,41.47999954223633,40.58000183105469,41.369998931884766,21.220849990844727,2881500,0.0,0.0
2013-09-19,41.36000061035156,41.40999984741211,41.02000045776367,41.099998474121094,21.082353591918945,1862400,0.0,0.0
2013-09-20,41.119998931884766,41.18000030517578,40.720001220703125,40.83000183105469,20.943857192993164,3022900,0.0,0.0
2013-09-23,40.779998779296875,40.88999938964844,40.52000045776367,40.56999969482422,20.81048583984375,1016100,0.0,0.0
2013-09-24,40.52000045776367,40.720001220703125,40.189998626708984,40.220001220703125,20.63096046447754,2060900,0.0,0.0
2013-09-25,40.22999954223633,40.400001525878906,39.9900016784668,40.099998474121094,20.569398880004883,2235200,0.0,0.0
2013-09-26,40.2400016784668,40.63999938964844,40.099998474121094,40.630001068115234,20.841266632080078,1818200,0.0,0.0
2013-09-27,40.56999969482422,40.70000076293945,40.22999954223633,40.56999969482422,20.81048583984375,1643700,0.0,0.0
2013-09-30,40.25,40.56999969482422,40.09000015258789,40.209999084472656,20.62582778930664,1656300,0.0,0.0
2013-10-01,40.09000015258789,40.869998931884766,40.08000183105469,40.79999923706055,20.928462982177734,2162600,0.0,0.0
2013-10-02,40.66999816894531,40.84000015258789,40.38999938964844,40.720001220703125,20.887432098388672,2014500,0.0,0.0
2013-10-03,40.56999969482422,40.61000061035156,39.9900016784668,40.2599983215332,20.65147590637207,2576600,0.0,0.0
2013-10-04,40.31999969482422,40.400001525878906,39.95000076293945,40.20000076293945,20.62069320678711,2519300,0.0,0.0
2013-10-07,39.900001525878906,40.220001220703125,39.689998626708984,39.790000915527344,20.41037940979004,1864400,0.0,0.0
2013-10-08,39.869998931884766,40.029998779296875,39.56999969482422,39.689998626708984,20.359092712402344,2581500,0.0,0.0
2013-10-09,39.83000183105469,40.02000045776367,39.4900016784668,39.52000045776367,20.271892547607422,2647100,0.0,0.0
2013-10-10,39.83000183105469,40.560001373291016,39.790000915527344,40.560001373291016,20.80536460876465,1613100,0.0,0.0
2013-10-11,40.599998474121094,40.880001068115234,40.380001068115234,40.880001068115234,20.969507217407227,1132600,0.0,0.0
2013-10-14,40.709999084472656,41.06999969482422,40.4900016784668,41.040000915527344,21.051576614379883,1167300,0.0,0.0
2013-10-15,41.04999923706055,41.130001068115234,40.36000061035156,40.5,20.774580001831055,1692800,0.0,0.0
2013-10-16,40.79999923706055,41.22999954223633,40.7400016784668,41.099998474121094,21.082353591918945,2082700,0.0,0.0
2013-10-17,41.06999969482422,41.91999816894531,40.880001068115234,41.90999984741211,21.497846603393555,1968600,0.0,0.0
2013-10-18,42.15999984741211,42.20000076293945,41.79999923706055,42.189998626708984,21.641477584838867,2825400,0.0,0.0
2013-10-21,42.15999984741211,42.15999984741211,41.779998779296875,42.130001068115234,21.61069679260254,1664800,0.0,0.0
2013-10-22,42.369998931884766,42.95000076293945,42.279998779296875,42.779998779296875,21.944114685058594,2338500,0.0,0.0
2013-10-23,42.54999923706055,42.66999816894531,42.16999816894531,42.470001220703125,21.785099029541016,2306200,0.0,0.0
2013-10-24,42.0099983215332,42.16999816894531,40.06999969482422,40.45000076293945,20.74892807006836,6536300,0.0,0.0
2013-10-25,40.08000183105469,41.220001220703125,39.93000030517578,41.18000030517578,21.123384475708008,2998200,0.0,0.0
2013-10-28,41.2599983215332,42.09000015258789,41.13999938964844,42.04999923706055,21.569658279418945,1919700,0.0,0.0
2013-10-29,42.099998474121094,42.59000015258789,42.04999923706055,42.56999969482422,21.836393356323242,2088200,0.0,0.0
2013-10-30,42.709999084472656,42.7599983215332,41.97999954223633,41.9900016784668,21.538883209228516,2391000,0.0,0.0
2013-10-31,42.0,42.060001373291016,41.70000076293945,41.72999954223633,21.405513763427734,2104200,0.0,0.0
2013-11-01,41.81999969482422,42.029998779296875,41.31999969482422,41.77000045776367,21.42603874206543,1957800,0.0,0.0
2013-11-04,41.650001525878906,41.939998626708984,41.540000915527344,41.7599983215332,21.420902252197266,1331900,0.0,0.0
2013-11-05,41.38999938964844,41.540000915527344,41.099998474121094,41.119998931884766,21.09261703491211,1901100,0.0,0.0
2013-11-06,41.18000030517578,41.63999938964844,41.02000045776367,41.619998931884766,21.349090576171875,1866300,0.0,0.0
2013-11-07,41.63999938964844,41.709999084472656,40.81999969482422,40.939998626708984,21.000282287597656,1487100,0.0,0.0
2013-11-08,41.0099983215332,41.33000183105469,40.4900016784668,41.31999969482422,21.195201873779297,1242100,0.0,0.0
2013-11-11,41.349998474121094,41.45000076293945,41.209999084472656,41.38999938964844,21.231111526489258,735100,0.0,0.0
2013-11-12,41.400001525878906,41.75,41.220001220703125,41.72999954223633,21.405513763427734,1745100,0.0,0.0
2013-11-13,41.41999816894531,41.95000076293945,41.33000183105469,41.95000076293945,21.51836585998535,1497400,0.0,0.0
2013-11-14,42.0,42.439998626708984,41.939998626708984,42.209999084472656,21.65172576904297,2232200,0.0,0.0
2013-11-15,42.20000076293945,42.29999923706055,41.63999938964844,42.060001373291016,21.574787139892578,1272200,0.0,0.0
2013-11-18,42.119998931884766,42.2400016784668,41.81999969482422,41.959999084472656,21.52349090576172,905600,0.0,0.0
2013-11-19,41.970001220703125,42.11000061035156,41.47999954223633,41.66999816894531,21.374731063842773,2797300,0.0,0.0
2013-11-20,41.540000915527344,41.79999923706055,41.2599983215332,41.310001373291016,21.29227066040039,1080700,0.2,0.0
2013-11-21,41.38999938964844,42.04999923706055,41.349998474121094,42.0,21.647907257080078,1206100,0.0,0.0
2013-11-22,42.02000045776367,42.04999923706055,41.40999984741211,41.56999969482422,21.42627716064453,2954600,0.0,0.0
2013-11-25,41.72999954223633,41.880001068115234,41.36000061035156,41.41999816894531,21.348962783813477,1502600,0.0,0.0
2013-11-26,41.619998931884766,42.09000015258789,41.5099983215332,41.88999938964844,21.591215133666992,2031300,0.0,0.0
2013-11-27,41.86000061035156,42.22999954223633,41.7599983215332,42.15999984741211,21.730377197265625,848900,0.0,0.0
2013-11-29,42.119998931884766,42.209999084472656,41.869998931884766,41.939998626708984,21.616989135742188,642000,0.0,0.0
2013-12-02,41.93000030517578,42.40999984741211,41.91999816894531,42.130001068115234,21.714914321899414,1573800,0.0,0.0
2013-12-03,42.040000915527344,42.5,41.97999954223633,42.4900016784668,21.900470733642578,1674600,0.0,0.0
2013-12-04,42.400001525878906,42.869998931884766,42.029998779296875,42.720001220703125,22.019020080566406,2575300,0.0,0.0
2013-12-05,42.58000183105469,42.66999816894531,42.099998474121094,42.150001525878906,21.72522735595703,1719300,0.0,0.0
2013-12-06,42.56999969482422,42.849998474121094,42.470001220703125,42.59000015258789,21.95201301574707,1543400,0.0,0.0
2013-12-09,42.599998474121094,42.66999816894531,41.9900016784668,42.33000183105469,21.818004608154297,1910700,0.0,0.0
2013-12-10,42.349998474121094,42.349998474121094,41.790000915527344,41.91999816894531,21.60668182373047,1373100,0.0,0.0
2013-12-11,42.040000915527344,42.310001373291016,41.68000030517578,41.93000030517578,21.611835479736328,2430000,0.0,0.0
2013-12-12,41.900001525878906,42.0099983215332,40.880001068115234,40.90999984741211,21.08609962463379,2037000,0.0,0.0
2013-12-13,40.880001068115234,41.150001525878906,40.54999923706055,40.65999984741211,20.95724105834961,1443000,0.0,0.0
2013-12-16,40.95000076293945,41.400001525878906,40.81999969482422,41.31999969482422,21.29741859436035,1334800,0.0,0.0
2013-12-17,41.33000183105469,41.70000076293945,41.220001220703125,41.54999923706055,21.415977478027344,1773600,0.0,0.0
2013-12-18,41.790000915527344,42.33000183105469,41.099998474121094,42.25,21.77676773071289,1889100,0.0,0.0
2013-12-19,42.34000015258789,42.65999984741211,42.25,42.38999938964844,21.84893035888672,2266300,0.0,0.0
2013-12-20,42.560001373291016,43.2599983215332,42.43000030517578,43.13999938964844,22.235504150390625,4495000,0.0,0.0
2013-12-23,43.31999969482422,43.47999954223633,42.939998626708984,43.130001068115234,22.230344772338867,1247100,0.0,0.0
2013-12-24,43.2599983215332,43.5,43.13999938964844,43.40999984741211,22.374666213989258,411300,0.0,0.0
2013-12-26,43.439998626708984,43.61000061035156,43.20000076293945,43.540000915527344,22.441665649414062,714500,0.0,0.0
2013-12-27,43.689998626708984,43.77000045776367,43.41999816894531,43.630001068115234,22.488061904907227,706900,0.0,0.0
2013-12-30,43.68000030517578,44.04999923706055,43.68000030517578,44.029998779296875,22.694225311279297,2527700,0.0,0.0
2013-12-31,44.130001068115234,44.36000061035156,44.040000915527344,44.130001068115234,22.745771408081055,932300,0.0,0.0
2014-01-02,43.86000061035156,44.029998779296875,43.45000076293945,43.58000183105469,22.462291717529297,3407700,0.0,0.0
2014-01-03,43.36000061035156,44.029998779296875,43.29999923706055,43.66999816894531,22.508676528930664,1148800,0.0,0.0
2014-01-06,43.970001220703125,44.09000015258789,43.310001373291016,43.31999969482422,22.328277587890625,1793800,0.0,0.0
2014-01-07,43.34000015258789,44.11000061035156,43.290000915527344,44.0099983215332,22.683917999267578,1694600,0.0,0.0
2014-01-08,44.189998626708984,44.34000015258789,43.81999969482422,43.97999954223633,22.668458938598633,1916000,0.0,0.0
2014-01-09,43.959999084472656,44.349998474121094,43.86000061035156,44.22999954223633,22.797313690185547,1546200,0.0,0.0
2014-01-10,44.13999938964844,44.459999084472656,43.91999816894531,44.400001525878906,22.884937286376953,1832200,0.0,0.0
2014-01-13,44.25,44.560001373291016,43.779998779296875,43.90999984741211,22.63237953186035,1761100,0.0,0.0
2014-01-14,44.099998474121094,44.54999923706055,44.040000915527344,44.5099983215332,22.94163703918457,1619000,0.0,0.0
2014-01-15,44.66999816894531,44.93000030517578,44.36000061035156,44.7599983215332,23.07048797607422,1580100,0.0,0.0
2014-01-16,44.650001525878906,44.75,43.66999816894531,44.52000045776367,22.94678497314453,1535900,0.0,0.0
2014-01-17,44.470001220703125,44.529998779296875,44.16999816894531,44.279998779296875,22.82308578491211,1306900,0.0,0.0
2014-01-21,44.68000030517578,44.880001068115234,44.5,44.7599983215332,23.07048797607422,1262300,0.0,0.0
2014-01-22,44.91999816894531,45.029998779296875,44.65999984741211,44.869998931884766,23.127182006835938,1745900,0.0,0.0
2014-01-23,44.540000915527344,44.63999938964844,44.060001373291016,44.18000030517578,22.771541595458984,1395100,0.0,0.0
2014-01-24,43.91999816894531,44.060001373291016,43.529998779296875,43.529998779296875,22.43651580810547,1964300,0.0,0.0
2014-01-27,43.54999923706055,43.779998779296875,43.31999969482422,43.33000183105469,22.333431243896484,1893300,0.0,0.0
2014-01-28,43.40999984741211,44.029998779296875,43.369998931884766,43.9900016784668,22.673620223999023,1919300,0.0,0.0
2014-01-29,43.689998626708984,43.689998626708984,43.08000183105469,43.13999938964844,22.235504150390625,2321500,0.0,0.0
2014-01-30,43.41999816894531,44.02000045776367,43.38999938964844,43.849998474121094,22.601449966430664,1277000,0.0,0.0
2014-01-31,43.45000076293945,43.75,42.939998626708984,43.290000915527344,22.31281280517578,2069700,0.0,0.0
2014-02-03,43.400001525878906,43.689998626708984,42.06999969482422,42.130001068115234,21.714914321899414,2388300,0.0,0.0
2014-02-04,42.25,42.9900016784668,42.2400016784668,42.95000076293945,22.1375675201416,2520300,0.0,0.0
2014-02-05,42.869998931884766,43.540000915527344,42.31999969482422,43.439998626708984,22.390125274658203,3258200,0.0,0.0
2014-02-06,42.95000076293945,44.2599983215332,42.939998626708984,44.20000076293945,22.781850814819336,2402200,0.0,0.0
2014-02-07,44.33000183105469,44.810001373291016,44.2400016784668,44.400001525878906,22.884937286376953,2355500,0.0,0.0
2014-02-10,44.310001373291016,44.7599983215332,44.060001373291016,44.7400016784668,23.060184478759766,1399400,0.0,0.0
2014-02-11,44.779998779296875,45.380001068115234,44.560001373291016,45.33000183105469,23.364282608032227,2127800,0.0,0.0
2014-02-12,45.43000030517578,45.779998779296875,45.34000015258789,45.5,23.451904296875,3445600,0.0,0.0
2014-02-13,45.2400016784668,45.9900016784668,45.150001525878906,45.959999084472656,23.68899917602539,2794200,0.0,0.0
2014-02-14,45.560001373291016,46.18000030517578,45.459999084472656,46.150001525878906,23.78693389892578,1829500,0.0,0.0
2014-02-18,46.060001373291016,46.5,45.93000030517578,46.34000015258789,23.88486671447754,2112500,0.0,0.0
2014-02-19,46.20000076293945,46.529998779296875,46.04999923706055,46.150001525878906,23.78693389892578,1718500,0.0,0.0
2014-02-20,46.2400016784668,46.9900016784668,46.130001068115234,46.880001068115234,24.163196563720703,2686800,0.0,0.0
2014-02-21,46.9900016784668,47.459999084472656,46.79999923706055,47.34000015258789,24.400285720825195,2712200,0.0,0.0
2014-02-24,47.41999816894531,47.88999938964844,47.22999954223633,47.25,24.353900909423828,2890200,0.0,0.0
2014-02-25,47.380001068115234,47.5099983215332,46.939998626708984,46.9900016784668,24.219890594482422,2080300,0.0,0.0
2014-02-26,47.13999938964844,47.209999084472656,46.459999084472656,46.470001220703125,23.95186996459961,2098900,0.0,0.0
2014-02-27,46.459999084472656,46.93000030517578,46.22999954223633,46.75,24.0961856842041,1603600,0.0,0.0
2014-02-28,46.81999969482422,47.45000076293945,46.7400016784668,47.08000183105469,24.26628303527832,1676700,0.0,0.0
2014-03-03,46.66999816894531,46.959999084472656,46.400001525878906,46.439998626708984,23.93640899658203,2173600,0.0,0.0
2014-03-04,46.7400016784668,47.099998474121094,46.43000030517578,46.939998626708984,24.19411849975586,3087700,0.0,0.0
2014-03-05,46.68000030517578,47.52000045776367,46.68000030517578,47.459999084472656,24.593122482299805,2327200,0.25,0.0
2014-03-06,47.4900016784668,47.86000061035156,47.41999816894531,47.7400016784668,24.738216400146484,2112000,0.0,0.0
2014-03-07,47.849998474121094,47.900001525878906,47.290000915527344,47.41999816894531,24.572397232055664,2010800,0.0,0.0
2014-03-10,47.40999984741211,47.459999084472656,46.97999954223633,47.06999969482422,24.39103126525879,1454200,0.0,0.0
2014-03-11,47.22999954223633,47.27000045776367,46.689998626708984,46.91999816894531,24.313302993774414,1806100,0.0,0.0
2014-03-12,46.68000030517578,47.0099983215332,46.560001373291016,46.90999984741211,24.30811882019043,1172700,0.0,0.0
2014-03-13,47.119998931884766,47.16999816894531,46.27000045776367,46.29999923706055,23.99202537536621,1585200,0.0,0.0
2014-03-14,46.25,47.02000045776367,46.25,46.5,24.095661163330078,1816000,0.0,0.0
2014-03-17,46.93000030517578,47.939998626708984,46.75,47.869998931884766,24.805580139160156,2626400,0.0,0.0
2014-03-18,47.86000061035156,47.97999954223633,47.599998474121094,47.66999816894531,24.70194435119629,1485300,0.0,0.0
2014-03-19,47.65999984741211,47.720001220703125,47.13999938964844,47.560001373291016,24.644941329956055,2230300,0.0,0.0
2014-03-20,47.41999816894531,47.91999816894531,47.34000015258789,47.75,24.7434024810791,2085500,0.0,0.0
2014-03-21,47.75,47.869998931884766,47.220001220703125,47.369998931884766,24.546489715576172,3403300,0.0,0.0
2014-03-24,47.369998931884766,47.54999923706055,46.439998626708984,46.470001220703125,24.080121994018555,2058200,0.0,0.0
2014-03-25,46.84000015258789,46.93000030517578,46.38999938964844,46.560001373291016,24.126754760742188,2335600,0.0,0.0
2014-03-26,46.72999954223633,46.75,46.279998779296875,46.290000915527344,23.986846923828125,1530900,0.0,0.0
2014-03-27,46.27000045776367,46.4900016784668,46.08000183105469,46.439998626708984,24.064577102661133,2342300,0.0,0.0
2014-03-28,46.58000183105469,46.88999938964844,46.54999923706055,46.849998474121094,24.277029037475586,953400,0.0,0.0
2014-03-31,47.13999938964844,48.040000915527344,47.099998474121094,47.7599983215332,24.748580932617188,2309300,0.0,0.0
2014-04-01,47.61000061035156,47.810001373291016,47.150001525878906,47.599998474121094,24.665668487548828,1777700,0.0,0.0
2014-04-02,47.65999984741211,47.959999084472656,47.54999923706055,47.79999923706055,24.769306182861328,2158800,0.0,0.0
2014-04-03,47.93000030517578,47.93000030517578,47.40999984741211,47.65999984741211,24.696765899658203,1609300,0.0,0.0
2014-04-04,47.91999816894531,47.91999816894531,46.86000061035156,46.880001068115234,24.29257583618164,1757000,0.0,0.0
2014-04-07,46.86000061035156,46.97999954223633,45.970001220703125,46.0,23.83656883239746,3017400,0.0,0.0
2014-04-08,46.209999084472656,46.290000915527344,45.47999954223633,46.189998626708984,23.935026168823242,3948300,0.0,0.0
2014-04-09,46.40999984741211,46.5,46.06999969482422,46.459999084472656,24.07493782043457,1685900,0.0,0.0
2014-04-10,46.45000076293945,47.06999969482422,45.959999084472656,45.959999084472656,23.815839767456055,2397100,0.0,0.0
2014-04-11,45.9900016784668,46.130001068115234,45.220001220703125,45.2400016784668,23.442752838134766,1982900,0.0,0.0
2014-04-14,45.52000045776367,45.75,45.13999938964844,45.36000061035156,23.504932403564453,2737900,0.0,0.0
2014-04-15,45.2599983215332,45.33000183105469,44.20000076293945,44.560001373291016,23.09038543701172,4510000,0.0,0.0
2014-04-16,44.5099983215332,44.9900016784668,44.47999954223633,44.849998474121094,23.24065399169922,4616900,0.0,0.0
2014-04-17,44.81999969482422,45.34000015258789,44.599998474121094,45.189998626708984,23.416841506958008,2331400,0.0,0.0
2014-04-21,45.34000015258789,45.439998626708984,45.060001373291016,45.130001068115234,23.385753631591797,2301900,0.0,0.0
2014-04-22,45.08000183105469,45.15999984741211,44.83000183105469,44.900001525878906,23.266569137573242,3039400,0.0,0.0
2014-04-23,45.0,45.16999816894531,44.959999084472656,45.029998779296875,23.333925247192383,2819300,0.0,0.0
2014-04-24,46.75,46.75,45.0,46.5099983215332,24.10084342956543,4360800,0.0,0.0
2014-04-25,46.5,46.5,45.720001220703125,45.75,23.707027435302734,2858000,0.0,0.0
2014-04-28,45.849998474121094,46.369998931884766,45.70000076293945,45.970001220703125,23.821025848388672,2414600,0.0,0.0
2014-04-29,45.61000061035156,45.81999969482422,45.29999923706055,45.540000915527344,23.598207473754883,3797100,0.0,0.0
2014-04-30,45.279998779296875,45.5,45.099998474121094,45.439998626708984,23.54638671875,2003300,0.0,0.0
2014-05-01,45.560001373291016,45.91999816894531,45.310001373291016,45.849998474121094,23.758840560913086,1483600,0.0,0.0
2014-05-02,45.43000030517578,46.310001373291016,45.43000030517578,46.25,23.96611976623535,2167600,0.0,0.0
2014-05-05,46.06999969482422,46.65999984741211,46.06999969482422,46.38999938964844,24.038663864135742,1246500,0.0,0.0
2014-05-06,46.220001220703125,46.529998779296875,46.06999969482422,46.099998474121094,23.888391494750977,1204600,0.0,0.0
2014-05-07,46.33000183105469,46.58000183105469,46.0099983215332,46.4900016784668,24.090484619140625,1087200,0.0,0.0
2014-05-08,46.45000076293945,46.70000076293945,45.970001220703125,46.18000030517578,23.929840087890625,1215800,0.0,0.0
2014-05-09,46.15999984741211,46.970001220703125,46.02000045776367,46.95000076293945,24.3288516998291,1420000,0.0,0.0
2014-05-12,46.9900016784668,47.56999969482422,46.93000030517578,47.52000045776367,24.624217987060547,2332900,0.0,0.0
2014-05-13,47.54999923706055,47.72999954223633,47.34000015258789,47.540000915527344,24.634580612182617,1125000,0.0,0.0
2014-05-14,47.54999923706055,47.63999938964844,47.209999084472656,47.279998779296875,24.49985122680664,1342800,0.0,0.0
2014-05-15,46.97999954223633,47.119998931884766,46.38999938964844,46.54999923706055,24.12157440185547,1309800,0.0,0.0
2014-05-16,46.56999969482422,46.68000030517578,46.119998931884766,46.650001525878906,24.17339324951172,1861900,0.0,0.0
2014-05-19,46.61000061035156,47.130001068115234,46.439998626708984,46.79999923706055,24.251113891601562,1507800,0.0,0.0
2014-05-20,46.779998779296875,46.9900016784668,46.369998931884766,46.56999969482422,24.131938934326172,1169000,0.0,0.0
2014-05-21,46.56999969482422,46.75,45.97999954223633,46.0,23.83656883239746,2202600,0.0,0.0
2014-05-22,45.959999084472656,46.08000183105469,45.380001068115234,45.81999969482422,23.743297576904297,2799600,0.0,0.0
2014-05-23,45.939998626708984,46.09000015258789,45.7400016784668,45.849998474121094,23.758840560913086,2099000,0.0,0.0
2014-05-27,45.93000030517578,46.11000061035156,45.279998779296875,45.29999923706055,23.473838806152344,3427300,0.0,0.0
2014-05-28,45.31999969482422,45.91999816894531,45.31999969482422,45.849998474121094,23.758840560913086,3268700,0.0,0.0
2014-05-29,46.13999938964844,46.16999816894531,45.68000030517578,45.970001220703125,23.821025848388672,2173100,0.0,0.0
2014-05-30,45.86000061035156,45.880001068115234,45.52000045776367,45.63999938964844,23.6500186920166,2484200,0.0,0.0
2014-06-02,45.68000030517578,46.04999923706055,45.400001525878906,45.65999984741211,23.660381317138672,3166900,0.0,0.0
2014-06-03,45.529998779296875,45.88999938964844,45.22999954223633,45.66999816894531,23.665573120117188,2241100,0.0,0.0
2014-06-04,45.459999084472656,46.099998474121094,45.459999084472656,45.95000076293945,23.94171714782715,1963400,0.25,0.0
2014-06-05,46.13999938964844,46.13999938964844,44.79999923706055,45.099998474121094,23.498836517333984,3620500,0.0,0.0
2014-06-06,45.209999084472656,45.72999954223633,45.09000015258789,45.65999984741211,23.790620803833008,1442900,0.0,0.0
2014-06-09,45.650001525878906,45.90999984741211,45.4900016784668,45.779998779296875,23.85314178466797,1301200,0.0,0.0
2014-06-10,45.5,45.66999816894531,45.13999938964844,45.27000045776367,23.58740997314453,2645200,0.0,0.0
2014-06-11,45.20000076293945,45.349998474121094,44.7400016784668,44.7599983215332,23.321687698364258,2924100,0.0,0.0
2014-06-12,44.7599983215332,45.150001525878906,44.68000030517578,44.7599983215332,23.321687698364258,1381300,0.0,0.0
2014-06-13,44.630001068115234,44.779998779296875,44.29999923706055,44.58000183105469,23.2278995513916,2215200,0.0,0.0
2014-06-16,44.33000183105469,44.790000915527344,43.959999084472656,44.720001220703125,23.300840377807617,1970800,0.0,0.0
2014-06-17,44.709999084472656,45.209999084472656,44.61000061035156,45.18000030517578,23.540523529052734,2020900,0.0,0.0
2014-06-18,45.220001220703125,46.08000183105469,45.0,45.939998626708984,23.93651008605957,9175900,0.0,0.0
2014-06-19,45.91999816894531,47.61000061035156,45.900001525878906,47.529998779296875,24.764957427978516,7581400,0.0,0.0
2014-06-20,47.619998931884766,47.779998779296875,47.27000045776367,47.619998931884766,24.811853408813477,3460600,0.0,0.0
2014-06-23,47.630001068115234,47.79999923706055,47.369998931884766,47.58000183105469,24.791013717651367,1787000,0.0,0.0
2014-06-24,47.40999984741211,47.40999984741211,47.0,47.09000015258789,24.535703659057617,1584400,0.0,0.0
2014-06-25,47.04999923706055,47.560001373291016,46.900001525878906,47.54999923706055,24.775381088256836,1861900,0.0,0.0
2014-06-26,47.470001220703125,47.779998779296875,47.209999084472656,47.63999938964844,24.822269439697266,1611200,0.0,0.0
2014-06-27,47.529998779296875,48.130001068115234,47.5099983215332,47.91999816894531,24.96816635131836,4285800,0.0,0.0
2014-06-30,47.869998931884766,48.060001373291016,47.59000015258789,47.779998779296875,24.895219802856445,5479100,0.0,0.0
2014-07-01,48.0,48.04999923706055,47.349998474121094,47.93000030517578,24.973379135131836,4546100,0.0,0.0
2014-07-02,48.02000045776367,48.43000030517578,47.88999938964844,48.040000915527344,25.03069305419922,1496000,0.0,0.0
2014-07-03,47.93000030517578,48.16999816894531,47.900001525878906,47.95000076293945,24.983797073364258,1509100,0.0,0.0
2014-07-07,47.97999954223633,48.33000183105469,47.779998779296875,48.189998626708984,25.108848571777344,1729200,0.0,0.0
2014-07-08,48.0,48.06999969482422,47.36000061035156,47.599998474121094,24.80143165588379,1844000,0.0,0.0
2014-07-09,47.72999954223633,48.119998931884766,47.72999954223633,47.939998626708984,24.978588104248047,1914100,0.0,0.0
2014-07-10,47.5099983215332,48.599998474121094,47.45000076293945,48.459999084472656,25.249526977539062,2574600,0.0,0.0
2014-07-11,48.33000183105469,48.689998626708984,48.04999923706055,48.34000015258789,25.187000274658203,2670400,0.0,0.0
2014-07-14,48.5,48.619998931884766,48.34000015258789,48.459999084472656,25.249526977539062,2053000,0.0,0.0
2014-07-15,48.400001525878906,48.599998474121094,48.0099983215332,48.220001220703125,25.124475479125977,1935200,0.0,0.0
2014-07-16,48.41999816894531,48.529998779296875,48.22999954223633,48.45000076293945,25.244321823120117,1742700,0.0,0.0
2014-07-17,48.40999984741211,48.869998931884766,48.290000915527344,48.380001068115234,25.207841873168945,2414800,0.0,0.0
2014-07-18,48.5,48.880001068115234,48.310001373291016,48.77000045776367,25.411052703857422,2610900,0.0,0.0
2014-07-21,48.7400016784668,48.75,48.20000076293945,48.5,25.27037239074707,1439000,0.0,0.0
2014-07-22,48.4900016784668,48.779998779296875,48.27000045776367,48.439998626708984,25.239105224609375,2896200,0.0,0.0
2014-07-23,48.599998474121094,48.81999969482422,48.459999084472656,48.7599983215332,25.405838012695312,3213100,0.0,0.0
2014-07-24,48.75,49.16999816894531,48.5099983215332,48.79999923706055,25.426681518554688,2317400,0.0,0.0
2014-07-25,48.810001373291016,48.93000030517578,48.0,48.04999923706055,25.035903930664062,2208700,0.0,0.0
2014-07-28,48.060001373291016,48.150001525878906,47.52000045776367,47.72999954223633,24.869169235229492,1996700,0.0,0.0
2014-07-29,47.88999938964844,48.09000015258789,47.61000061035156,47.709999084472656,24.858749389648438,1688900,0.0,0.0
2014-07-30,47.95000076293945,47.95000076293945,46.68000030517578,46.70000076293945,24.332500457763672,2514400,0.0,0.0
2014-07-31,46.52000045776367,46.52000045776367,45.349998474121094,45.45000076293945,23.68120574951172,2835300,0.0,0.0
2014-08-01,45.45000076293945,45.5099983215332,45.119998931884766,45.310001373291016,23.608257293701172,2314000,0.0,0.0
2014-08-04,45.400001525878906,45.5,44.90999984741211,45.0099983215332,23.45193862915039,2070900,0.0,0.0
2014-08-05,44.959999084472656,45.2400016784668,44.459999084472656,44.689998626708984,23.285213470458984,1795000,0.0,0.0
2014-08-06,44.59000015258789,45.439998626708984,44.52000045776367,45.400001525878906,23.6551513671875,2273200,0.0,0.0
2014-08-07,45.540000915527344,45.650001525878906,45.04999923706055,45.209999084472656,23.556148529052734,1588300,0.0,0.0
2014-08-08,45.29999923706055,46.040000915527344,45.09000015258789,46.0,23.967769622802734,1748000,0.0,0.0
2014-08-11,46.060001373291016,46.45000076293945,46.0099983215332,46.15999984741211,24.051137924194336,1199900,0.0,0.0
2014-08-12,46.099998474121094,46.25,45.86000061035156,46.16999816894531,24.056346893310547,1005400,0.0,0.0
2014-08-13,46.290000915527344,46.88999938964844,46.220001220703125,46.849998474121094,24.410659790039062,1929900,0.0,0.0
2014-08-14,46.849998474121094,47.16999816894531,46.79999923706055,47.13999938964844,24.561750411987305,1590500,0.0,0.0
2014-08-15,47.25,48.040000915527344,47.130001068115234,47.47999954223633,24.738910675048828,1449200,0.0,0.0
2014-08-18,47.650001525878906,48.06999969482422,47.58000183105469,47.84000015258789,24.92648696899414,1377000,0.0,0.0
2014-08-19,47.81999969482422,50.0,47.77000045776367,48.33000183105469,25.18178939819336,2252600,0.0,0.0
2014-08-20,48.27000045776367,48.5,47.619998931884766,47.689998626708984,24.848329544067383,1472700,0.0,0.0
2014-08-21,47.65999984741211,47.849998474121094,47.54999923706055,47.56999969482422,24.785804748535156,951000,0.0,0.0
2014-08-22,47.540000915527344,47.689998626708984,47.06999969482422,47.099998474121094,24.54091453552246,1169300,0.0,0.0
2014-08-25,47.31999969482422,47.5,47.13999938964844,47.380001068115234,24.686811447143555,1603300,0.0,0.0
2014-08-26,47.5,47.93000030517578,47.400001525878906,47.5,24.749324798583984,830500,0.0,0.0
2014-08-27,47.459999084472656,47.720001220703125,47.310001373291016,47.709999084472656,24.858749389648438,859000,0.0,0.0
2014-08-28,47.56999969482422,47.849998474121094,47.45000076293945,47.599998474121094,24.80143165588379,752100,0.0,0.0
2014-08-29,47.58000183105469,47.81999969482422,47.41999816894531,47.779998779296875,24.895219802856445,1150900,0.0,0.0
2014-09-02,47.84000015258789,48.040000915527344,47.11000061035156,47.220001220703125,24.603439331054688,1842000,0.0,0.0
2014-09-03,46.56999969482422,47.869998931884766,46.5,47.849998474121094,25.064395904541016,2099800,0.25,0.0
2014-09-04,47.790000915527344,47.790000915527344,46.25,46.369998931884766,24.28915786743164,3447300,0.0,0.0
2014-09-05,46.40999984741211,47.029998779296875,46.16999816894531,47.029998779296875,24.634868621826172,1282700,0.0,0.0
2014-09-08,46.90999984741211,47.060001373291016,46.349998474121094,46.540000915527344,24.37820053100586,1087700,0.0,0.0
2014-09-09,46.349998474121094,46.41999816894531,46.02000045776367,46.08000183105469,24.137248992919922,1307700,0.0,0.0
2014-09-10,46.02000045776367,46.13999938964844,45.66999816894531,45.790000915527344,23.985340118408203,1972600,0.0,0.0
2014-09-11,45.72999954223633,46.029998779296875,45.59000015258789,45.93000030517578,24.05867576599121,1620800,0.0,0.0
2014-09-12,45.810001373291016,45.86000061035156,45.13999938964844,45.189998626708984,23.671052932739258,1582900,0.0,0.0
2014-09-15,45.41999816894531,45.41999816894531,44.86000061035156,45.20000076293945,23.67629051208496,1812100,0.0,0.0
2014-09-16,45.27000045776367,45.560001373291016,44.900001525878906,45.52000045776367,23.843910217285156,2883800,0.0,0.0
2014-09-17,45.56999969482422,46.06999969482422,45.400001525878906,45.880001068115234,24.032482147216797,2387100,0.0,0.0
2014-09-18,46.15999984741211,46.25,45.66999816894531,45.720001220703125,23.948678970336914,1903100,0.0,0.0
2014-09-19,46.040000915527344,46.380001068115234,45.779998779296875,46.27000045776367,24.236774444580078,3562200,0.0,0.0
2014-09-22,46.119998931884766,46.2400016784668,45.970001220703125,46.119998931884766,24.158203125,1873100,0.0,0.0
2014-09-23,45.880001068115234,45.91999816894531,45.029998779296875,45.060001373291016,23.602962493896484,2443800,0.0,0.0
2014-09-24,45.20000076293945,45.81999969482422,45.099998474121094,45.779998779296875,23.980104446411133,1377400,0.0,0.0
2014-09-25,45.52000045776367,45.54999923706055,44.869998931884766,45.0,23.57152557373047,1342000,0.0,0.0
2014-09-26,45.0099983215332,45.31999969482422,44.65999984741211,45.279998779296875,23.718189239501953,1729400,0.0,0.0
2014-09-29,44.880001068115234,45.20000076293945,44.709999084472656,45.11000061035156,23.629154205322266,1177200,0.0,0.0
2014-09-30,45.040000915527344,45.18000030517578,44.349998474121094,44.36000061035156,23.23628807067871,3216400,0.0,0.0
2014-10-01,44.369998931884766,44.459999084472656,43.58000183105469,43.77000045776367,22.92724609375,3392700,0.0,0.0
2014-10-02,43.61000061035156,43.84000015258789,43.220001220703125,43.619998931884766,22.848670959472656,2641300,0.0,0.0
2014-10-03,43.66999816894531,44.20000076293945,43.43000030517578,44.08000183105469,23.089630126953125,3247200,0.0,0.0
2014-10-06,44.630001068115234,44.849998474121094,43.65999984741211,43.84000015258789,22.963909149169922,1585600,0.0,0.0
2014-10-07,43.630001068115234,43.689998626708984,42.5,42.54999923706055,22.288188934326172,3844900,0.0,0.0
2014-10-08,42.61000061035156,43.36000061035156,42.43000030517578,43.33000183105469,22.696765899658203,3696100,0.0,0.0
2014-10-09,43.33000183105469,43.459999084472656,41.9900016784668,42.040000915527344,22.02105140686035,2587900,0.0,0.0
2014-10-10,42.040000915527344,42.220001220703125,41.529998779296875,41.540000915527344,21.75914764404297,3206900,0.0,0.0
2014-10-13,41.59000015258789,41.619998931884766,40.400001525878906,40.439998626708984,21.182945251464844,2809400,0.0,0.0
2014-10-14,40.47999954223633,40.7400016784668,39.93000030517578,40.4900016784668,21.209135055541992,5900800,0.0,0.0
2014-10-15,40.0,40.22999954223633,39.220001220703125,40.0099983215332,20.95770835876465,4338300,0.0,0.0
2014-10-16,39.2599983215332,40.400001525878906,39.04999923706055,40.0099983215332,20.95770835876465,4718800,0.0,0.0
2014-10-17,40.38999938964844,41.369998931884766,40.20000076293945,41.11000061035156,21.53390121459961,2238200,0.0,0.0
2014-10-20,41.04999923706055,42.11000061035156,40.959999084472656,41.90999984741211,21.95295524597168,2548300,0.0,0.0
2014-10-21,41.56999969482422,41.970001220703125,41.38999938964844,41.650001525878906,21.816762924194336,2726800,0.0,0.0
2014-10-22,41.630001068115234,41.86000061035156,41.11000061035156,41.31999969482422,21.64389991760254,3832500,0.0,0.0
2014-10-23,42.40999984741211,43.36000061035156,42.08000183105469,42.20000076293945,22.1048583984375,4602800,0.0,0.0
2014-10-24,42.310001373291016,42.58000183105469,41.529998779296875,42.380001068115234,22.19914436340332,2818600,0.0,0.0
2014-10-27,42.15999984741211,42.68000030517578,41.93000030517578,42.380001068115234,22.19914436340332,2528400,0.0,0.0
2014-10-28,42.650001525878906,43.31999969482422,42.41999816894531,43.310001373291016,22.68628692626953,1916600,0.0,0.0
2014-10-29,43.27000045776367,43.369998931884766,42.709999084472656,43.0,22.523906707763672,1485600,0.0,0.0
2014-10-30,42.959999084472656,43.34000015258789,42.810001373291016,43.130001068115234,22.592004776000977,1441400,0.0,0.0
2014-10-31,43.369998931884766,43.68000030517578,43.130001068115234,43.349998474121094,22.707237243652344,1982200,0.0,0.0
2014-11-03,43.400001525878906,43.52000045776367,42.84000015258789,42.959999084472656,22.50295066833496,1640300,0.0,0.0
2014-11-04,42.93000030517578,42.93000030517578,42.27000045776367,42.4900016784668,22.256763458251953,1966900,0.0,0.0
2014-11-05,43.060001373291016,43.060001373291016,42.0,42.189998626708984,22.099618911743164,2286500,0.0,0.0
2014-11-06,42.29999923706055,42.959999084472656,42.130001068115234,42.86000061035156,22.45056915283203,1954900,0.0,0.0
2014-11-07,42.810001373291016,42.97999954223633,42.5099983215332,42.720001220703125,22.377239227294922,1530000,0.0,0.0
2014-11-10,42.720001220703125,42.810001373291016,42.38999938964844,42.619998931884766,22.324853897094727,1043800,0.0,0.0
2014-11-11,42.75,42.849998474121094,42.43000030517578,42.54999923706055,22.288188934326172,1313900,0.0,0.0
2014-11-12,42.400001525878906,42.959999084472656,42.15999984741211,42.86000061035156,22.45056915283203,1349100,0.0,0.0
2014-11-13,42.939998626708984,43.11000061035156,42.45000076293945,42.72999954223633,22.382474899291992,882600,0.0,0.0
2014-11-14,42.619998931884766,42.709999084472656,42.040000915527344,42.290000915527344,22.152008056640625,1362500,0.0,0.0
2014-11-17,42.38999938964844,43.310001373291016,42.279998779296875,43.25,22.654863357543945,1592800,0.0,0.0
2014-11-18,43.279998779296875,43.79999923706055,43.08000183105469,43.630001068115234,22.853906631469727,2435400,0.0,0.0
2014-11-19,43.27000045776367,43.650001525878906,43.209999084472656,43.56999969482422,22.95400619506836,2453700,0.25,0.0
2014-11-20,43.400001525878906,44.54999923706055,43.34000015258789,43.970001220703125,23.16474151611328,3717400,0.0,0.0
2014-11-21,44.45000076293945,44.45000076293945,43.630001068115234,43.720001220703125,23.033029556274414,2418500,0.0,0.0
2014-11-24,43.72999954223633,44.33000183105469,43.72999954223633,43.849998474121094,23.101512908935547,2299400,0.0,0.0
2014-11-25,43.97999954223633,44.220001220703125,43.849998474121094,43.869998931884766,23.11205291748047,2154100,0.0,0.0
2014-11-26,43.95000076293945,44.099998474121094,43.68000030517578,43.79999923706055,23.07518196105957,983700,0.0,0.0
2014-11-28,43.88999938964844,44.119998931884766,43.72999954223633,43.939998626708984,23.1489315032959,761800,0.0,0.0
2014-12-01,43.630001068115234,44.029998779296875,43.5,43.5099983215332,22.92238998413086,1700300,0.0,0.0
2014-12-02,43.4900016784668,44.560001373291016,43.439998626708984,44.529998779296875,23.459760665893555,2902300,0.0,0.0
2014-12-03,44.599998474121094,44.70000076293945,43.36000061035156,43.900001525878906,23.127864837646484,3896100,0.0,0.0
2014-12-04,43.810001373291016,44.04999923706055,43.540000915527344,43.630001068115234,22.985614776611328,1815500,0.0,0.0
2014-12-05,43.59000015258789,44.27000045776367,43.560001373291016,44.20000076293945,23.28590965270996,2452600,0.0,0.0
2014-12-08,44.119998931884766,44.18000030517578,43.439998626708984,43.58000183105469,22.95928192138672,2265300,0.0,0.0
2014-12-09,43.18000030517578,43.810001373291016,43.150001525878906,43.72999954223633,23.03829002380371,1970500,0.0,0.0
2014-12-10,43.619998931884766,43.88999938964844,43.5,43.7400016784668,23.043560028076172,2453300,0.0,0.0
2014-12-11,43.72999954223633,44.619998931884766,43.529998779296875,44.279998779296875,23.328052520751953,3182400,0.0,0.0
2014-12-12,43.880001068115234,44.15999984741211,43.150001525878906,43.16999816894531,22.743268966674805,2375100,0.0,0.0
2014-12-15,43.22999954223633,43.41999816894531,42.2599983215332,42.36000061035156,22.316537857055664,2399400,0.0,0.0
2014-12-16,42.119998931884766,42.970001220703125,41.83000183105469,41.86000061035156,22.05312728881836,2068000,0.0,0.0
2014-12-17,41.900001525878906,42.869998931884766,41.77000045776367,42.75,22.522003173828125,1918600,0.0,0.0
2014-12-18,43.18000030517578,44.40999984741211,43.029998779296875,44.290000915527344,23.33332061767578,3679800,0.0,0.0
2014-12-19,44.540000915527344,45.15999984741211,44.41999816894531,44.79999923706055,23.602008819580078,4073800,0.0,0.0
2014-12-22,45.0099983215332,45.099998474121094,44.4900016784668,44.650001525878906,23.522981643676758,2112700,0.0,0.0
2014-12-23,44.849998474121094,45.380001068115234,44.849998474121094,45.33000183105469,23.8812313079834,1355900,0.0,0.0
2014-12-24,45.400001525878906,45.56999969482422,45.09000015258789,45.099998474121094,23.760055541992188,525700,0.0,0.0
2014-12-26,45.189998626708984,45.470001220703125,45.119998931884766,45.15999984741211,23.791669845581055,643200,0.0,0.0
2014-12-29,45.029998779296875,45.5099983215332,44.869998931884766,45.349998474121094,23.891765594482422,842900,0.0,0.0
2014-12-30,45.27000045776367,45.4900016784668,44.81999969482422,44.849998474121094,23.62834930419922,990700,0.0,0.0
2014-12-31,44.869998931884766,44.9900016784668,44.16999816894531,44.220001220703125,23.29644203186035,1326800,0.0,0.0
2015-01-02,44.25,44.31999969482422,43.59000015258789,43.880001068115234,23.117321014404297,1641400,0.0,0.0
2015-01-05,44.150001525878906,44.880001068115234,44.0,44.220001220703125,23.29644203186035,2695100,0.0,0.0
2015-01-06,44.279998779296875,44.43000030517578,42.720001220703125,43.02000045776367,22.664249420166016,2604200,0.0,0.0
2015-01-07,43.459999084472656,43.959999084472656,43.189998626708984,43.68000030517578,23.01195526123047,2540300,0.0,0.0
2015-01-08,44.20000076293945,44.59000015258789,43.959999084472656,44.06999969482422,23.21741485595703,2607800,0.0,0.0
2015-01-09,44.06999969482422,44.22999954223633,43.66999816894531,43.77000045776367,23.059368133544922,1190000,0.0,0.0
2015-01-12,43.75,43.93000030517578,43.2599983215332,43.41999816894531,22.874975204467773,1267400,0.0,0.0
2015-01-13,43.61000061035156,43.79999923706055,42.650001525878906,43.11000061035156,22.7116641998291,2393300,0.0,0.0
2015-01-14,42.65999984741211,43.43000030517578,42.459999084472656,43.29999923706055,22.811765670776367,2032400,0.0,0.0
2015-01-15,43.66999816894531,43.77000045776367,42.04999923706055,42.2599983215332,22.26386070251465,4852200,0.0,0.0
2015-01-16,42.25,43.130001068115234,42.119998931884766,43.119998931884766,22.71692657470703,2761400,0.0,0.0
2015-01-20,43.34000015258789,43.65999984741211,42.900001525878906,43.40999984741211,22.869709014892578,2654900,0.0,0.0
2015-01-21,43.2599983215332,44.279998779296875,43.16999816894531,43.93000030517578,23.143661499023438,1617700,0.0,0.0
2015-01-22,44.16999816894531,44.29999923706055,43.709999084472656,44.13999938964844,23.25429916381836,2615300,0.0,0.0
2015-01-23,44.04999923706055,44.09000015258789,43.310001373291016,43.349998474121094,22.838102340698242,1789500,0.0,0.0
2015-01-26,43.13999938964844,43.43000030517578,42.56999969482422,43.29999923706055,22.811765670776367,2818000,0.0,0.0
2015-01-27,42.79999923706055,43.349998474121094,42.47999954223633,43.20000076293945,22.759084701538086,1954900,0.0,0.0
2015-01-28,43.40999984741211,43.560001373291016,42.61000061035156,42.65999984741211,22.47458839416504,1478600,0.0,0.0
2015-01-29,42.68000030517578,43.130001068115234,42.2599983215332,42.939998626708984,22.622106552124023,2015500,0.0,0.0
2015-01-30,42.529998779296875,42.970001220703125,42.04999923706055,42.099998474121094,22.179569244384766,2839000,0.0,0.0
2015-02-02,42.220001220703125,42.599998474121094,41.83000183105469,42.34000015258789,22.306007385253906,3366900,0.0,0.0
2015-02-03,42.43000030517578,43.119998931884766,42.43000030517578,43.08000183105469,22.69585418701172,3379300,0.0,0.0
2015-02-04,42.900001525878906,43.52000045776367,42.68000030517578,43.040000915527344,22.67477798461914,2178600,0.0,0.0
2015-02-05,43.119998931884766,43.29999923706055,43.02000045776367,43.189998626708984,22.753812789916992,1805400,0.0,0.0
2015-02-06,43.119998931884766,43.25,42.2599983215332,42.43000030517578,22.353418350219727,3367500,0.0,0.0
2015-02-09,42.400001525878906,42.720001220703125,42.2599983215332,42.380001068115234,22.32707977294922,2770500,0.0,0.0
2015-02-10,43.0099983215332,43.939998626708984,42.59000015258789,43.650001525878906,22.996152877807617,3811700,0.0,0.0
2015-02-11,43.650001525878906,43.81999969482422,42.9900016784668,43.2400016784668,22.7801456451416,3088400,0.0,0.0
2015-02-12,43.91999816894531,44.45000076293945,43.15999984741211,44.349998474121094,23.36492919921875,5060300,0.0,0.0
2015-02-13,44.18000030517578,44.209999084472656,43.27000045776367,43.689998626708984,23.017223358154297,4098900,0.0,0.0
2015-02-17,43.540000915527344,44.08000183105469,43.52000045776367,43.880001068115234,23.117321014404297,3125300,0.0,0.0
2015-02-18,43.63999938964844,44.2400016784668,43.540000915527344,44.189998626708984,23.2806396484375,4033000,0.0,0.0
2015-02-19,44.310001373291016,44.720001220703125,44.099998474121094,44.470001220703125,23.428152084350586,2793100,0.0,0.0
2015-02-20,44.34000015258789,44.900001525878906,44.0099983215332,44.709999084472656,23.55458641052246,2018600,0.0,0.0
2015-02-23,44.599998474121094,45.0099983215332,44.40999984741211,44.83000183105469,23.617815017700195,2115500,0.0,0.0
2015-02-24,44.939998626708984,45.52000045776367,44.86000061035156,45.33000183105469,23.8812313079834,3231600,0.0,0.0
2015-02-25,45.380001068115234,45.90999984741211,45.2599983215332,45.849998474121094,24.15517807006836,3613800,0.0,0.0
2015-02-26,45.880001068115234,46.220001220703125,45.70000076293945,46.15999984741211,24.318498611450195,3911900,0.0,0.0
2015-02-27,46.13999938964844,46.29999923706055,45.869998931884766,46.20000076293945,24.339570999145508,4115100,0.0,0.0
2015-03-02,46.20000076293945,46.400001525878906,46.08000183105469,46.400001525878906,24.444931030273438,2888100,0.0,0.0
2015-03-03,46.27000045776367,46.400001525878906,45.849998474121094,45.880001068115234,24.17098045349121,2485200,0.0,0.0
2015-03-04,45.36000061035156,45.470001220703125,44.54999923706055,44.849998474121094,23.773433685302734,2497200,0.28,0.0
2015-03-05,45.099998474121094,45.099998474121094,44.380001068115234,44.38999938964844,23.529603958129883,2345800,0.0,0.0
2015-03-06,43.97999954223633,44.2599983215332,43.150001525878906,43.63999938964844,23.132055282592773,3625200,0.0,0.0
2015-03-09,43.86000061035156,43.869998931884766,43.290000915527344,43.529998779296875,23.07374382019043,2607600,0.0,0.0
2015-03-10,43.040000915527344,43.41999816894531,42.75,42.79999923706055,22.68680191040039,2722400,0.0,0.0
2015-03-11,42.75,42.779998779296875,42.15999984741211,42.439998626708984,22.4959774017334,2202600,0.0,0.0
2015-03-12,42.63999938964844,42.970001220703125,42.4900016784668,42.75,22.660293579101562,2323100,0.0,0.0
2015-03-13,42.56999969482422,42.70000076293945,41.630001068115234,41.849998474121094,22.183237075805664,2694400,0.0,0.0
2015-03-16,42.18000030517578,42.400001525878906,41.900001525878906,42.400001525878906,22.47477149963379,2140700,0.0,0.0
2015-03-17,42.08000183105469,42.16999816894531,41.52000045776367,41.75,22.130233764648438,4397200,0.0,0.0
2015-03-18,41.720001220703125,42.79999923706055,41.029998779296875,42.650001525878906,22.60729217529297,4163600,0.0,0.0
2015-03-19,42.619998931884766,43.02000045776367,42.36000061035156,42.79999923706055,22.68680191040039,2819200,0.0,0.0
2015-03-20,43.099998474121094,43.43000030517578,42.88999938964844,43.27000045776367,22.935928344726562,3450100,0.0,0.0
2015-03-23,43.25,43.59000015258789,43.16999816894531,43.43000030517578,23.02073860168457,1853700,0.0,0.0
2015-03-24,44.18000030517578,44.41999816894531,43.81999969482422,44.060001373291016,23.354679107666016,3671600,0.0,0.0
2015-03-25,44.380001068115234,44.400001525878906,43.790000915527344,44.04999923706055,23.349376678466797,2953200,0.0,0.0
2015-03-26,43.86000061035156,44.02000045776367,43.34000015258789,43.709999084472656,23.169157028198242,3134900,0.0,0.0
2015-03-27,43.61000061035156,44.040000915527344,43.5,44.0,23.3228759765625,1770000,0.0,0.0
2015-03-30,44.150001525878906,44.7599983215332,43.939998626708984,44.709999084472656,23.699220657348633,1747300,0.0,0.0
2015-03-31,44.54999923706055,44.630001068115234,44.130001068115234,44.20000076293945,23.428892135620117,1679300,0.0,0.0
2015-04-01,44.15999984741211,44.47999954223633,43.959999084472656,44.470001220703125,23.57201385498047,1515400,0.0,0.0
2015-04-02,44.369998931884766,44.88999938964844,44.25,44.779998779296875,23.736330032348633,2957500,0.0,0.0
2015-04-06,44.689998626708984,45.880001068115234,44.58000183105469,45.70000076293945,24.223987579345703,2225700,0.0,0.0
2015-04-07,45.65999984741211,46.029998779296875,45.47999954223633,45.7599983215332,24.255788803100586,1843800,0.0,0.0
2015-04-08,45.779998779296875,46.20000076293945,45.5099983215332,45.720001220703125,24.234590530395508,2115900,0.0,0.0
2015-04-09,45.72999954223633,46.25,45.70000076293945,46.13999938964844,24.457216262817383,1579900,0.0,0.0
2015-04-10,46.0,46.13999938964844,45.41999816894531,45.720001220703125,24.234590530395508,2633200,0.0,0.0
2015-04-13,45.459999084472656,45.52000045776367,45.11000061035156,45.150001525878906,23.932458877563477,1651500,0.0,0.0
2015-04-14,44.970001220703125,45.11000061035156,44.380001068115234,44.689998626708984,23.688623428344727,2164400,0.0,0.0
2015-04-15,44.900001525878906,45.22999954223633,44.720001220703125,45.209999084472656,23.964258193969727,1902000,0.0,0.0
2015-04-16,45.150001525878906,45.68000030517578,45.08000183105469,45.439998626708984,24.08617401123047,1573300,0.0,0.0
2015-04-17,45.04999923706055,45.34000015258789,44.790000915527344,45.09000015258789,23.900657653808594,2151900,0.0,0.0
2015-04-20,45.2599983215332,45.279998779296875,44.900001525878906,45.09000015258789,23.900657653808594,1239800,0.0,0.0
2015-04-21,45.13999938964844,45.13999938964844,44.36000061035156,44.40999984741211,23.540212631225586,1829800,0.0,0.0
2015-04-22,44.59000015258789,45.06999969482422,44.41999816894531,44.9900016784668,23.847646713256836,1816000,0.0,0.0
2015-04-23,44.84000015258789,45.41999816894531,44.7400016784668,45.11000061035156,23.91124725341797,1354800,0.0,0.0
2015-04-24,45.220001220703125,45.63999938964844,45.11000061035156,45.400001525878906,24.064970016479492,1477600,0.0,0.0
2015-04-27,45.4900016784668,45.7599983215332,45.099998474121094,45.20000076293945,23.958953857421875,3555400,0.0,0.0
2015-04-28,45.290000915527344,45.54999923706055,45.029998779296875,45.34000015258789,24.03316307067871,2832700,0.0,0.0
2015-04-29,45.2400016784668,45.5099983215332,44.90999984741211,44.97999954223633,23.84234619140625,2472500,0.0,0.0
2015-04-30,44.84000015258789,45.86000061035156,44.04999923706055,44.40999984741211,23.540212631225586,2667700,0.0,0.0
2015-05-01,44.689998626708984,46.150001525878906,44.2599983215332,46.04999923706055,24.409515380859375,5047700,0.0,0.0
2015-05-04,45.970001220703125,45.9900016784668,45.54999923706055,45.63999938964844,24.192182540893555,1883300,0.0,0.0
2015-05-05,45.58000183105469,45.81999969482422,44.540000915527344,44.58000183105469,23.63031768798828,3041600,0.0,0.0
2015-05-06,44.709999084472656,45.13999938964844,44.529998779296875,45.09000015258789,23.900657653808594,1781800,0.0,0.0
2015-05-07,45.11000061035156,45.5,44.93000030517578,45.369998931884766,24.0490665435791,1068800,0.0,0.0
2015-05-08,45.75,46.209999084472656,45.65999984741211,45.97999954223633,24.372404098510742,1589800,0.0,0.0
2015-05-11,45.86000061035156,46.36000061035156,45.599998474121094,45.650001525878906,24.19748306274414,2230400,0.0,0.0
2015-05-12,45.220001220703125,45.470001220703125,44.970001220703125,45.36000061035156,24.04376983642578,1164400,0.0,0.0
2015-05-13,45.290000915527344,45.689998626708984,45.11000061035156,45.25,23.985462188720703,1168700,0.0,0.0
2015-05-14,45.689998626708984,46.38999938964844,45.68000030517578,46.380001068115234,24.58443260192871,1284600,0.0,0.0
2015-05-15,46.349998474121094,46.56999969482422,46.15999984741211,46.560001373291016,24.679847717285156,1338700,0.0,0.0
2015-05-18,46.58000183105469,46.70000076293945,46.45000076293945,46.54999923706055,24.67454719543457,1323900,0.0,0.0
2015-05-19,46.47999954223633,46.560001373291016,45.900001525878906,46.13999938964844,24.457216262817383,2655100,0.0,0.0
2015-05-20,46.209999084472656,46.529998779296875,46.099998474121094,46.25,24.515522003173828,1587700,0.0,0.0
2015-05-21,46.06999969482422,46.099998474121094,45.27000045776367,45.290000915527344,24.006662368774414,2456800,0.0,0.0
2015-05-22,45.25,45.400001525878906,44.7599983215332,44.79999923706055,23.746931076049805,1589500,0.0,0.0
2015-05-26,44.79999923706055,44.79999923706055,44.2400016784668,44.38999938964844,23.529603958129883,2131900,0.0,0.0
2015-05-27,44.68000030517578,45.08000183105469,44.38999938964844,45.029998779296875,23.86884307861328,1787000,0.0,0.0
2015-05-28,44.91999816894531,45.029998779296875,44.43000030517578,44.650001525878906,23.667423248291016,1061600,0.0,0.0
2015-05-29,44.560001373291016,44.68000030517578,44.130001068115234,44.22999954223633,23.444791793823242,2205100,0.0,0.0
2015-06-01,44.27000045776367,44.5,44.0099983215332,44.349998474121094,23.508399963378906,1367000,0.0,0.0
2015-06-02,44.25,44.41999816894531,43.63999938964844,44.38999938964844,23.529603958129883,4077000,0.0,0.0
2015-06-03,44.2599983215332,44.540000915527344,44.08000183105469,44.29999923706055,23.630952835083008,1783700,0.28,0.0
2015-06-04,43.90999984741211,44.43000030517578,43.810001373291016,43.880001068115234,23.40691566467285,1523800,0.0,0.0
2015-06-05,43.65999984741211,43.81999969482422,43.09000015258789,43.220001220703125,23.054853439331055,1359500,0.0,0.0
2015-06-08,43.08000183105469,43.349998474121094,42.84000015258789,42.939998626708984,22.905494689941406,886100,0.0,0.0
2015-06-09,43.0,43.16999816894531,42.720001220703125,42.93000030517578,22.900157928466797,1100500,0.0,0.0
2015-06-10,43.060001373291016,43.47999954223633,43.0099983215332,43.290000915527344,23.09218978881836,761600,0.0,0.0
2015-06-11,43.290000915527344,43.4900016784668,43.150001525878906,43.220001220703125,23.054853439331055,1275700,0.0,0.0
2015-06-12,42.9900016784668,43.75,42.9900016784668,43.650001525878906,23.284221649169922,5909200,0.0,0.0
2015-06-15,43.369998931884766,43.560001373291016,43.099998474121094,43.20000076293945,23.0441837310791,2036300,0.0,0.0
2015-06-16,43.2400016784668,43.84000015258789,43.04999923706055,43.790000915527344,23.358911514282227,2285800,0.0,0.0
2015-06-17,43.810001373291016,44.34000015258789,43.599998474121094,44.31999969482422,23.64162254333496,2644100,0.0,0.0
2015-06-18,44.40999984741211,45.130001068115234,44.290000915527344,45.02000045776367,24.015026092529297,3259600,0.0,0.0
2015-06-19,45.04999923706055,45.08000183105469,44.66999816894531,44.7400016784668,23.86566925048828,2706400,0.0,0.0
2015-06-22,44.95000076293945,45.150001525878906,44.70000076293945,44.790000915527344,23.89234161376953,1160300,0.0,0.0
2015-06-23,44.869998931884766,44.93000030517578,44.33000183105469,44.54999923706055,23.764310836791992,1205400,0.0,0.0
2015-06-24,44.41999816894531,44.720001220703125,44.369998931884766,44.5,23.73763656616211,1023300,0.0,0.0
2015-06-25,44.540000915527344,44.65999984741211,44.349998474121094,44.470001220703125,23.72163963317871,1571200,0.0,0.0
2015-06-26,44.65999984741211,44.939998626708984,44.33000183105469,44.90999984741211,23.956348419189453,1989800,0.0,0.0
2015-06-29,44.45000076293945,44.61000061035156,43.619998931884766,43.63999938964844,23.278892517089844,2357400,0.0,0.0
2015-06-30,43.95000076293945,44.08000183105469,43.16999816894531,43.439998626708984,23.172203063964844,1825400,0.0,0.0
2015-07-01,43.88999938964844,43.88999938964844,43.27000045776367,43.470001220703125,23.18821144104004,1947900,0.0,0.0
2015-07-02,43.47999954223633,43.7400016784668,42.93000030517578,43.15999984741211,23.02284812927246,1425700,0.0,0.0
2015-07-06,42.75,42.97999954223633,42.130001068115234,42.470001220703125,22.65477752685547,2898000,0.0,0.0
2015-07-07,42.63999938964844,44.060001373291016,42.529998779296875,43.9900016784668,23.465595245361328,2499300,0.0,0.0
2015-07-08,43.65999984741211,43.9900016784668,43.380001068115234,43.40999984741211,23.15620231628418,1897900,0.0,0.0
2015-07-09,44.11000061035156,44.2400016784668,43.83000183105469,43.93000030517578,23.433584213256836,2256800,0.0,0.0
2015-07-10,44.4900016784668,44.810001373291016,44.189998626708984,44.43000030517578,23.700300216674805,2628500,0.0,0.0
2015-07-13,44.849998474121094,45.5099983215332,44.68000030517578,45.41999816894531,24.228395462036133,1732800,0.0,0.0
2015-07-14,45.52000045776367,45.81999969482422,45.34000015258789,45.709999084472656,24.383094787597656,1784000,0.0,0.0
2015-07-15,45.61000061035156,45.68000030517578,45.130001068115234,45.209999084472656,24.11638069152832,1276900,0.0,0.0
2015-07-16,45.63999938964844,45.72999954223633,45.439998626708984,45.599998474121094,24.324413299560547,1269600,0.0,0.0
2015-07-17,45.52000045776367,45.7400016784668,45.209999084472656,45.4900016784668,24.265737533569336,1117100,0.0,0.0
2015-07-20,45.560001373291016,45.58000183105469,45.27000045776367,45.529998779296875,24.287076950073242,911300,0.0,0.0
2015-07-21,45.47999954223633,45.75,45.20000076293945,45.34000015258789,24.185720443725586,842600,0.0,0.0
2015-07-22,45.08000183105469,45.720001220703125,45.08000183105469,45.369998931884766,24.20172691345215,1083700,0.0,0.0
2015-07-23,45.310001373291016,45.59000015258789,45.18000030517578,45.40999984741211,24.223064422607422,958500,0.0,0.0
2015-07-24,45.290000915527344,45.5099983215332,44.77000045776367,44.869998931884766,23.935007095336914,1118300,0.0,0.0
2015-07-27,44.68000030517578,45.0099983215332,44.560001373291016,44.689998626708984,23.838987350463867,1831500,0.0,0.0
2015-07-28,44.970001220703125,45.369998931884766,44.75,45.34000015258789,24.185720443725586,1383900,0.0,0.0
2015-07-29,45.38999938964844,46.209999084472656,45.2599983215332,46.20000076293945,24.644472122192383,2408700,0.0,0.0
2015-07-30,45.88999938964844,46.27000045776367,45.060001373291016,45.439998626708984,24.23906898498535,2757000,0.0,0.0
2015-07-31,49.18000030517578,52.29999923706055,49.11000061035156,51.08000183105469,27.247615814208984,13330400,0.0,0.0
2015-08-03,50.880001068115234,50.959999084472656,48.47999954223633,48.849998474121094,26.058061599731445,8431600,0.0,0.0
2015-08-04,48.810001373291016,50.77000045776367,48.65999984741211,50.52000045776367,26.94889259338379,8799300,0.0,0.0
2015-08-05,51.290000915527344,52.02000045776367,50.869998931884766,51.84000015258789,27.653024673461914,4887700,0.0,0.0
2015-08-06,51.779998779296875,53.790000915527344,51.5,53.38999938964844,28.47983741760254,9458700,0.0,0.0
2015-08-07,53.25,53.25,51.20000076293945,51.709999084472656,27.583667755126953,6214300,0.0,0.0
2015-08-10,52.27000045776367,52.540000915527344,51.86000061035156,52.290000915527344,27.89306640625,4162500,0.0,0.0
2015-08-11,51.72999954223633,52.29999923706055,51.29999923706055,52.189998626708984,27.839717864990234,3052200,0.0,0.0
2015-08-12,51.36000061035156,52.959999084472656,51.060001373291016,52.81999969482422,28.17578125,2590400,0.0,0.0
2015-08-13,53.369998931884766,53.45000076293945,52.15999984741211,52.459999084472656,27.983753204345703,2311200,0.0,0.0
2015-08-14,52.540000915527344,52.68000030517578,52.13999938964844,52.4900016784668,27.99974822998047,2441800,0.0,0.0
2015-08-17,52.040000915527344,53.060001373291016,51.869998931884766,53.0,28.27179527282715,6473600,0.0,0.0
2015-08-18,53.0,53.08000183105469,52.5,52.650001525878906,28.085102081298828,5426100,0.0,0.0
2015-08-19,52.380001068115234,52.86000061035156,52.029998779296875,52.540000915527344,28.02642059326172,3509900,0.0,0.0
2015-08-20,52.029998779296875,52.4900016784668,51.93000030517578,52.2400016784668,27.866395950317383,3520500,0.0,0.0
2015-08-21,51.84000015258789,52.04999923706055,51.560001373291016,51.790000915527344,27.62635612487793,6220200,0.0,0.0
2015-08-24,49.59000015258789,51.369998931884766,48.209999084472656,50.599998474121094,26.991565704345703,6461700,0.0,0.0
2015-08-25,51.779998779296875,52.06999969482422,50.2400016784668,50.36000061035156,26.863542556762695,7388200,0.0,0.0
2015-08-26,51.31999969482422,51.959999084472656,50.79999923706055,51.779998779296875,27.621013641357422,5399000,0.0,0.0
2015-08-27,52.20000076293945,52.43000030517578,51.029998779296875,51.849998474121094,27.65835189819336,2570300,0.0,0.0
2015-08-28,51.599998474121094,51.88999938964844,51.27000045776367,51.869998931884766,27.669015884399414,1565100,0.0,0.0
2015-08-31,52.06999969482422,52.06999969482422,51.27000045776367,51.4900016784668,27.46631622314453,2464000,0.0,0.0
2015-09-01,50.529998779296875,51.15999984741211,50.0,50.93000030517578,27.16759490966797,3183500,0.0,0.0
2015-09-02,51.43000030517578,51.54999923706055,50.959999084472656,51.540000915527344,27.644977569580078,2146400,0.28,0.0
2015-09-03,51.83000183105469,51.83000183105469,51.45000076293945,51.630001068115234,27.693252563476562,1951700,0.0,0.0
2015-09-04,50.86000061035156,51.2599983215332,49.91999816894531,49.9900016784668,26.813587188720703,2823700,0.0,0.0
2015-09-08,50.36000061035156,51.27000045776367,50.2599983215332,51.18000030517578,27.45187759399414,2612700,0.0,0.0
2015-09-09,51.439998626708984,51.52000045776367,49.0099983215332,49.119998931884766,26.346935272216797,3506400,0.0,0.0
2015-09-10,48.91999816894531,49.790000915527344,48.7400016784668,49.2599983215332,26.42203712463379,2820000,0.0,0.0
2015-09-11,49.11000061035156,49.20000076293945,48.75,49.029998779296875,26.298667907714844,2264600,0.0,0.0
2015-09-14,48.63999938964844,49.22999954223633,48.63999938964844,49.0,26.282577514648438,1947900,0.0,0.0
2015-09-15,49.02000045776367,49.2400016784668,48.66999816894531,48.709999084472656,26.127023696899414,2893800,0.0,0.0
2015-09-16,49.04999923706055,49.880001068115234,49.040000915527344,49.459999084472656,26.52931022644043,2572200,0.0,0.0
2015-09-17,49.5,50.029998779296875,48.970001220703125,49.04999923706055,26.30939292907715,1929000,0.0,0.0
2015-09-18,48.689998626708984,49.220001220703125,48.38999938964844,48.5099983215332,26.019746780395508,3464600,0.0,0.0
2015-09-21,48.79999923706055,49.41999816894531,48.7599983215332,48.959999084472656,26.261117935180664,1381000,0.0,0.0
2015-09-22,48.52000045776367,48.88999938964844,47.90999984741211,48.130001068115234,25.815921783447266,1412500,0.0,0.0
2015-09-23,48.08000183105469,49.099998474121094,48.029998779296875,48.91999816894531,26.23965835571289,2864400,0.0,0.0
2015-09-24,48.540000915527344,48.810001373291016,48.130001068115234,48.619998931884766,26.078746795654297,1908600,0.0,0.0
2015-09-25,49.08000183105469,49.209999084472656,48.310001373291016,48.63999938964844,26.089475631713867,3248300,0.0,0.0
2015-09-28,48.369998931884766,48.5,46.560001373291016,46.81999969482422,25.113264083862305,3647900,0.0,0.0
2015-09-29,47.25,48.119998931884766,46.959999084472656,47.709999084472656,25.590646743774414,4292300,0.0,0.0
2015-09-30,48.189998626708984,48.439998626708984,47.939998626708984,48.349998474121094,25.933927536010742,2447500,0.0,0.0
2015-10-01,48.38999938964844,48.959999084472656,48.38999938964844,48.779998779296875,26.16456413269043,1814900,0.0,0.0
2015-10-02,48.36000061035156,49.150001525878906,48.04999923706055,49.130001068115234,26.352298736572266,1632000,0.0,0.0
2015-10-05,49.36000061035156,49.68000030517578,49.290000915527344,49.470001220703125,26.53467559814453,4175600,0.0,0.0
2015-10-06,49.47999954223633,49.68000030517578,48.790000915527344,48.83000183105469,26.191390991210938,1923600,0.0,0.0
2015-10-07,48.959999084472656,50.36000061035156,48.869998931884766,49.88999938964844,26.759950637817383,2593000,0.0,0.0
2015-10-08,49.68000030517578,50.33000183105469,49.599998474121094,50.27000045776367,26.963775634765625,901400,0.0,0.0
2015-10-09,50.27000045776367,50.93000030517578,50.189998626708984,50.83000183105469,27.264156341552734,1207100,0.0,0.0
2015-10-12,50.709999084472656,51.18000030517578,50.630001068115234,50.90999984741211,27.30705451965332,1200100,0.0,0.0
2015-10-13,50.7599983215332,51.040000915527344,50.13999938964844,50.22999954223633,26.942319869995117,2095100,0.0,0.0
2015-10-14,50.22999954223633,50.470001220703125,49.95000076293945,50.09000015258789,26.867223739624023,2490600,0.0,0.0
2015-10-15,50.41999816894531,50.59000015258789,49.939998626708984,50.29999923706055,26.97986602783203,1114000,0.0,0.0
2015-10-16,50.5099983215332,50.93000030517578,50.40999984741211,50.880001068115234,27.290964126586914,838900,0.0,0.0
2015-10-19,50.86000061035156,51.20000076293945,50.790000915527344,51.15999984741211,27.4411563873291,712400,0.0,0.0
2015-10-20,51.22999954223633,51.40999984741211,50.790000915527344,50.900001525878906,27.30169105529785,1249700,0.0,0.0
2015-10-21,50.90999984741211,51.2599983215332,50.5099983215332,50.529998779296875,27.103233337402344,1663500,0.0,0.0
2015-10-22,50.66999816894531,51.43000030517578,50.66999816894531,51.310001373291016,27.521604537963867,1771400,0.0,0.0
2015-10-23,51.5,51.619998931884766,50.779998779296875,51.5099983215332,27.62888526916504,1639300,0.0,0.0
2015-10-26,51.4900016784668,51.4900016784668,50.689998626708984,50.939998626708984,27.32315444946289,1978300,0.0,0.0
2015-10-27,50.7599983215332,50.970001220703125,50.45000076293945,50.7400016784668,27.21587371826172,2161100,0.0,0.0
2015-10-28,50.93000030517578,51.4900016784668,50.540000915527344,51.43000030517578,27.58597183227539,2570700,0.0,0.0
2015-10-29,50.43000030517578,51.779998779296875,50.11000061035156,51.119998931884766,27.419689178466797,2655700,0.0,0.0
2015-10-30,51.18000030517578,51.86000061035156,51.16999816894531,51.34000015258789,27.53769874572754,1846900,0.0,0.0
2015-11-02,51.459999084472656,51.54999923706055,51.029998779296875,51.29999923706055,27.5162410736084,1406900,0.0,0.0
2015-11-03,51.13999938964844,51.65999984741211,50.58000183105469,51.56999969482422,27.66106414794922,1804100,0.0,0.0
2015-11-04,51.63999938964844,51.77000045776367,50.41999816894531,50.68000030517578,27.183696746826172,2333100,0.0,0.0
2015-11-05,50.810001373291016,51.77000045776367,50.810001373291016,51.72999954223633,27.746883392333984,2143900,0.0,0.0
2015-11-06,51.4900016784668,51.52000045776367,50.45000076293945,50.54999923706055,27.113954544067383,1267300,0.0,0.0
2015-11-09,50.27000045776367,50.83000183105469,49.869998931884766,50.119998931884766,26.883317947387695,3701400,0.0,0.0
2015-11-10,50.09000015258789,51.189998626708984,50.09000015258789,51.0099983215332,27.360692977905273,2040900,0.0,0.0
2015-11-11,51.290000915527344,52.029998779296875,51.04999923706055,51.540000915527344,27.644977569580078,1998400,0.0,0.0
2015-11-12,51.18000030517578,51.68000030517578,51.0,51.61000061035156,27.68252182006836,2310600,0.0,0.0
2015-11-13,51.599998474121094,52.11000061035156,50.810001373291016,50.86000061035156,27.28023910522461,2318400,0.0,0.0
2015-11-16,50.83000183105469,51.25,50.470001220703125,50.959999084472656,27.33387565612793,2013000,0.0,0.0
2015-11-17,51.0,51.41999816894531,50.2599983215332,50.40999984741211,27.038862228393555,2583000,0.0,0.0
2015-11-18,50.41999816894531,50.77000045776367,49.939998626708984,50.709999084472656,27.35171127319336,1970600,0.28,0.0
2015-11-19,50.72999954223633,51.36000061035156,50.540000915527344,50.77000045776367,27.384063720703125,1541100,0.0,0.0
2015-11-20,50.959999084472656,51.25,50.060001373291016,50.099998474121094,27.02267837524414,1593900,0.0,0.0
2015-11-23,50.310001373291016,50.83000183105469,50.2400016784668,50.560001373291016,27.270795822143555,1998200,0.0,0.0
2015-11-24,50.34000015258789,51.08000183105469,50.06999969482422,50.81999969482422,27.411039352416992,1787700,0.0,0.0
2015-11-25,50.86000061035156,51.720001220703125,50.689998626708984,51.439998626708984,27.745450973510742,1701500,0.0,0.0
2015-11-27,51.56999969482422,51.630001068115234,51.27000045776367,51.560001373291016,27.81017303466797,443600,0.0,0.0
2015-11-30,51.540000915527344,51.56999969482422,50.290000915527344,50.29999923706055,27.13055992126465,2385300,0.0,0.0
2015-12-01,50.720001220703125,50.720001220703125,50.18000030517578,50.45000076293945,27.21146583557129,2016700,0.0,0.0
2015-12-02,50.470001220703125,50.529998779296875,49.72999954223633,49.77000045776367,26.844688415527344,1864900,0.0,0.0
2015-12-03,49.84000015258789,49.97999954223633,49.11000061035156,49.599998474121094,26.75299644470215,2304700,0.0,0.0
2015-12-04,49.7599983215332,50.470001220703125,49.630001068115234,50.08000183105469,27.011898040771484,2790500,0.0,0.0
2015-12-07,49.970001220703125,50.290000915527344,49.45000076293945,49.720001220703125,26.817726135253906,2006300,0.0,0.0
2015-12-08,49.41999816894531,50.04999923706055,49.279998779296875,49.630001068115234,26.769176483154297,2761600,0.0,0.0
2015-12-09,49.20000076293945,50.029998779296875,49.119998931884766,49.63999938964844,26.774572372436523,2419000,0.0,0.0
2015-12-10,49.63999938964844,50.29999923706055,49.58000183105469,49.650001525878906,26.779970169067383,3080700,0.0,0.0
2015-12-11,49.22999954223633,49.5,48.61000061035156,48.880001068115234,26.364643096923828,2722700,0.0,0.0
2015-12-14,49.029998779296875,49.779998779296875,48.38999938964844,49.72999954223633,26.82311248779297,2281300,0.0,0.0
2015-12-15,49.95000076293945,50.220001220703125,49.63999938964844,50.0,26.968753814697266,1616300,0.0,0.0
2015-12-16,50.33000183105469,51.29999923706055,50.08000183105469,51.2400016784668,27.637569427490234,2870000,0.0,0.0
2015-12-17,50.810001373291016,50.810001373291016,48.52000045776367,49.0099983215332,26.434772491455078,5653800,0.0,0.0
2015-12-18,48.77000045776367,48.90999984741211,48.099998474121094,48.66999816894531,26.25138282775879,3736500,0.0,0.0
2015-12-21,49.060001373291016,49.09000015258789,48.470001220703125,48.849998474121094,26.34846305847168,3035400,0.0,0.0
2015-12-22,48.93000030517578,49.900001525878906,48.79999923706055,49.779998779296875,26.850082397460938,2878300,0.0,0.0
2015-12-23,49.97999954223633,50.119998931884766,49.54999923706055,50.08000183105469,27.011898040771484,2517400,0.0,0.0
2015-12-24,50.029998779296875,50.290000915527344,49.91999816894531,50.02000045776367,26.979541778564453,692600,0.0,0.0
2015-12-28,49.970001220703125,50.150001525878906,49.40999984741211,49.70000076293945,26.80693244934082,1815000,0.0,0.0
2015-12-29,49.970001220703125,50.2400016784668,49.79999923706055,49.93000030517578,26.93099021911621,1174400,0.0,0.0
2015-12-30,50.029998779296875,50.060001373291016,49.5,49.619998931884766,26.7637882232666,1774100,0.0,0.0
2015-12-31,49.439998626708984,49.58000183105469,48.91999816894531,49.2400016784668,26.558822631835938,1704000,0.0,0.0
2016-01-04,48.279998779296875,48.66999816894531,47.790000915527344,48.650001525878906,26.240591049194336,3344200,0.0,0.0
2016-01-05,48.709999084472656,48.880001068115234,47.29999923706055,47.95000076293945,25.86302947998047,3823700,0.0,0.0
2016-01-06,47.459999084472656,47.90999984741211,47.09000015258789,47.88999938964844,25.83066749572754,3944900,0.0,0.0
2016-01-07,47.40999984741211,47.66999816894531,46.63999938964844,46.970001220703125,25.334440231323242,3253400,0.0,0.0
2016-01-08,47.119998931884766,47.400001525878906,46.369998931884766,46.47999954223633,25.070146560668945,2989000,0.0,0.0
2016-01-11,46.54999923706055,46.900001525878906,46.08000183105469,46.45000076293945,25.053966522216797,1291900,0.0,0.0
2016-01-12,46.599998474121094,47.04999923706055,46.33000183105469,46.880001068115234,25.285898208618164,1278100,0.0,0.0
2016-01-13,46.849998474121094,47.099998474121094,46.15999984741211,46.25,24.946090698242188,2806400,0.0,0.0
2016-01-14,46.209999084472656,46.4900016784668,45.970001220703125,46.18000030517578,24.908334732055664,2185300,0.0,0.0
2016-01-15,45.290000915527344,46.18000030517578,45.2599983215332,45.900001525878906,24.757308959960938,3426300,0.0,0.0
2016-01-19,46.29999923706055,46.52000045776367,46.04999923706055,46.290000915527344,24.96766471862793,2298800,0.0,0.0
2016-01-20,45.720001220703125,46.16999816894531,44.5,45.81999969482422,24.71415901184082,3127900,0.0,0.0
2016-01-21,45.75,45.93000030517578,44.959999084472656,45.15999984741211,24.358177185058594,2862100,0.0,0.0
2016-01-22,45.65999984741211,45.720001220703125,45.15999984741211,45.34000015258789,24.455259323120117,2321800,0.0,0.0
2016-01-25,45.41999816894531,45.91999816894531,45.18000030517578,45.619998931884766,24.60628318786621,2054800,0.0,0.0
2016-01-26,45.650001525878906,46.220001220703125,45.63999938964844,45.88999938964844,24.751916885375977,1690300,0.0,0.0
2016-01-27,45.90999984741211,46.08000183105469,45.15999984741211,45.470001220703125,24.52538299560547,1397900,0.0,0.0
2016-01-28,45.68000030517578,46.220001220703125,45.439998626708984,46.040000915527344,24.832828521728516,1401800,0.0,0.0
2016-01-29,46.27000045776367,46.61000061035156,46.02000045776367,46.41999816894531,25.037782669067383,2167200,0.0,0.0
2016-02-01,46.540000915527344,47.5,46.41999816894531,47.16999816894531,25.44231605529785,2789600,0.0,0.0
2016-02-02,46.720001220703125,46.880001068115234,46.2599983215332,46.34000015258789,24.9946346282959,1289300,0.0,0.0
2016-02-03,46.41999816894531,46.58000183105469,45.61000061035156,46.34000015258789,24.9946346282959,1323900,0.0,0.0
2016-02-04,46.119998931884766,46.7599983215332,46.02000045776367,46.720001220703125,25.19959831237793,2342800,0.0,0.0
2016-02-05,47.41999816894531,47.41999816894531,46.52000045776367,46.720001220703125,25.19959831237793,2470700,0.0,0.0
2016-02-08,46.33000183105469,46.900001525878906,46.11000061035156,46.65999984741211,25.167238235473633,2872400,0.0,0.0
2016-02-09,46.13999938964844,47.900001525878906,46.119998931884766,47.619998931884766,25.685033798217773,2292200,0.0,0.0
2016-02-10,47.72999954223633,47.97999954223633,47.52000045776367,47.56999969482422,25.658069610595703,1623600,0.0,0.0
2016-02-11,46.790000915527344,47.959999084472656,46.40999984741211,47.209999084472656,25.463891983032227,2171200,0.0,0.0
2016-02-12,47.4900016784668,48.2400016784668,46.91999816894531,48.189998626708984,25.992477416992188,1346000,0.0,0.0
2016-02-16,48.599998474121094,49.06999969482422,48.220001220703125,48.77000045776367,26.30531883239746,1485600,0.0,0.0
2016-02-17,49.029998779296875,49.5,48.75,49.060001373291016,26.46173667907715,1937700,0.0,0.0
2016-02-18,48.9900016784668,48.9900016784668,48.4900016784668,48.599998474121094,26.213619232177734,1453200,0.0,0.0
2016-02-19,48.65999984741211,49.209999084472656,48.4900016784668,48.93000030517578,26.391613006591797,1437700,0.0,0.0
2016-02-22,49.209999084472656,49.58000183105469,49.16999816894531,49.380001068115234,26.634334564208984,1511600,0.0,0.0
2016-02-23,49.16999816894531,49.529998779296875,48.86000061035156,49.029998779296875,26.445558547973633,1117300,0.0,0.0
2016-02-24,48.869998931884766,49.5,48.540000915527344,49.470001220703125,26.68288230895996,883300,0.0,0.0
2016-02-25,49.34000015258789,50.130001068115234,49.04999923706055,50.099998474121094,27.02267837524414,1293200,0.0,0.0
2016-02-26,50.029998779296875,50.18000030517578,48.68000030517578,49.09000015258789,26.477909088134766,1595600,0.0,0.0
2016-02-29,49.029998779296875,49.099998474121094,48.5099983215332,48.5099983215332,26.165077209472656,1867800,0.0,0.0
2016-03-01,48.77000045776367,49.25,48.56999969482422,49.02000045776367,26.440153121948242,1567100,0.0,0.0
2016-03-02,48.599998474121094,48.75,48.36000061035156,48.459999084472656,26.29905891418457,1390400,0.3,0.0
2016-03-03,48.38999938964844,49.33000183105469,48.0099983215332,49.22999954223633,26.716936111450195,1238100,0.0,0.0
2016-03-04,49.130001068115234,49.4900016784668,48.90999984741211,49.43000030517578,26.825469970703125,801400,0.0,0.0
2016-03-07,49.279998779296875,49.4900016784668,48.97999954223633,49.09000015258789,26.640954971313477,1971100,0.0,0.0
2016-03-08,49.029998779296875,49.209999084472656,48.650001525878906,48.959999084472656,26.570405960083008,1237100,0.0,0.0
2016-03-09,49.119998931884766,49.709999084472656,48.959999084472656,49.63999938964844,26.939434051513672,884700,0.0,0.0
2016-03-10,49.77000045776367,50.4900016784668,49.58000183105469,50.060001373291016,27.167373657226562,888000,0.0,0.0
2016-03-11,50.349998474121094,50.599998474121094,50.150001525878906,50.349998474121094,27.324756622314453,1204300,0.0,0.0
2016-03-14,50.150001525878906,50.75,50.08000183105469,50.68000030517578,27.503841400146484,1634800,0.0,0.0
2016-03-15,50.279998779296875,50.88999938964844,50.08000183105469,50.2400016784668,27.265058517456055,1465400,0.0,0.0
2016-03-16,49.869998931884766,50.040000915527344,48.79999923706055,49.689998626708984,26.96657371520996,2155100,0.0,0.0
2016-03-17,49.83000183105469,50.40999984741211,49.56999969482422,50.209999084472656,27.2487735748291,2285000,0.0,0.0
2016-03-18,50.22999954223633,50.22999954223633,49.02000045776367,49.54999923706055,26.890600204467773,2956300,0.0,0.0
2016-03-21,49.41999816894531,50.060001373291016,49.2599983215332,49.68000030517578,26.961151123046875,1938900,0.0,0.0
2016-03-22,49.63999938964844,49.81999969482422,49.40999984741211,49.52000045776367,26.87432098388672,838200,0.0,0.0
2016-03-23,49.380001068115234,50.060001373291016,49.13999938964844,49.79999923706055,27.02626609802246,2286600,0.0,0.0
2016-03-24,49.63999938964844,49.939998626708984,49.41999816894531,49.59000015258789,26.912307739257812,3504000,0.0,0.0
2016-03-28,49.779998779296875,50.540000915527344,49.68000030517578,50.04999923706055,27.161951065063477,3116300,0.0,0.0
2016-03-29,50.04999923706055,50.40999984741211,49.970001220703125,50.33000183105469,27.313907623291016,1228100,0.0,0.0
2016-03-30,50.56999969482422,51.130001068115234,50.40999984741211,51.09000015258789,27.726346969604492,1071100,0.0,0.0
2016-03-31,51.209999084472656,51.81999969482422,50.689998626708984,50.7400016784668,27.536407470703125,2792600,0.0,0.0
2016-04-01,50.41999816894531,51.58000183105469,50.380001068115234,51.47999954223633,27.938007354736328,2404500,0.0,0.0
2016-04-04,51.59000015258789,52.15999984741211,51.5099983215332,52.150001525878906,28.30160903930664,3175200,0.0,0.0
2016-04-05,52.02000045776367,52.4900016784668,51.90999984741211,52.02000045776367,28.231060028076172,3508700,0.0,0.0
2016-04-06,51.84000015258789,52.779998779296875,51.84000015258789,52.68000030517578,28.5892391204834,2312600,0.0,0.0
2016-04-07,52.52000045776367,52.619998931884766,52.150001525878906,52.400001525878906,28.437286376953125,2371700,0.0,0.0
2016-04-08,52.630001068115234,52.86000061035156,52.40999984741211,52.540000915527344,28.513263702392578,1392800,0.0,0.0
2016-04-11,52.790000915527344,53.20000076293945,52.54999923706055,52.630001068115234,28.562101364135742,2298600,0.0,0.0
2016-04-12,52.79999923706055,53.04999923706055,52.58000183105469,52.81999969482422,28.665220260620117,2817400,0.0,0.0
2016-04-13,53.09000015258789,53.09000015258789,52.63999938964844,52.970001220703125,28.74662208557129,2267500,0.0,0.0
2016-04-14,53.939998626708984,54.540000915527344,53.36000061035156,53.470001220703125,29.01796531677246,4124600,0.0,0.0
2016-04-15,53.529998779296875,53.779998779296875,53.310001373291016,53.66999816894531,29.12649917602539,1519900,0.0,0.0
2016-04-18,53.58000183105469,53.79999923706055,53.36000061035156,53.59000015258789,29.08309555053711,1143200,0.0,0.0
2016-04-19,53.81999969482422,53.849998474121094,53.560001373291016,53.779998779296875,29.186201095581055,1267800,0.0,0.0
2016-04-20,53.290000915527344,53.290000915527344,52.36000061035156,52.83000183105469,28.670642852783203,3087400,0.0,0.0
2016-04-21,53.0,53.0,51.68000030517578,51.7400016784668,28.079105377197266,3051500,0.0,0.0
2016-04-22,51.77000045776367,52.029998779296875,51.540000915527344,51.83000183105469,28.127948760986328,1888300,0.0,0.0
2016-04-25,51.720001220703125,52.310001373291016,51.70000076293945,51.939998626708984,28.187641143798828,1910500,0.0,0.0
2016-04-26,51.939998626708984,52.29999923706055,51.58000183105469,51.65999984741211,28.03567886352539,2601300,0.0,0.0
2016-04-27,51.869998931884766,52.279998779296875,51.66999816894531,51.959999084472656,28.198497772216797,2620500,0.0,0.0
2016-04-28,53.34000015258789,54.220001220703125,53.119998931884766,53.900001525878906,29.251331329345703,3116800,0.0,0.0
2016-04-29,53.650001525878906,53.93000030517578,52.369998931884766,52.47999954223633,28.48069953918457,3311100,0.0,0.0
2016-05-02,52.470001220703125,52.810001373291016,52.0,52.310001373291016,28.388439178466797,2629300,0.0,0.0
2016-05-03,52.099998474121094,52.31999969482422,51.77000045776367,52.16999816894531,28.312463760375977,1658000,0.0,0.0
2016-05-04,52.0,52.93000030517578,51.79999923706055,52.81999969482422,28.665220260620117,2758000,0.0,0.0
2016-05-05,52.61000061035156,53.54999923706055,52.52000045776367,53.380001068115234,28.96912956237793,3428000,0.0,0.0
2016-05-06,53.33000183105469,54.060001373291016,53.09000015258789,54.04999923706055,29.332727432250977,2035200,0.0,0.0
2016-05-09,53.75,53.97999954223633,53.290000915527344,53.599998474121094,29.088520050048828,2343800,0.0,0.0
2016-05-10,53.79999923706055,54.16999816894531,53.529998779296875,54.119998931884766,29.370723724365234,2241200,0.0,0.0
2016-05-11,54.20000076293945,54.369998931884766,53.97999954223633,54.0,29.305599212646484,1548600,0.0,0.0
2016-05-12,54.20000076293945,54.20000076293945,53.540000915527344,53.79999923706055,29.197053909301758,3767400,0.0,0.0
2016-05-13,53.650001525878906,53.70000076293945,52.81999969482422,52.84000015258789,28.67606544494629,1768800,0.0,0.0
2016-05-16,52.540000915527344,53.099998474121094,52.540000915527344,52.7400016784668,28.785234451293945,1551400,0.3,0.0
2016-05-17,52.790000915527344,52.97999954223633,51.83000183105469,51.939998626708984,28.34858512878418,3195000,0.0,0.0
2016-05-18,51.709999084472656,51.75,50.709999084472656,51.02000045776367,27.846460342407227,1967200,0.0,0.0
2016-05-19,50.77000045776367,50.849998474121094,50.08000183105469,50.689998626708984,27.666343688964844,2749900,0.0,0.0
2016-05-20,51.130001068115234,51.189998626708984,50.45000076293945,50.70000076293945,27.671810150146484,2263600,0.0,0.0
2016-05-23,50.58000183105469,51.11000061035156,49.7599983215332,50.099998474121094,27.34432601928711,5293600,0.0,0.0
2016-05-24,50.20000076293945,51.20000076293945,50.15999984741211,50.9900016784668,27.830087661743164,8751600,0.0,0.0
2016-05-25,50.79999923706055,51.7400016784668,50.65999984741211,51.290000915527344,27.993825912475586,11915200,0.0,0.0
2016-05-26,51.33000183105469,51.400001525878906,50.54999923706055,50.86000061035156,27.759132385253906,11770400,0.0,0.0
2016-05-27,50.83000183105469,52.279998779296875,50.810001373291016,51.54999923706055,28.135730743408203,62250400,0.0,0.0
2016-05-31,37.790000915527344,39.5,37.72999954223633,38.810001373291016,29.472274780273438,24077700,14.5,0.0
2016-06-01,39.400001525878906,39.77000045776367,38.83000183105469,39.2599983215332,29.814002990722656,20296900,0.0,0.0
2016-06-02,39.72999954223633,40.099998474121094,39.2599983215332,39.5,29.996259689331055,11670100,0.0,0.0
2016-06-03,39.709999084472656,40.349998474121094,39.5099983215332,40.130001068115234,30.47468376159668,6974200,0.0,0.0
2016-06-06,40.290000915527344,40.31999969482422,39.380001068115234,39.47999954223633,29.98107147216797,6174600,0.0,0.0
2016-06-07,39.29999923706055,39.779998779296875,39.20000076293945,39.619998931884766,30.087379455566406,5495800,0.0,0.0
2016-06-08,39.630001068115234,40.0099983215332,39.59000015258789,39.95000076293945,30.33798599243164,4179700,0.0,0.0
2016-06-09,39.84000015258789,40.0,39.34000015258789,39.5,29.996259689331055,5063700,0.0,0.0
2016-06-10,38.9900016784668,39.0,38.25,38.54999923706055,29.274829864501953,5856500,0.0,0.0
2016-06-13,38.61000061035156,38.66999816894531,37.95000076293945,37.970001220703125,28.834373474121094,3642300,0.0,0.0
2016-06-14,37.91999816894531,37.939998626708984,37.31999969482422,37.38999938964844,28.3939266204834,5376000,0.0,0.0
2016-06-15,37.45000076293945,37.650001525878906,37.189998626708984,37.2599983215332,28.295204162597656,3198800,0.0,0.0
2016-06-16,36.84000015258789,37.310001373291016,36.779998779296875,37.25,28.287609100341797,3277600,0.0,0.0
2016-06-17,37.439998626708984,37.630001068115234,37.02000045776367,37.470001220703125,28.454681396484375,5018000,0.0,0.0
2016-06-20,38.0,38.90999984741211,37.86000061035156,37.86000061035156,28.75084114074707,3755500,0.0,0.0
2016-06-21,38.16999816894531,38.20000076293945,37.540000915527344,37.540000915527344,28.507835388183594,3012900,0.0,0.0
2016-06-22,37.70000076293945,37.779998779296875,37.2400016784668,37.349998474121094,28.36355209350586,3501100,0.0,0.0
2016-06-23,37.7599983215332,38.0,37.119998931884766,37.66999816894531,28.606557846069336,6305200,0.0,0.0
2016-06-24,35.220001220703125,36.13999938964844,34.72999954223633,35.06999969482422,26.632118225097656,9703000,0.0,0.0
2016-06-27,34.790000915527344,34.79999923706055,33.939998626708984,33.95000076293945,25.781593322753906,6309600,0.0,0.0
2016-06-28,34.459999084472656,34.470001220703125,33.66999816894531,33.83000183105469,25.69046974182129,5365000,0.0,0.0
2016-06-29,34.25,35.33000183105469,34.20000076293945,34.869998931884766,26.48023796081543,6479900,0.0,0.0
2016-06-30,35.2599983215332,35.72999954223633,35.02000045776367,35.689998626708984,27.10294532775879,4068100,0.0,0.0
2016-07-01,35.63999938964844,35.7599983215332,35.15999984741211,35.310001373291016,26.81437110900879,2400400,0.0,0.0
2016-07-05,35.58000183105469,35.59000015258789,34.779998779296875,34.849998474121094,26.465049743652344,2557500,0.0,0.0
2016-07-06,34.75,34.84000015258789,34.220001220703125,34.790000915527344,26.41949462890625,2898700,0.0,0.0
2016-07-07,35.08000183105469,35.63999938964844,35.08000183105469,35.58000183105469,27.01941680908203,6326200,0.0,0.0
2016-07-08,36.02000045776367,36.06999969482422,35.45000076293945,35.72999954223633,27.13332176208496,4310800,0.0,0.0
2016-07-11,36.02000045776367,36.029998779296875,35.61000061035156,35.68000030517578,27.095352172851562,3283700,0.0,0.0
2016-07-12,35.97999954223633,36.119998931884766,35.72999954223633,35.95000076293945,27.300395965576172,4253700,0.0,0.0
2016-07-13,35.81999969482422,36.11000061035156,35.81999969482422,36.0099983215332,27.345958709716797,2404000,0.0,0.0
2016-07-14,36.27000045776367,36.79999923706055,36.209999084472656,36.599998474121094,27.79399871826172,2534600,0.0,0.0
2016-07-15,36.54999923706055,36.689998626708984,36.4900016784668,36.619998931884766,27.809188842773438,2517600,0.0,0.0
2016-07-18,36.68000030517578,37.029998779296875,36.65999984741211,37.0,28.097763061523438,2182600,0.0,0.0
2016-07-19,37.439998626708984,37.95000076293945,37.2599983215332,37.5,28.477466583251953,4321300,0.0,0.0
2016-07-20,37.900001525878906,38.02000045776367,37.5,37.88999938964844,28.773622512817383,3032400,0.0,0.0
2016-07-21,38.02000045776367,38.11000061035156,37.880001068115234,38.06999969482422,28.910316467285156,2440800,0.0,0.0
2016-07-22,38.09000015258789,38.40999984741211,37.939998626708984,38.25,29.04701805114746,1682600,0.0,0.0
2016-07-25,38.25,38.349998474121094,38.029998779296875,38.08000183105469,28.917917251586914,2496900,0.0,0.0
2016-07-26,38.380001068115234,38.40999984741211,37.959999084472656,38.209999084472656,29.016633987426758,2744300,0.0,0.0
2016-07-27,38.220001220703125,38.22999954223633,37.349998474121094,37.5,28.477466583251953,1642000,0.0,0.0
2016-07-28,37.720001220703125,37.83000183105469,37.2599983215332,37.54999923706055,28.515432357788086,1131300,0.0,0.0
2016-07-29,37.650001525878906,37.66999816894531,37.13999938964844,37.33000183105469,28.348360061645508,1281600,0.0,0.0
2016-08-01,37.7400016784668,38.31999969482422,37.5099983215332,37.95000076293945,28.819190979003906,2318400,0.0,0.0
2016-08-02,38.15999984741211,38.189998626708984,36.959999084472656,37.0099983215332,28.105356216430664,2330800,0.0,0.0
2016-08-03,36.84000015258789,36.84000015258789,36.4900016784668,36.630001068115234,27.81678581237793,1350000,0.0,0.0
2016-08-04,36.58000183105469,36.7599983215332,36.47999954223633,36.72999954223633,27.89272117614746,1387400,0.0,0.0
2016-08-05,36.79999923706055,37.119998931884766,36.689998626708984,36.689998626708984,27.862346649169922,1811600,0.0,0.0
2016-08-08,36.790000915527344,36.880001068115234,36.47999954223633,36.79999923706055,27.94588279724121,2478700,0.0,0.0
2016-08-09,37.0099983215332,37.41999816894531,36.939998626708984,37.400001525878906,28.401519775390625,1889100,0.0,0.0
2016-08-10,37.34000015258789,37.939998626708984,37.310001373291016,37.83000183105469,28.728073120117188,1938500,0.0,0.0
2016-08-11,38.08000183105469,38.470001220703125,37.97999954223633,38.40999984741211,29.16851234436035,3097500,0.0,0.0
2016-08-12,38.209999084472656,38.630001068115234,38.16999816894531,38.54999923706055,29.274829864501953,3629300,0.0,0.0
2016-08-15,38.45000076293945,38.970001220703125,38.439998626708984,38.720001220703125,29.4039363861084,2137700,0.0,0.0
2016-08-16,38.439998626708984,38.81999969482422,38.220001220703125,38.220001220703125,29.024227142333984,1264200,0.0,0.0
2016-08-17,38.220001220703125,38.279998779296875,37.709999084472656,38.2400016784668,29.039413452148438,3021900,0.0,0.0
2016-08-18,38.2400016784668,38.54999923706055,37.9900016784668,38.220001220703125,29.024227142333984,1793800,0.0,0.0
2016-08-19,38.220001220703125,38.38999938964844,38.02000045776367,38.15999984741211,28.978662490844727,793800,0.0,0.0
2016-08-22,38.08000183105469,38.349998474121094,37.849998474121094,38.25,29.04701805114746,1883500,0.0,0.0
2016-08-23,38.400001525878906,38.560001373291016,38.209999084472656,38.310001373291016,29.092580795288086,1118700,0.0,0.0
2016-08-24,38.22999954223633,38.400001525878906,38.13999938964844,38.36000061035156,29.130544662475586,1994400,0.0,0.0
2016-08-25,38.470001220703125,38.709999084472656,38.380001068115234,38.41999816894531,29.176103591918945,2167200,0.0,0.0
2016-08-26,38.75,39.380001068115234,38.56999969482422,38.61000061035156,29.320392608642578,4519400,0.0,0.0
2016-08-29,38.84000015258789,38.869998931884766,38.599998474121094,38.65999984741211,29.35836410522461,2023100,0.0,0.0
2016-08-30,38.810001373291016,38.810001373291016,38.130001068115234,38.15999984741211,28.978662490844727,1310100,0.0,0.0
2016-08-31,38.0,38.470001220703125,37.84000015258789,38.45000076293945,29.198896408081055,1919600,0.0,0.0
2016-09-01,38.18000030517578,38.380001068115234,37.790000915527344,38.34000015258789,29.1153564453125,2411900,0.0,0.0
2016-09-02,38.290000915527344,38.9900016784668,38.2400016784668,38.970001220703125,29.593772888183594,2048600,0.0,0.0
2016-09-06,39.0,39.31999969482422,38.45000076293945,39.2599983215332,29.814002990722656,2701500,0.0,0.0
2016-09-07,39.68000030517578,40.369998931884766,39.65999984741211,40.15999984741211,30.497461318969727,4502700,0.0,0.0
2016-09-08,40.779998779296875,41.20000076293945,40.65999984741211,41.150001525878906,31.249267578125,5102900,0.0,0.0
2016-09-09,40.470001220703125,40.779998779296875,40.33000183105469,40.43000030517578,30.702497482299805,3524700,0.0,0.0
2016-09-12,40.2599983215332,41.290000915527344,40.20000076293945,41.0,31.135360717773438,3951900,0.0,0.0
2016-09-13,40.59000015258789,40.720001220703125,39.72999954223633,39.75,30.186105728149414,3580200,0.0,0.0
2016-09-14,39.65999984741211,39.880001068115234,39.45000076293945,39.650001525878906,30.11016845703125,1409900,0.0,0.0
2016-09-15,39.25,39.81999969482422,39.2400016784668,39.7400016784668,30.17851448059082,1358800,0.0,0.0
2016-09-16,39.13999938964844,39.400001525878906,39.08000183105469,39.27000045776367,29.82159423828125,1782100,0.0,0.0
2016-09-19,39.02000045776367,39.529998779296875,38.970001220703125,39.349998474121094,29.882343292236328,1301100,0.0,0.0
2016-09-20,39.4900016784668,39.869998931884766,39.36000061035156,39.75,30.186105728149414,2274500,0.0,0.0
2016-09-21,39.560001373291016,39.810001373291016,39.22999954223633,39.70000076293945,30.148141860961914,3053400,0.0,0.0
2016-09-22,40.400001525878906,40.959999084472656,40.099998474121094,40.220001220703125,30.543025970458984,2690500,0.0,0.0
2016-09-23,39.560001373291016,40.290000915527344,39.52000045776367,40.22999954223633,30.550628662109375,3149400,0.0,0.0
2016-09-26,39.95000076293945,40.06999969482422,39.38999938964844,39.52000045776367,30.011445999145508,3069300,0.0,0.0
2016-09-27,39.11000061035156,39.59000015258789,38.95000076293945,39.400001525878906,29.920312881469727,1657900,0.0,0.0
2016-09-28,39.560001373291016,39.650001525878906,39.08000183105469,39.349998474121094,29.882343292236328,2514300,0.0,0.0
2016-09-29,39.41999816894531,39.52000045776367,39.029998779296875,39.029998779296875,29.783151626586914,1538900,0.19,0.0
2016-09-30,39.310001373291016,40.16999816894531,39.02000045776367,39.900001525878906,30.447032928466797,2329600,0.0,0.0
2016-10-03,39.95000076293945,40.0099983215332,38.93000030517578,39.0,29.760257720947266,2032600,0.0,0.0
2016-10-04,38.900001525878906,38.970001220703125,38.47999954223633,38.619998931884766,29.470291137695312,2034300,0.0,0.0
2016-10-05,38.75,39.099998474121094,38.630001068115234,39.0099983215332,29.767887115478516,1797500,0.0,0.0
2016-10-06,38.869998931884766,39.27000045776367,38.79999923706055,39.25,29.951026916503906,670400,0.0,0.0
2016-10-07,38.93000030517578,39.04999923706055,38.54999923706055,38.849998474121094,29.645795822143555,2277000,0.0,0.0
2016-10-10,38.290000915527344,38.47999954223633,37.83000183105469,37.869998931884766,28.897972106933594,3238600,0.0,0.0
2016-10-11,37.63999938964844,37.880001068115234,37.45000076293945,37.869998931884766,28.897972106933594,2622000,0.0,0.0
2016-10-12,37.7400016784668,38.13999938964844,37.529998779296875,38.11000061035156,29.08110809326172,1306900,0.0,0.0
2016-10-13,37.720001220703125,38.15999984741211,37.439998626708984,38.0,28.99717140197754,1123400,0.0,0.0
2016-10-14,37.86000061035156,38.11000061035156,37.75,37.970001220703125,28.97427749633789,1297900,0.0,0.0
2016-10-17,37.90999984741211,38.040000915527344,37.59000015258789,37.59000015258789,28.68430519104004,601500,0.0,0.0
2016-10-18,37.4900016784668,38.16999816894531,37.43000030517578,38.029998779296875,29.020061492919922,926100,0.0,0.0
2016-10-19,37.900001525878906,38.15999984741211,37.75,38.08000183105469,29.058225631713867,957600,0.0,0.0
2016-10-20,37.970001220703125,38.15999984741211,37.7599983215332,37.900001525878906,28.92086410522461,846000,0.0,0.0
2016-10-21,37.880001068115234,37.97999954223633,37.650001525878906,37.83000183105469,28.867456436157227,635800,0.0,0.0
2016-10-24,38.0,38.2599983215332,37.86000061035156,38.0,28.99717140197754,542700,0.0,0.0
2016-10-25,37.900001525878906,38.060001373291016,37.41999816894531,37.900001525878906,28.92086410522461,1025900,0.0,0.0
2016-10-26,37.7599983215332,38.58000183105469,37.709999084472656,38.20000076293945,29.149791717529297,1719300,0.0,0.0
2016-10-27,38.0,38.209999084472656,37.619998931884766,38.02000045776367,29.012434005737305,1738400,0.0,0.0
2016-10-28,38.2599983215332,38.369998931884766,37.970001220703125,38.2400016784668,29.180301666259766,828900,0.0,0.0
2016-10-31,38.279998779296875,38.5,38.16999816894531,38.439998626708984,29.332927703857422,773500,0.0,0.0
2016-11-01,38.189998626708984,38.540000915527344,38.08000183105469,38.529998779296875,29.401599884033203,1433100,0.0,0.0
2016-11-02,38.43000030517578,38.880001068115234,38.369998931884766,38.75,29.569486618041992,969300,0.0,0.0
2016-11-03,38.61000061035156,38.939998626708984,38.529998779296875,38.7400016784668,29.561853408813477,1466900,0.0,0.0
2016-11-04,38.15999984741211,38.36000061035156,37.81999969482422,37.91999816894531,28.93612289428711,1528900,0.0,0.0
2016-11-07,37.95000076293945,38.59000015258789,37.95000076293945,38.560001373291016,29.424495697021484,1236000,0.0,0.0
2016-11-08,38.310001373291016,39.349998474121094,38.310001373291016,39.040000915527344,29.790775299072266,1067900,0.0,0.0
2016-11-09,38.5,38.59000015258789,38.0099983215332,38.27000045776367,29.203203201293945,1534600,0.0,0.0
2016-11-10,37.119998931884766,37.13999938964844,34.7599983215332,34.91999816894531,26.646873474121094,5671000,0.0,0.0
2016-11-11,34.939998626708984,35.68000030517578,34.31999969482422,35.470001220703125,27.06656837463379,2641800,0.0,0.0
2016-11-14,35.11000061035156,35.33000183105469,34.810001373291016,35.06999969482422,26.761333465576172,3034900,0.0,0.0
2016-11-15,34.97999954223633,35.22999954223633,34.81999969482422,35.130001068115234,26.80712127685547,2193600,0.0,0.0
2016-11-16,34.849998474121094,35.11000061035156,34.68000030517578,34.709999084472656,26.486623764038086,1946200,0.0,0.0
2016-11-17,34.529998779296875,34.939998626708984,34.029998779296875,34.06999969482422,25.998254776000977,2172600,0.0,0.0
2016-11-18,34.040000915527344,34.16999816894531,33.689998626708984,33.72999954223633,25.738800048828125,2205300,0.0,0.0
2016-11-21,33.7400016784668,34.2400016784668,33.61000061035156,33.959999084472656,25.91431427001953,1879300,0.0,0.0
2016-11-22,34.189998626708984,34.400001525878906,33.709999084472656,33.72999954223633,25.738800048828125,2335500,0.0,0.0
2016-11-23,33.720001220703125,33.720001220703125,33.20000076293945,33.2400016784668,25.364898681640625,2028600,0.0,0.0
2016-11-25,33.779998779296875,33.81999969482422,33.33000183105469,33.4900016784668,25.555665969848633,1673000,0.0,0.0
2016-11-28,33.650001525878906,33.709999084472656,33.380001068115234,33.470001220703125,25.540407180786133,1715600,0.0,0.0
2016-11-29,33.529998779296875,33.54999923706055,32.939998626708984,33.0099983215332,25.189380645751953,1704700,0.0,0.0
2016-11-30,33.20000076293945,33.2400016784668,32.45000076293945,32.459999084472656,24.76969337463379,2809400,0.0,0.0
2016-12-01,32.56999969482422,32.56999969482422,31.3700008392334,31.399999618530273,23.9608211517334,2295200,0.0,0.0
2016-12-02,31.809999465942383,32.0,31.420000076293945,31.520000457763672,24.05238914489746,3702400,0.0,0.0
2016-12-05,31.899999618530273,31.959999084472656,31.479999542236328,31.59000015258789,24.105806350708008,2220500,0.0,0.0
2016-12-06,31.350000381469727,31.43000030517578,30.549999237060547,31.309999465942383,23.89214324951172,9273100,0.0,0.0
2016-12-07,31.450000762939453,32.09000015258789,31.399999618530273,32.04999923706055,24.456829071044922,2881300,0.0,0.0
2016-12-08,31.5,31.809999465942383,31.360000610351562,31.639999389648438,24.143959045410156,1829400,0.0,0.0
2016-12-09,31.649999618530273,32.540000915527344,31.649999618530273,32.29999923706055,24.64759635925293,2558000,0.0,0.0
2016-12-12,32.380001068115234,32.72999954223633,32.0,32.130001068115234,24.517871856689453,2787800,0.0,0.0
2016-12-13,32.15999984741211,32.15999984741211,31.479999542236328,31.829999923706055,24.28894805908203,1724400,0.0,0.0
2016-12-14,32.02000045776367,32.11000061035156,31.579999923706055,31.579999923706055,24.098176956176758,1906400,0.0,0.0
2016-12-15,31.18000030517578,32.36000061035156,31.010000228881836,32.150001525878906,24.53313636779785,1847600,0.0,0.0
2016-12-16,32.349998474121094,32.5099983215332,32.16999816894531,32.470001220703125,24.777320861816406,1421000,0.0,0.0
2016-12-19,32.18000030517578,32.560001373291016,32.16999816894531,32.40999984741211,24.731534957885742,1312600,0.0,0.0
2016-12-20,32.20000076293945,32.369998931884766,32.08000183105469,32.2400016784668,24.60181427001953,1420100,0.0,0.0
2016-12-21,32.310001373291016,32.56999969482422,32.29999923706055,32.400001525878906,24.72390365600586,1117800,0.0,0.0
2016-12-22,32.29999923706055,32.38999938964844,32.209999084472656,32.290000915527344,24.639965057373047,947600,0.0,0.0
2016-12-23,32.18000030517578,32.34000015258789,31.959999084472656,32.189998626708984,24.56365394592285,981400,0.0,0.0
2016-12-27,32.189998626708984,32.290000915527344,31.90999984741211,31.90999984741211,24.349990844726562,632700,0.0,0.0
2016-12-28,31.56999969482422,31.8700008392334,31.520000457763672,31.6200008392334,24.26405143737793,709900,0.178,0.0
2016-12-29,31.729999542236328,31.809999465942383,31.559999465942383,31.579999923706055,24.233352661132812,604700,0.0,0.0
2016-12-30,31.600000381469727,31.700000762939453,31.190000534057617,31.399999618530273,24.095226287841797,1592700,0.0,0.0
2017-01-03,31.15999984741211,31.489999771118164,31.09000015258789,31.3700008392334,24.072208404541016,2219700,0.0,0.0
2017-01-04,31.579999923706055,31.700000762939453,31.450000762939453,31.59000015258789,24.24102783203125,1113100,0.0,0.0
2017-01-05,31.700000762939453,31.959999084472656,31.600000381469727,31.950000762939453,24.51727867126465,1781000,0.0,0.0
2017-01-06,31.979999542236328,32.08000183105469,31.75,31.93000030517578,24.501930236816406,2405500,0.0,0.0
2017-01-09,32.029998779296875,32.09000015258789,31.700000762939453,31.959999084472656,24.524953842163086,985600,0.0,0.0
2017-01-10,32.36000061035156,32.439998626708984,31.450000762939453,31.5,24.171968460083008,1377100,0.0,0.0
2017-01-11,32.220001220703125,32.84000015258789,31.8700008392334,32.5,24.939327239990234,2540700,0.0,0.0
2017-01-12,32.66999816894531,32.75,32.220001220703125,32.2400016784668,24.739818572998047,1078500,0.0,0.0
2017-01-13,32.29999923706055,32.400001525878906,31.969999313354492,32.150001525878906,24.67074966430664,1090500,0.0,0.0
2017-01-17,32.189998626708984,32.59000015258789,31.959999084472656,32.209999084472656,24.716794967651367,2929200,0.0,0.0
2017-01-18,32.52000045776367,33.02000045776367,32.209999084472656,32.97999954223633,25.307662963867188,3065100,0.0,0.0
2017-01-19,33.130001068115234,33.939998626708984,33.09000015258789,33.86000061035156,25.98294448852539,5042600,0.0,0.0
2017-01-20,34.0099983215332,34.11000061035156,33.689998626708984,34.029998779296875,26.113393783569336,2005100,0.0,0.0
2017-01-23,34.029998779296875,34.27000045776367,33.91999816894531,34.25,26.282217025756836,1454400,0.0,0.0
2017-01-24,34.36000061035156,35.060001373291016,34.22999954223633,34.54999923706055,26.512422561645508,2927000,0.0,0.0
2017-01-25,34.58000183105469,34.880001068115234,34.5,34.810001373291016,26.711933135986328,2817300,0.0,0.0
2017-01-26,34.77000045776367,34.95000076293945,34.38999938964844,34.43000030517578,26.420345306396484,1378000,0.0,0.0
2017-01-27,34.56999969482422,34.689998626708984,34.279998779296875,34.33000183105469,26.343603134155273,921700,0.0,0.0
2017-01-30,34.099998474121094,34.27000045776367,33.88999938964844,34.130001068115234,26.19013023376465,1123400,0.0,0.0
2017-01-31,34.52000045776367,34.650001525878906,34.130001068115234,34.529998779296875,26.4970760345459,1470300,0.0,0.0
2017-02-01,34.59000015258789,34.93000030517578,34.279998779296875,34.7400016784668,26.658227920532227,1052200,0.0,0.0
2017-02-02,34.75,35.11000061035156,34.66999816894531,34.95000076293945,26.819366455078125,1082700,0.0,0.0
2017-02-03,35.029998779296875,35.099998474121094,34.790000915527344,34.83000183105469,26.727285385131836,616800,0.0,0.0
2017-02-06,34.790000915527344,35.209999084472656,34.709999084472656,35.119998931884766,26.9498233795166,888300,0.0,0.0
2017-02-07,34.959999084472656,35.38999938964844,34.959999084472656,35.33000183105469,27.11097526550293,2441100,0.0,0.0
2017-02-08,35.27000045776367,35.70000076293945,35.220001220703125,35.650001525878906,27.356523513793945,1808600,0.0,0.0
2017-02-09,35.650001525878906,35.70000076293945,35.060001373291016,35.15999984741211,26.98051643371582,1702500,0.0,0.0
2017-02-10,35.0099983215332,35.11000061035156,34.86000061035156,35.029998779296875,26.880760192871094,2010700,0.0,0.0
2017-02-13,35.22999954223633,35.41999816894531,35.09000015258789,35.20000076293945,27.01120948791504,731100,0.0,0.0
2017-02-14,35.11000061035156,35.150001525878906,34.84000015258789,35.09000015258789,26.92680549621582,923100,0.0,0.0
2017-02-15,34.79999923706055,35.5,34.779998779296875,35.459999084472656,27.21072006225586,1306900,0.0,0.0
2017-02-16,35.36000061035156,35.5,35.13999938964844,35.45000076293945,27.203052520751953,980300,0.0,0.0
2017-02-17,35.529998779296875,35.77000045776367,35.380001068115234,35.400001525878906,27.164688110351562,1090200,0.0,0.0
2017-02-21,35.349998474121094,35.470001220703125,35.220001220703125,35.38999938964844,27.157014846801758,1530300,0.0,0.0
2017-02-22,35.43000030517578,35.70000076293945,35.2599983215332,35.59000015258789,27.310482025146484,537800,0.0,0.0
2017-02-23,35.630001068115234,35.9900016784668,35.5099983215332,35.599998474121094,27.31815528869629,778100,0.0,0.0
2017-02-24,35.279998779296875,35.279998779296875,34.68000030517578,34.95000076293945,26.819366455078125,1052800,0.0,0.0
2017-02-27,34.939998626708984,35.099998474121094,34.790000915527344,35.0,26.857736587524414,638300,0.0,0.0
2017-02-28,34.77000045776367,35.18000030517578,34.650001525878906,34.689998626708984,26.619855880737305,1078000,0.0,0.0
2017-03-01,34.75,35.119998931884766,34.41999816894531,34.4900016784668,26.466381072998047,1355800,0.0,0.0
2017-03-02,34.5,34.810001373291016,34.40999984741211,34.599998474121094,26.550792694091797,985800,0.0,0.0
2017-03-03,34.5099983215332,35.189998626708984,34.36000061035156,35.130001068115234,26.95749282836914,869400,0.0,0.0
2017-03-06,35.09000015258789,35.09000015258789,34.709999084472656,34.939998626708984,26.81169319152832,605900,0.0,0.0
2017-03-07,35.0,35.4900016784668,35.0,35.38999938964844,27.157014846801758,1047300,0.0,0.0
2017-03-08,35.33000183105469,35.720001220703125,35.15999984741211,35.47999954223633,27.22606658935547,703800,0.0,0.0
2017-03-09,35.400001525878906,35.529998779296875,35.08000183105469,35.36000061035156,27.133989334106445,1974600,0.0,0.0
2017-03-10,35.650001525878906,35.77000045776367,35.56999969482422,35.68000030517578,27.379541397094727,729300,0.0,0.0
2017-03-13,35.79999923706055,35.970001220703125,35.63999938964844,35.75,27.433258056640625,2029400,0.0,0.0
2017-03-14,35.52000045776367,35.54999923706055,35.34000015258789,35.45000076293945,27.203052520751953,1089200,0.0,0.0
2017-03-15,35.47999954223633,36.08000183105469,35.459999084472656,35.93000030517578,27.57138442993164,2808500,0.0,0.0
2017-03-16,36.040000915527344,36.209999084472656,35.880001068115234,36.20000076293945,27.778573989868164,1168600,0.0,0.0
2017-03-17,36.36000061035156,36.38999938964844,35.970001220703125,36.06999969482422,27.678821563720703,1863100,0.0,0.0
2017-03-20,36.16999816894531,36.2400016784668,35.849998474121094,36.0099983215332,27.632776260375977,1522900,0.0,0.0
2017-03-21,36.0,36.95000076293945,35.77000045776367,36.380001068115234,27.916696548461914,2101400,0.0,0.0
2017-03-22,36.56999969482422,36.93000030517578,36.31999969482422,36.90999984741211,28.32340431213379,1393000,0.0,0.0
2017-03-23,36.84000015258789,37.54999923706055,36.77000045776367,37.400001525878906,28.699411392211914,2137000,0.0,0.0
2017-03-24,37.18000030517578,37.88999938964844,37.18000030517578,37.689998626708984,28.921951293945312,2086600,0.0,0.0
2017-03-27,37.65999984741211,38.04999923706055,37.540000915527344,37.779998779296875,28.991008758544922,1712100,0.0,0.0
2017-03-28,37.91999816894531,38.2400016784668,37.790000915527344,37.91999816894531,29.098440170288086,1599900,0.0,0.0
2017-03-29,37.9900016784668,38.0,37.40999984741211,37.650001525878906,28.89124870300293,2757300,0.0,0.0
2017-03-30,37.849998474121094,37.880001068115234,37.470001220703125,37.70000076293945,28.92962074279785,1373500,0.0,0.0
2017-03-31,37.7599983215332,37.77000045776367,37.470001220703125,37.689998626708984,28.921951293945312,1264900,0.0,0.0
2017-04-03,37.63999938964844,37.63999938964844,37.16999816894531,37.52000045776367,28.791492462158203,893000,0.0,0.0
2017-04-04,37.54999923706055,37.70000076293945,37.209999084472656,37.689998626708984,28.921951293945312,1754600,0.0,0.0
2017-04-05,37.66999816894531,37.84000015258789,37.459999084472656,37.4900016784668,28.768468856811523,1471100,0.0,0.0
2017-04-06,37.40999984741211,37.47999954223633,37.09000015258789,37.099998474121094,28.64032554626465,1333400,0.224,0.0
2017-04-07,37.25,37.369998931884766,36.93000030517578,36.9900016784668,28.555410385131836,674700,0.0,0.0
2017-04-10,37.310001373291016,37.43000030517578,37.060001373291016,37.09000015258789,28.632612228393555,951500,0.0,0.0
2017-04-11,37.2599983215332,37.27000045776367,37.0,37.209999084472656,28.72524070739746,756800,0.0,0.0
2017-04-12,37.18000030517578,37.310001373291016,37.0,37.15999984741211,28.686641693115234,1329700,0.0,0.0
2017-04-13,37.25,37.38999938964844,37.099998474121094,37.349998474121094,28.83331871032715,943700,0.0,0.0
2017-04-17,37.43000030517578,37.66999816894531,37.2599983215332,37.66999816894531,29.080350875854492,564200,0.0,0.0
2017-04-18,37.70000076293945,38.119998931884766,37.619998931884766,38.11000061035156,29.42002296447754,1294700,0.0,0.0
2017-04-19,38.040000915527344,38.11000061035156,37.83000183105469,37.959999084472656,29.304224014282227,1016100,0.0,0.0
2017-04-20,37.939998626708984,38.08000183105469,37.66999816894531,37.68000030517578,29.088077545166016,1211800,0.0,0.0
2017-04-21,37.61000061035156,37.66999816894531,37.279998779296875,37.349998474121094,28.83331871032715,1252900,0.0,0.0
2017-04-24,38.29999923706055,38.56999969482422,38.0,38.099998474121094,29.41229820251465,1716000,0.0,0.0
2017-04-25,38.310001373291016,38.66999816894531,38.02000045776367,38.619998931884766,29.813732147216797,1765900,0.0,0.0
2017-04-26,38.63999938964844,38.779998779296875,38.22999954223633,38.2400016784668,29.5203857421875,1528700,0.0,0.0
2017-04-27,38.400001525878906,38.45000076293945,37.959999084472656,37.9900016784668,29.327383041381836,1134300,0.0,0.0
2017-04-28,37.7599983215332,38.630001068115234,37.7400016784668,38.619998931884766,29.813732147216797,1516100,0.0,0.0
2017-05-01,38.650001525878906,38.70000076293945,38.22999954223633,38.279998779296875,29.551250457763672,1552600,0.0,0.0
2017-05-02,38.2599983215332,38.310001373291016,37.86000061035156,38.09000015258789,29.404586791992188,1677900,0.0,0.0
2017-05-03,38.029998779296875,38.04999923706055,37.689998626708984,37.689998626708984,29.095796585083008,1508700,0.0,0.0
2017-05-04,38.529998779296875,39.86000061035156,38.34000015258789,39.150001525878906,30.222877502441406,4804800,0.0,0.0
2017-05-05,39.459999084472656,39.93000030517578,39.31999969482422,39.7400016784668,30.678340911865234,4697700,0.0,0.0
2017-05-08,39.869998931884766,40.25,39.81999969482422,40.09000015258789,30.948537826538086,1545100,0.0,0.0
2017-05-09,40.130001068115234,40.400001525878906,40.0099983215332,40.04999923706055,30.917661666870117,3559500,0.0,0.0
2017-05-10,40.0,40.099998474121094,39.75,40.04999923706055,30.917661666870117,681800,0.0,0.0
2017-05-11,39.91999816894531,40.13999938964844,39.880001068115234,40.0,30.87906265258789,498200,0.0,0.0
2017-05-12,40.08000183105469,40.380001068115234,39.9900016784668,40.04999923706055,30.917661666870117,622000,0.0,0.0
2017-05-15,40.439998626708984,40.47999954223633,40.099998474121094,40.36000061035156,31.15697479248047,592100,0.0,0.0
2017-05-16,40.70000076293945,40.720001220703125,40.189998626708984,40.279998779296875,31.09520721435547,976700,0.0,0.0
2017-05-17,40.56999969482422,40.689998626708984,40.209999084472656,40.22999954223633,31.056615829467773,725700,0.0,0.0
2017-05-18,39.97999954223633,40.18000030517578,39.4900016784668,39.650001525878906,30.784870147705078,1145400,0.23,0.0
2017-05-19,40.75,40.900001525878906,40.150001525878906,40.349998474121094,31.32834815979004,2626700,0.0,0.0
2017-05-22,40.70000076293945,40.790000915527344,40.52000045776367,40.66999816894531,31.57680892944336,1445800,0.0,0.0
2017-05-23,40.88999938964844,41.130001068115234,40.849998474121094,41.029998779296875,31.856313705444336,986300,0.0,0.0
2017-05-24,41.25,41.369998931884766,40.959999084472656,41.29999923706055,32.06594467163086,820300,0.0,0.0
2017-05-25,41.41999816894531,41.560001373291016,41.13999938964844,41.13999938964844,31.94172477722168,2180000,0.0,0.0
2017-05-26,41.20000076293945,41.459999084472656,41.150001525878906,41.349998474121094,32.10477066040039,624500,0.0,0.0
2017-05-30,41.33000183105469,41.459999084472656,40.90999984741211,40.9900016784668,31.82526397705078,807200,0.0,0.0
2017-05-31,41.29999923706055,41.5,40.900001525878906,41.040000915527344,31.86408805847168,1497400,0.0,0.0
2017-06-01,41.09000015258789,41.27000045776367,40.880001068115234,41.099998474121094,31.910673141479492,826900,0.0,0.0
2017-06-02,41.38999938964844,41.459999084472656,40.720001220703125,40.720001220703125,31.615633010864258,1855900,0.0,0.0
2017-06-05,40.540000915527344,41.2599983215332,40.4900016784668,41.22999954223633,32.01160430908203,1386200,0.0,0.0
2017-06-06,41.0099983215332,41.060001373291016,40.650001525878906,40.95000076293945,31.794200897216797,967200,0.0,0.0
2017-06-07,40.81999969482422,41.02000045776367,40.77000045776367,40.939998626708984,31.78643226623535,718800,0.0,0.0
2017-06-08,40.91999816894531,41.08000183105469,40.7400016784668,40.849998474121094,31.716569900512695,836100,0.0,0.0
2017-06-09,40.65999984741211,40.880001068115234,40.349998474121094,40.560001373291016,31.491409301757812,952400,0.0,0.0
2017-06-12,40.70000076293945,40.720001220703125,40.2400016784668,40.29999923706055,31.289539337158203,731400,0.0,0.0
2017-06-13,40.349998474121094,40.470001220703125,40.150001525878906,40.15999984741211,31.18083953857422,746100,0.0,0.0
2017-06-14,40.47999954223633,41.47999954223633,40.47999954223633,41.15999984741211,31.957252502441406,1232300,0.0,0.0
2017-06-15,40.790000915527344,40.95000076293945,40.5,40.939998626708984,31.78643226623535,1453700,0.0,0.0
2017-06-16,40.939998626708984,40.970001220703125,40.369998931884766,40.45000076293945,31.405994415283203,911600,0.0,0.0
2017-06-19,40.66999816894531,40.95000076293945,40.630001068115234,40.72999954223633,31.62339973449707,626800,0.0,0.0
2017-06-20,40.439998626708984,40.869998931884766,40.439998626708984,40.75,31.638919830322266,432300,0.0,0.0
2017-06-21,40.529998779296875,40.83000183105469,40.4900016784668,40.540000915527344,31.47587013244629,680000,0.0,0.0
2017-06-22,40.4900016784668,40.77000045776367,40.189998626708984,40.529998779296875,31.468120574951172,890400,0.0,0.0
2017-06-23,40.31999969482422,40.75,40.22999954223633,40.619998931884766,31.537992477416992,646100,0.0,0.0
2017-06-26,40.79999923706055,41.08000183105469,40.599998474121094,40.93000030517578,31.778676986694336,819800,0.0,0.0
2017-06-27,40.689998626708984,40.90999984741211,40.52000045776367,40.83000183105469,31.701040267944336,879400,0.0,0.0
2017-06-28,40.880001068115234,41.27000045776367,40.529998779296875,41.15999984741211,31.957252502441406,1086400,0.0,0.0
2017-06-29,40.439998626708984,40.689998626708984,40.209999084472656,40.560001373291016,31.491409301757812,1333100,0.0,0.0
2017-06-30,40.61000061035156,40.81999969482422,40.459999084472656,40.66999816894531,31.57680892944336,603100,0.0,0.0
2017-07-03,40.41999816894531,40.79999923706055,40.38999938964844,40.5,31.444822311401367,533800,0.0,0.0
2017-07-05,40.470001220703125,41.0099983215332,40.400001525878906,41.0,31.833024978637695,1089200,0.0,0.0
2017-07-06,40.63999938964844,40.75,40.150001525878906,40.290000915527344,31.281774520874023,1097700,0.0,0.0
2017-07-07,40.470001220703125,40.619998931884766,40.31999969482422,40.47999954223633,31.42928695678711,556300,0.0,0.0
2017-07-10,40.650001525878906,41.150001525878906,40.5,41.099998474121094,31.910673141479492,1264200,0.0,0.0
2017-07-11,40.79999923706055,40.86000061035156,40.36000061035156,40.56999969482422,31.499168395996094,1072900,0.0,0.0
2017-07-12,40.970001220703125,42.20000076293945,40.970001220703125,41.900001525878906,32.53179931640625,1398200,0.0,0.0
2017-07-13,41.88999938964844,42.029998779296875,41.81999969482422,41.869998931884766,32.508506774902344,904100,0.0,0.0
2017-07-14,41.95000076293945,42.560001373291016,41.939998626708984,42.47999954223633,32.98211669921875,1006600,0.0,0.0
2017-07-17,42.540000915527344,42.58000183105469,42.11000061035156,42.20000076293945,32.76472854614258,856000,0.0,0.0
2017-07-18,42.459999084472656,42.47999954223633,41.970001220703125,42.099998474121094,32.68708038330078,942700,0.0,0.0
2017-07-19,42.099998474121094,42.22999954223633,41.9900016784668,42.09000015258789,32.679317474365234,575100,0.0,0.0
2017-07-20,42.0,42.130001068115234,41.689998626708984,42.0099983215332,32.61720275878906,759500,0.0,0.0
2017-07-21,42.0099983215332,42.130001068115234,41.83000183105469,42.06999969482422,32.663787841796875,407900,0.0,0.0
2017-07-24,41.81999969482422,42.619998931884766,41.689998626708984,42.5,32.99765396118164,799400,0.0,0.0
2017-07-25,42.5,42.709999084472656,42.36000061035156,42.65999984741211,33.12187194824219,659600,0.0,0.0
2017-07-26,42.779998779296875,43.59000015258789,42.779998779296875,43.09000015258789,33.45573425292969,820600,0.0,0.0
2017-07-27,43.34000015258789,43.58000183105469,42.810001373291016,43.15999984741211,33.51008605957031,871700,0.0,0.0
2017-07-28,43.34000015258789,43.459999084472656,42.810001373291016,43.279998779296875,33.60325241088867,957100,0.0,0.0
2017-07-31,43.47999954223633,43.59000015258789,43.08000183105469,43.22999954223633,33.56442642211914,613600,0.0,0.0
2017-08-01,43.439998626708984,43.779998779296875,43.27000045776367,43.5,33.774070739746094,693200,0.0,0.0
2017-08-02,43.529998779296875,43.529998779296875,42.970001220703125,43.279998779296875,33.60325241088867,640700,0.0,0.0
2017-08-03,43.63999938964844,43.79999923706055,43.38999938964844,43.470001220703125,33.75077438354492,624600,0.0,0.0
2017-08-04,43.959999084472656,44.0,43.33000183105469,43.70000076293945,33.929344177246094,636200,0.0,0.0
2017-08-07,44.029998779296875,44.18000030517578,43.380001068115234,43.54999923706055,33.81288146972656,1580800,0.0,0.0
2017-08-08,43.709999084472656,44.0,43.45000076293945,43.65999984741211,33.898292541503906,1000800,0.0,0.0
2017-08-09,43.36000061035156,43.36000061035156,42.79999923706055,43.029998779296875,33.40914535522461,1718900,0.0,0.0
2017-08-10,44.70000076293945,44.75,43.040000915527344,43.220001220703125,33.556671142578125,1940600,0.0,0.0
2017-08-11,42.70000076293945,43.779998779296875,42.31999969482422,43.75,33.968170166015625,1197600,0.0,0.0
2017-08-14,44.0099983215332,44.119998931884766,43.619998931884766,43.619998931884766,33.86724090576172,3375400,0.0,0.0
2017-08-15,43.7400016784668,44.0,43.560001373291016,43.7400016784668,33.96041488647461,2538800,0.0,0.0
2017-08-16,43.560001373291016,44.349998474121094,43.4900016784668,44.34000015258789,34.42625427246094,1117600,0.0,0.0
2017-08-17,44.290000915527344,44.290000915527344,43.41999816894531,43.470001220703125,33.75077438354492,1047900,0.0,0.0
2017-08-18,43.58000183105469,43.95000076293945,43.369998931884766,43.779998779296875,33.991458892822266,974000,0.0,0.0
2017-08-21,43.84000015258789,43.93000030517578,43.31999969482422,43.470001220703125,33.75077438354492,1052200,0.0,0.0
2017-08-22,43.70000076293945,44.0099983215332,43.619998931884766,43.900001525878906,34.08464050292969,1254500,0.0,0.0
2017-08-23,43.880001068115234,43.880001068115234,43.40999984741211,43.560001373291016,33.82065200805664,1158100,0.0,0.0
2017-08-24,43.380001068115234,43.470001220703125,42.84000015258789,43.20000076293945,33.73474884033203,1197500,0.25,0.0
2017-08-25,43.369998931884766,43.45000076293945,42.84000015258789,42.84000015258789,33.4536247253418,577100,0.0,0.0
2017-08-28,42.900001525878906,43.08000183105469,42.790000915527344,42.93000030517578,33.5239143371582,598600,0.0,0.0
2017-08-29,42.849998474121094,43.099998474121094,42.79999923706055,42.93000030517578,33.5239143371582,487100,0.0,0.0
2017-08-30,42.869998931884766,43.11000061035156,42.84000015258789,42.84000015258789,33.4536247253418,539500,0.0,0.0
2017-08-31,43.06999969482422,43.150001525878906,42.869998931884766,43.0,33.57856750488281,1061300,0.0,0.0
2017-09-01,43.279998779296875,43.84000015258789,43.16999816894531,43.7599983215332,34.172054290771484,916900,0.0,0.0
2017-09-05,43.54999923706055,43.709999084472656,43.369998931884766,43.66999816894531,34.101768493652344,691300,0.0,0.0
2017-09-06,44.06999969482422,44.13999938964844,43.529998779296875,43.56999969482422,34.023681640625,1071200,0.0,0.0
2017-09-07,43.79999923706055,43.83000183105469,42.880001068115234,43.04999923706055,33.617610931396484,1185700,0.0,0.0
2017-09-08,43.33000183105469,43.4900016784668,42.189998626708984,42.2400016784668,32.98508834838867,2369200,0.0,0.0
2017-09-11,42.43000030517578,42.77000045776367,42.34000015258789,42.58000183105469,33.25059509277344,1667100,0.0,0.0
2017-09-12,42.279998779296875,42.43000030517578,41.95000076293945,42.220001220703125,32.96947479248047,1839100,0.0,0.0
2017-09-13,42.2400016784668,42.2400016784668,41.36000061035156,41.380001068115234,32.31352233886719,1418100,0.0,0.0
2017-09-14,41.36000061035156,41.45000076293945,40.849998474121094,40.869998931884766,31.915258407592773,977500,0.0,0.0
2017-09-15,41.209999084472656,41.599998474121094,41.06999969482422,41.47999954223633,32.3916130065918,1614200,0.0,0.0
2017-09-18,41.650001525878906,41.709999084472656,41.52000045776367,41.61000061035156,32.493125915527344,757300,0.0,0.0
2017-09-19,41.630001068115234,41.70000076293945,41.279998779296875,41.279998779296875,32.23543167114258,637700,0.0,0.0
2017-09-20,41.34000015258789,41.38999938964844,40.439998626708984,40.65999984741211,31.75127601623535,763500,0.0,0.0
2017-09-21,40.540000915527344,40.88999938964844,40.209999084472656,40.75,31.821552276611328,1060700,0.0,0.0
2017-09-22,40.709999084472656,40.86000061035156,40.540000915527344,40.63999938964844,31.73565101623535,437600,0.0,0.0
2017-09-25,40.54999923706055,40.560001373291016,40.2400016784668,40.40999984741211,31.55604362487793,919300,0.0,0.0
2017-09-26,40.36000061035156,41.02000045776367,40.36000061035156,40.689998626708984,31.774702072143555,1813800,0.0,0.0
2017-09-27,40.439998626708984,41.02000045776367,40.34000015258789,40.959999084472656,31.985538482666016,2702100,0.0,0.0
2017-09-28,40.81999969482422,41.810001373291016,40.790000915527344,41.560001373291016,32.45408630371094,2217000,0.0,0.0
2017-09-29,41.4900016784668,42.11000061035156,41.470001220703125,41.619998931884766,32.50093460083008,1084900,0.0,0.0
2017-10-02,41.900001525878906,42.2599983215332,41.70000076293945,41.81999969482422,32.657108306884766,892600,0.0,0.0
2017-10-03,41.689998626708984,41.7599983215332,41.380001068115234,41.400001525878906,32.32913589477539,587900,0.0,0.0
2017-10-04,41.38999938964844,41.61000061035156,41.08000183105469,41.34000015258789,32.28228759765625,617400,0.0,0.0
2017-10-05,41.41999816894531,41.52000045776367,41.119998931884766,41.18000030517578,32.1573371887207,1382500,0.0,0.0
2017-10-06,41.08000183105469,41.119998931884766,40.720001220703125,40.81999969482422,31.876216888427734,1136200,0.0,0.0
2017-10-09,40.63999938964844,41.11000061035156,40.52000045776367,41.099998474121094,32.094871520996094,1070900,0.0,0.0
2017-10-10,41.150001525878906,41.59000015258789,41.11000061035156,41.560001373291016,32.45408630371094,579200,0.0,0.0
2017-10-11,41.38999938964844,42.099998474121094,41.279998779296875,41.869998931884766,32.6961555480957,1168100,0.0,0.0
2017-10-12,41.66999816894531,41.970001220703125,41.619998931884766,41.83000183105469,32.6649284362793,1138200,0.0,0.0
2017-10-13,41.709999084472656,42.04999923706055,41.52000045776367,41.88999938964844,32.71177291870117,618300,0.0,0.0
2017-10-16,41.58000183105469,42.099998474121094,41.47999954223633,42.0,32.79767990112305,567500,0.0,0.0
2017-10-17,41.970001220703125,42.11000061035156,41.72999954223633,41.900001525878906,32.719581604003906,978700,0.0,0.0
2017-10-18,41.91999816894531,42.15999984741211,41.88999938964844,41.95000076293945,32.758636474609375,834100,0.0,0.0
2017-10-19,41.91999816894531,42.029998779296875,41.63999938964844,41.939998626708984,32.75082015991211,588200,0.0,0.0
2017-10-20,41.95000076293945,42.029998779296875,41.849998474121094,41.93000030517578,32.743011474609375,514200,0.0,0.0
2017-10-23,41.720001220703125,41.93000030517578,41.560001373291016,41.75,32.60244369506836,642400,0.0,0.0
2017-10-24,41.630001068115234,41.77000045776367,41.369998931884766,41.689998626708984,32.55559539794922,508000,0.0,0.0
2017-10-25,41.7400016784668,41.7400016784668,40.849998474121094,41.16999816894531,32.14952850341797,796500,0.0,0.0
2017-10-26,41.400001525878906,41.459999084472656,41.189998626708984,41.279998779296875,32.23543167114258,944100,0.0,0.0
2017-10-27,41.099998474121094,41.290000915527344,40.720001220703125,40.849998474121094,31.899648666381836,550300,0.0,0.0
2017-10-30,40.84000015258789,40.84000015258789,39.970001220703125,40.349998474121094,31.509193420410156,1203600,0.0,0.0
2017-10-31,40.5,41.04999923706055,40.380001068115234,40.86000061035156,31.90745735168457,667600,0.0,0.0
2017-11-01,40.849998474121094,40.939998626708984,40.400001525878906,40.400001525878906,31.548236846923828,494600,0.0,0.0
2017-11-02,40.38999938964844,40.38999938964844,39.439998626708984,39.61000061035156,30.93132781982422,1219200,0.0,0.0
2017-11-03,39.939998626708984,40.0099983215332,39.689998626708984,39.93000030517578,31.181211471557617,714700,0.0,0.0
2017-11-06,39.7400016784668,40.13999938964844,39.720001220703125,39.86000061035156,31.126556396484375,1146600,0.0,0.0
2017-11-07,39.54999923706055,39.58000183105469,37.400001525878906,37.88999938964844,29.58818817138672,4318500,0.0,0.0
2017-11-08,38.0,39.90999984741211,38.0,39.529998779296875,30.868852615356445,2197400,0.0,0.0
2017-11-09,38.970001220703125,39.88999938964844,38.77000045776367,39.56999969482422,30.900102615356445,1605700,0.0,0.0
2017-11-10,39.540000915527344,39.61000061035156,39.38999938964844,39.5,30.845434188842773,1554500,0.0,0.0
2017-11-13,39.0099983215332,39.650001525878906,38.83000183105469,39.41999816894531,30.7829532623291,1045600,0.0,0.0
2017-11-14,39.209999084472656,39.560001373291016,39.11000061035156,39.34000015258789,30.720487594604492,2565600,0.0,0.0
2017-11-15,39.599998474121094,39.599998474121094,38.63999938964844,38.84000015258789,30.330041885375977,1658900,0.0,0.0
2017-11-16,38.880001068115234,39.0,38.529998779296875,38.560001373291016,30.111391067504883,1657700,0.0,0.0
2017-11-17,38.099998474121094,38.380001068115234,38.04999923706055,38.18000030517578,30.00137710571289,1020100,0.24,0.0
2017-11-20,38.20000076293945,38.5099983215332,38.150001525878906,38.41999816894531,30.189970016479492,1082300,0.0,0.0
2017-11-21,38.220001220703125,38.2400016784668,37.880001068115234,38.09000015258789,29.930660247802734,1483400,0.0,0.0
2017-11-22,38.0,38.70000076293945,37.77000045776367,38.59000015258789,30.323551177978516,1962200,0.0,0.0
2017-11-24,38.880001068115234,38.95000076293945,38.34000015258789,38.63999938964844,30.36284065246582,428100,0.0,0.0
2017-11-27,38.40999984741211,38.90999984741211,38.310001373291016,38.880001068115234,30.55143165588379,1074800,0.0,0.0
2017-11-28,38.900001525878906,38.9900016784668,38.59000015258789,38.7400016784668,30.44141960144043,1232200,0.0,0.0
2017-11-29,38.849998474121094,38.880001068115234,38.22999954223633,38.33000183105469,30.11924934387207,1247300,0.0,0.0
2017-11-30,38.25,39.40999984741211,38.04999923706055,38.9900016784668,30.637868881225586,11689000,0.0,0.0
2017-12-01,38.90999984741211,39.779998779296875,38.75,39.75,31.235063552856445,3053600,0.0,0.0
2017-12-04,39.52000045776367,40.16999816894531,39.5,39.72999954223633,31.219348907470703,1912200,0.0,0.0
2017-12-05,39.689998626708984,39.84000015258789,38.9900016784668,39.31999969482422,30.897174835205078,1706900,0.0,0.0
2017-12-06,38.63999938964844,39.540000915527344,38.560001373291016,39.540000915527344,31.070053100585938,2140600,0.0,0.0
2017-12-07,39.08000183105469,39.61000061035156,39.029998779296875,39.31999969482422,30.897174835205078,5424000,0.0,0.0
2017-12-08,39.0,39.13999938964844,38.630001068115234,38.77000045776367,30.464990615844727,1280500,0.0,0.0
2017-12-11,38.650001525878906,39.47999954223633,38.650001525878906,39.290000915527344,30.873598098754883,1143200,0.0,0.0
2017-12-12,39.2400016784668,39.689998626708984,39.15999984741211,39.189998626708984,30.795032501220703,1179500,0.0,0.0
2017-12-13,39.13999938964844,39.54999923706055,38.68000030517578,38.93000030517578,30.590715408325195,1334900,0.0,0.0
2017-12-14,39.130001068115234,39.36000061035156,38.720001220703125,39.099998474121094,30.724300384521484,2270700,0.0,0.0
2017-12-15,38.970001220703125,39.41999816894531,38.90999984741211,39.189998626708984,30.795032501220703,1562000,0.0,0.0
2017-12-18,39.40999984741211,39.68000030517578,39.209999084472656,39.349998474121094,30.920751571655273,1827800,0.0,0.0
2017-12-19,39.369998931884766,39.75,39.290000915527344,39.369998931884766,30.93645668029785,1088500,0.0,0.0
2017-12-20,39.34000015258789,39.630001068115234,39.09000015258789,39.470001220703125,31.015045166015625,645900,0.0,0.0
2017-12-21,39.529998779296875,39.619998931884766,39.33000183105469,39.369998931884766,30.93645668029785,545500,0.0,0.0
2017-12-22,39.150001525878906,39.7400016784668,39.060001373291016,39.400001525878906,30.960039138793945,648800,0.0,0.0
2017-12-26,39.560001373291016,39.599998474121094,39.25,39.290000915527344,30.873598098754883,218600,0.0,0.0
2017-12-27,39.40999984741211,39.650001525878906,39.31999969482422,39.439998626708984,30.9914608001709,718100,0.0,0.0
2017-12-28,39.52000045776367,39.52000045776367,39.06999969482422,39.279998779296875,30.865747451782227,600000,0.0,0.0
2017-12-29,39.2400016784668,40.040000915527344,39.04999923706055,39.849998474121094,31.313642501831055,778300,0.0,0.0
2018-01-02,39.880001068115234,39.970001220703125,39.33000183105469,39.709999084472656,31.203624725341797,750900,0.0,0.0
2018-01-03,39.36000061035156,39.599998474121094,39.20000076293945,39.38999938964844,30.952186584472656,739400,0.0,0.0
2018-01-04,39.439998626708984,39.77000045776367,39.43000030517578,39.70000076293945,31.19577980041504,964000,0.0,0.0
2018-01-05,39.380001068115234,39.72999954223633,38.83000183105469,39.0099983215332,30.653579711914062,1384800,0.0,0.0
2018-01-08,38.689998626708984,39.209999084472656,38.66999816894531,39.150001525878906,30.763593673706055,1357300,0.0,0.0
2018-01-09,39.13999938964844,39.72999954223633,39.08000183105469,39.650001525878906,31.156490325927734,862400,0.0,0.0
2018-01-10,39.45000076293945,39.560001373291016,38.630001068115234,38.79999923706055,30.48855972290039,1638200,0.0,0.0
2018-01-11,38.95000076293945,39.029998779296875,38.29999923706055,38.630001068115234,30.354984283447266,2427700,0.0,0.0
2018-01-12,38.95000076293945,39.2400016784668,38.689998626708984,38.790000915527344,30.480710983276367,1016900,0.0,0.0
2018-01-16,39.09000015258789,39.54999923706055,38.790000915527344,38.79999923706055,30.48855972290039,5293900,0.0,0.0
2018-01-17,39.04999923706055,39.81999969482422,39.04999923706055,39.540000915527344,31.070053100585938,1661100,0.0,0.0
2018-01-18,39.470001220703125,39.470001220703125,38.66999816894531,38.849998474121094,30.52785301208496,2312400,0.0,0.0
2018-01-19,39.13999938964844,39.65999984741211,39.0099983215332,39.63999938964844,31.148632049560547,1022800,0.0,0.0
2018-01-22,39.63999938964844,39.90999984741211,39.59000015258789,39.75,31.235063552856445,936400,0.0,0.0
2018-01-23,39.68000030517578,39.79999923706055,39.36000061035156,39.369998931884766,30.93645668029785,909500,0.0,0.0
2018-01-24,39.63999938964844,39.90999984741211,39.5,39.83000183105469,31.297929763793945,1537400,0.0,0.0
2018-01-25,40.029998779296875,40.970001220703125,39.849998474121094,40.77000045776367,32.03656768798828,2388100,0.0,0.0
2018-01-26,40.459999084472656,41.130001068115234,40.45000076293945,40.88999938964844,32.130863189697266,3553500,0.0,0.0
2018-01-29,40.81999969482422,40.91999816894531,40.560001373291016,40.56999969482422,31.8794002532959,1759000,0.0,0.0
2018-01-30,40.58000183105469,40.83000183105469,40.220001220703125,40.2599983215332,31.635812759399414,1024300,0.0,0.0
2018-01-31,40.369998931884766,40.52000045776367,40.11000061035156,40.15999984741211,31.557247161865234,1367300,0.0,0.0
2018-02-01,39.63999938964844,40.060001373291016,39.290000915527344,39.349998474121094,30.920751571655273,2398800,0.0,0.0
2018-02-02,39.150001525878906,39.22999954223633,38.2400016784668,38.29999923706055,30.095664978027344,1391300,0.0,0.0
2018-02-05,38.13999938964844,38.56999969482422,37.310001373291016,37.540000915527344,29.498476028442383,1829400,0.0,0.0
2018-02-06,37.38999938964844,37.709999084472656,36.849998474121094,37.4900016784668,29.459186553955078,2927600,0.0,0.0
2018-02-07,37.459999084472656,38.25,37.459999084472656,38.150001525878906,29.977802276611328,2117400,0.0,0.0
2018-02-08,37.970001220703125,38.0,37.2400016784668,37.599998474121094,29.545616149902344,3112400,0.0,0.0
2018-02-09,37.4900016784668,37.65999984741211,36.16999816894531,37.209999084472656,29.239166259765625,2354000,0.0,0.0
2018-02-12,37.2599983215332,37.540000915527344,37.130001068115234,37.380001068115234,29.37274932861328,2217500,0.0,0.0
2018-02-13,37.43000030517578,37.540000915527344,37.279998779296875,37.400001525878906,29.388465881347656,1403900,0.0,0.0
2018-02-14,37.34000015258789,37.5,37.16999816894531,37.220001220703125,29.24702262878418,2512200,0.0,0.0
2018-02-15,38.7599983215332,39.310001373291016,38.400001525878906,38.93000030517578,30.590715408325195,2659600,0.0,0.0
2018-02-16,39.470001220703125,39.810001373291016,38.810001373291016,38.970001220703125,30.62215232849121,2019000,0.0,0.0
2018-02-20,39.290000915527344,39.290000915527344,38.29999923706055,38.5099983215332,30.26068687438965,1124500,0.0,0.0
2018-02-21,38.540000915527344,38.63999938964844,37.689998626708984,37.7599983215332,29.671348571777344,1356000,0.0,0.0
2018-02-22,37.880001068115234,38.11000061035156,37.65999984741211,37.900001525878906,29.78135871887207,1585000,0.0,0.0
2018-02-23,38.02000045776367,38.849998474121094,37.54999923706055,38.7599983215332,30.457128524780273,1699300,0.0,0.0
2018-02-26,38.5099983215332,38.68000030517578,38.2599983215332,38.400001525878906,30.425445556640625,1293800,0.32,0.0
2018-02-27,38.58000183105469,38.849998474121094,38.150001525878906,38.150001525878906,30.227357864379883,1045000,0.0,0.0
2018-02-28,38.36000061035156,38.369998931884766,37.939998626708984,38.02000045776367,30.12435531616211,1261800,0.0,0.0
2018-03-01,37.91999816894531,38.119998931884766,37.43000030517578,37.79999923706055,29.95003890991211,1131700,0.0,0.0
2018-03-02,37.86000061035156,38.43000030517578,37.630001068115234,38.380001068115234,30.409597396850586,1143200,0.0,0.0
2018-03-05,38.66999816894531,39.599998474121094,38.5099983215332,39.400001525878906,31.217777252197266,2008000,0.0,0.0
2018-03-06,39.45000076293945,40.09000015258789,39.349998474121094,40.04999923706055,31.732786178588867,1749600,0.0,0.0
2018-03-07,39.75,40.34000015258789,39.63999938964844,40.34000015258789,31.96255874633789,1202300,0.0,0.0
2018-03-08,40.209999084472656,41.09000015258789,40.20000076293945,41.06999969482422,32.54096221923828,916700,0.0,0.0
2018-03-09,41.099998474121094,41.220001220703125,40.7400016784668,40.900001525878906,32.40626525878906,1561800,0.0,0.0
2018-03-12,41.130001068115234,41.83000183105469,41.0,41.779998779296875,33.103519439697266,1751800,0.0,0.0
2018-03-13,41.7400016784668,42.130001068115234,41.63999938964844,42.04999923706055,33.31745147705078,1360500,0.0,0.0
2018-03-14,41.83000183105469,41.86000061035156,41.04999923706055,41.209999084472656,32.651893615722656,1112400,0.0,0.0
2018-03-15,41.11000061035156,41.31999969482422,40.540000915527344,40.779998779296875,32.311180114746094,1126200,0.0,0.0
2018-03-16,40.88999938964844,40.95000076293945,40.56999969482422,40.7599983215332,32.29533386230469,1279000,0.0,0.0
2018-03-19,40.709999084472656,40.7599983215332,40.209999084472656,40.38999938964844,32.00217819213867,1133600,0.0,0.0
2018-03-20,40.38999938964844,40.81999969482422,40.09000015258789,40.779998779296875,32.311180114746094,1164100,0.0,0.0
2018-03-21,40.81999969482422,41.06999969482422,40.650001525878906,40.91999816894531,32.42211151123047,952800,0.0,0.0
2018-03-22,40.720001220703125,41.45000076293945,40.369998931884766,40.369998931884766,31.986330032348633,2138000,0.0,0.0
2018-03-23,40.45000076293945,40.47999954223633,40.02000045776367,40.13999938964844,31.804092407226562,1930700,0.0,0.0
2018-03-26,40.9900016784668,41.220001220703125,40.36000061035156,40.47999954223633,32.073486328125,2003400,0.0,0.0
2018-03-27,40.5,40.79999923706055,40.099998474121094,40.54999923706055,32.12894821166992,1691100,0.0,0.0
2018-03-28,40.84000015258789,41.630001068115234,40.84000015258789,41.43000030517578,32.826194763183594,1726800,0.0,0.0
2018-03-29,41.77000045776367,41.83000183105469,41.45000076293945,41.65999984741211,33.00843811035156,1512200,0.0,0.0
2018-04-02,41.65999984741211,41.65999984741211,40.630001068115234,40.7599983215332,32.29533386230469,574200,0.0,0.0
2018-04-03,40.95000076293945,41.16999816894531,40.5099983215332,41.040000915527344,32.517189025878906,988100,0.0,0.0
2018-04-04,40.720001220703125,41.599998474121094,40.709999084472656,41.47999954223633,32.86581802368164,893300,0.0,0.0
2018-04-05,41.220001220703125,41.90999984741211,41.04999923706055,41.70000076293945,33.040122985839844,956600,0.0,0.0
2018-04-06,41.5099983215332,41.86000061035156,41.45000076293945,41.72999954223633,33.06390380859375,788200,0.0,0.0
2018-04-09,41.790000915527344,42.209999084472656,41.630001068115234,41.65999984741211,33.00843811035156,1727700,0.0,0.0
2018-04-10,41.75,41.959999084472656,41.13999938964844,41.16999816894531,32.62019348144531,1319800,0.0,0.0
2018-04-11,41.040000915527344,41.43000030517578,40.939998626708984,40.970001220703125,32.46173858642578,1755800,0.0,0.0
2018-04-12,41.060001373291016,41.2599983215332,40.86000061035156,40.86000061035156,32.37457275390625,680500,0.0,0.0
2018-04-13,41.08000183105469,41.439998626708984,40.869998931884766,41.2599983215332,32.69150161743164,985400,0.0,0.0
2018-04-16,41.38999938964844,41.86000061035156,41.27000045776367,41.529998779296875,32.905426025390625,606900,0.0,0.0
2018-04-17,41.970001220703125,41.970001220703125,41.290000915527344,41.849998474121094,33.15897750854492,1579300,0.0,0.0
2018-04-18,41.880001068115234,41.880001068115234,41.310001373291016,41.31999969482422,32.73904800415039,1053100,0.0,0.0
2018-04-19,41.33000183105469,41.369998931884766,40.709999084472656,40.880001068115234,32.39041519165039,1532000,0.0,0.0
2018-04-20,41.040000915527344,41.09000015258789,40.2599983215332,40.54999923706055,32.12894821166992,1042700,0.0,0.0
2018-04-23,40.41999816894531,40.81999969482422,40.369998931884766,40.439998626708984,32.04179382324219,987700,0.0,0.0
2018-04-24,40.04999923706055,40.459999084472656,39.93000030517578,40.22999954223633,31.875402450561523,1408600,0.0,0.0
2018-04-25,40.15999984741211,40.16999816894531,39.439998626708984,39.77000045776367,31.510936737060547,867700,0.0,0.0
2018-04-26,39.459999084472656,40.529998779296875,39.15999984741211,39.869998931884766,31.590166091918945,1479900,0.0,0.0
2018-04-27,39.63999938964844,40.02000045776367,39.47999954223633,39.560001373291016,31.344545364379883,1179700,0.0,0.0
2018-04-30,39.599998474121094,39.77000045776367,39.150001525878906,39.20000076293945,31.05930519104004,876700,0.0,0.0
2018-05-01,38.88999938964844,38.939998626708984,38.40999984741211,38.56999969482422,30.560138702392578,880200,0.0,0.0
2018-05-02,38.7400016784668,38.880001068115234,38.2400016784668,38.310001373291016,30.35413932800293,1131100,0.0,0.0
2018-05-03,38.599998474121094,38.84000015258789,38.0099983215332,38.130001068115234,30.211509704589844,1355100,0.0,0.0
2018-05-04,38.130001068115234,38.599998474121094,38.02000045776367,38.38999938964844,30.417516708374023,994600,0.0,0.0
2018-05-07,38.4900016784668,38.4900016784668,37.79999923706055,37.880001068115234,30.013431549072266,705300,0.0,0.0
2018-05-08,38.2400016784668,38.349998474121094,38.0,38.15999984741211,30.235280990600586,1097900,0.0,0.0
2018-05-09,38.63999938964844,38.68000030517578,37.9900016784668,38.16999816894531,30.243200302124023,1670100,0.0,0.0
2018-05-10,38.599998474121094,39.119998931884766,38.560001373291016,39.0,30.900840759277344,1995000,0.0,0.0
2018-05-11,38.880001068115234,38.93000030517578,38.58000183105469,38.709999084472656,30.916810989379883,1418600,0.31,0.0
2018-05-14,38.77000045776367,38.90999984741211,38.31999969482422,38.540000915527344,30.781042098999023,786900,0.0,0.0
2018-05-15,37.790000915527344,38.369998931884766,37.720001220703125,38.130001068115234,30.453580856323242,2059800,0.0,0.0
2018-05-16,38.310001373291016,38.599998474121094,37.84000015258789,38.0,30.34975242614746,1148500,0.0,0.0
2018-05-17,38.04999923706055,38.52000045776367,38.0,38.31999969482422,30.60533332824707,1089600,0.0,0.0
2018-05-18,38.16999816894531,38.31999969482422,37.97999954223633,38.18000030517578,30.49351692199707,652900,0.0,0.0
2018-05-21,38.18000030517578,38.38999938964844,38.08000183105469,38.209999084472656,30.517471313476562,496600,0.0,0.0
2018-05-22,38.5,38.93000030517578,38.5,38.59000015258789,30.82097053527832,1036300,0.0,0.0
2018-05-23,38.47999954223633,38.63999938964844,37.91999816894531,38.20000076293945,30.50948715209961,1283000,0.0,0.0
2018-05-24,38.400001525878906,38.459999084472656,37.83000183105469,37.84000015258789,30.22196388244629,1583800,0.0,0.0
2018-05-25,37.77000045776367,38.06999969482422,37.529998779296875,37.72999954223633,30.134111404418945,862300,0.0,0.0
2018-05-29,37.38999938964844,38.0099983215332,37.380001068115234,37.970001220703125,30.325796127319336,1125600,0.0,0.0
2018-05-30,38.08000183105469,38.380001068115234,37.90999984741211,38.11000061035156,30.43760871887207,1563400,0.0,0.0
2018-05-31,38.0099983215332,38.209999084472656,37.59000015258789,37.970001220703125,30.325796127319336,2295800,0.0,0.0
2018-06-01,38.150001525878906,38.2599983215332,37.72999954223633,37.88999938964844,30.26189422607422,1185100,0.0,0.0
2018-06-04,38.150001525878906,38.349998474121094,37.95000076293945,38.099998474121094,30.42961883544922,682900,0.0,0.0
2018-06-05,38.150001525878906,38.36000061035156,37.72999954223633,37.939998626708984,30.30183219909668,1100900,0.0,0.0
2018-06-06,38.0099983215332,38.220001220703125,37.939998626708984,38.220001220703125,30.525463104248047,1305300,0.0,0.0
2018-06-07,38.22999954223633,38.43000030517578,38.08000183105469,38.11000061035156,30.43760871887207,854900,0.0,0.0
2018-06-08,38.31999969482422,38.470001220703125,38.189998626708984,38.41999816894531,30.685197830200195,1222100,0.0,0.0
2018-06-11,38.650001525878906,38.75,38.349998474121094,38.45000076293945,30.70916175842285,879700,0.0,0.0
2018-06-12,38.59000015258789,38.90999984741211,38.5,38.790000915527344,30.980709075927734,951000,0.0,0.0
2018-06-13,39.0,39.58000183105469,38.939998626708984,39.439998626708984,31.499849319458008,2907000,0.0,0.0
2018-06-14,39.349998474121094,39.560001373291016,39.130001068115234,39.5,31.54776954650879,2430500,0.0,0.0
2018-06-15,39.77000045776367,40.189998626708984,39.709999084472656,40.189998626708984,32.098846435546875,2899800,0.0,0.0
2018-06-18,39.9900016784668,40.029998779296875,39.380001068115234,39.529998779296875,31.571725845336914,1417300,0.0,0.0
2018-06-19,39.209999084472656,39.52000045776367,39.20000076293945,39.27000045776367,31.364078521728516,1631400,0.0,0.0
2018-06-20,39.29999923706055,39.310001373291016,38.63999938964844,39.209999084472656,31.31614875793457,1846200,0.0,0.0
2018-06-21,39.09000015258789,39.310001373291016,39.029998779296875,39.09000015258789,31.22031021118164,845100,0.0,0.0
2018-06-22,39.09000015258789,39.97999954223633,38.970001220703125,39.90999984741211,31.875225067138672,831600,0.0,0.0
2018-06-25,39.95000076293945,40.36000061035156,39.95000076293945,40.150001525878906,32.066917419433594,1032400,0.0,0.0
2018-06-26,40.119998931884766,40.459999084472656,40.0099983215332,40.349998474121094,32.226646423339844,1101200,0.0,0.0
2018-06-27,40.2400016784668,40.380001068115234,39.77000045776367,39.81999969482422,31.803354263305664,649700,0.0,0.0
2018-06-28,40.029998779296875,40.33000183105469,39.939998626708984,40.27000045776367,32.162742614746094,1041900,0.0,0.0
2018-06-29,40.52000045776367,40.709999084472656,40.13999938964844,40.63999938964844,32.458255767822266,1733200,0.0,0.0
2018-07-02,40.630001068115234,40.7599983215332,40.150001525878906,40.310001373291016,32.19469451904297,1310400,0.0,0.0
2018-07-03,40.470001220703125,40.65999984741211,40.290000915527344,40.599998474121094,32.42631149291992,401000,0.0,0.0
2018-07-05,40.689998626708984,40.70000076293945,40.400001525878906,40.70000076293945,32.50617980957031,1314800,0.0,0.0
2018-07-06,40.83000183105469,41.02000045776367,40.66999816894531,40.810001373291016,32.59404373168945,928100,0.0,0.0
2018-07-09,41.0,41.029998779296875,40.7599983215332,40.83000183105469,32.610008239746094,1330000,0.0,0.0
2018-07-10,41.130001068115234,41.7400016784668,40.779998779296875,41.720001220703125,33.32083511352539,1471400,0.0,0.0
2018-07-11,41.7599983215332,42.029998779296875,41.720001220703125,41.95000076293945,33.5045280456543,1247100,0.0,0.0
2018-07-12,42.0,42.27000045776367,41.91999816894531,42.20000076293945,33.70420455932617,1528900,0.0,0.0
2018-07-13,41.93000030517578,42.220001220703125,41.56999969482422,41.66999816894531,33.2808952331543,1213300,0.0,0.0
2018-07-16,41.810001373291016,41.849998474121094,41.310001373291016,41.43000030517578,33.08921813964844,991500,0.0,0.0
2018-07-17,41.43000030517578,41.970001220703125,41.33000183105469,41.900001525878906,33.46459197998047,1150900,0.0,0.0
2018-07-18,41.91999816894531,41.93000030517578,41.459999084472656,41.779998779296875,33.36875534057617,890000,0.0,0.0
2018-07-19,41.54999923706055,41.91999816894531,41.47999954223633,41.65999984741211,33.272911071777344,737200,0.0,0.0
2018-07-20,41.7599983215332,42.06999969482422,41.66999816894531,41.959999084472656,33.512516021728516,741300,0.0,0.0
2018-07-23,41.880001068115234,42.02000045776367,41.560001373291016,41.63999938964844,33.25694274902344,725000,0.0,0.0
2018-07-24,41.47999954223633,41.65999984741211,41.150001525878906,41.599998474121094,33.22499084472656,1268500,0.0,0.0
2018-07-25,41.790000915527344,42.34000015258789,41.709999084472656,41.869998931884766,33.440635681152344,1038200,0.0,0.0
2018-07-26,41.849998474121094,42.06999969482422,41.83000183105469,42.04999923706055,33.58440017700195,1040000,0.0,0.0
2018-07-27,42.06999969482422,42.099998474121094,41.540000915527344,41.54999923706055,33.185062408447266,790100,0.0,0.0
2018-07-30,41.540000915527344,41.65999984741211,41.310001373291016,41.38999938964844,33.05727005004883,832300,0.0,0.0
2018-07-31,41.47999954223633,41.59000015258789,41.11000061035156,41.2400016784668,32.93746566772461,1646400,0.0,0.0
2018-08-01,41.189998626708984,41.189998626708984,40.529998779296875,40.720001220703125,32.52215576171875,1452400,0.0,0.0
2018-08-02,40.86000061035156,40.88999938964844,40.16999816894531,40.220001220703125,32.1228141784668,1446700,0.0,0.0
2018-08-03,40.310001373291016,40.7400016784668,40.279998779296875,40.56999969482422,32.40235137939453,1373400,0.0,0.0
2018-08-06,40.72999954223633,40.95000076293945,40.41999816894531,40.560001373291016,32.394371032714844,1036700,0.0,0.0
2018-08-07,40.560001373291016,40.9900016784668,40.529998779296875,40.58000183105469,32.41033935546875,1705200,0.0,0.0
2018-08-08,40.790000915527344,40.88999938964844,40.47999954223633,40.88999938964844,32.65793228149414,1545800,0.0,0.0
2018-08-09,41.5,42.91999816894531,41.5,42.630001068115234,34.04762649536133,2764100,0.0,0.0
2018-08-10,41.970001220703125,42.52000045776367,41.72999954223633,42.220001220703125,33.72017288208008,1487700,0.0,0.0
2018-08-13,42.09000015258789,42.18000030517578,41.63999938964844,41.9900016784668,33.53648376464844,1208900,0.0,0.0
2018-08-14,41.849998474121094,42.290000915527344,41.81999969482422,41.970001220703125,33.5205078125,1515500,0.0,0.0
2018-08-15,41.77000045776367,42.75,41.77000045776367,42.75,34.143470764160156,1815500,0.0,0.0
2018-08-16,42.779998779296875,42.95000076293945,42.560001373291016,42.7599983215332,34.15145492553711,1243900,0.0,0.0
2018-08-17,42.70000076293945,42.83000183105469,42.63999938964844,42.7599983215332,34.15145492553711,800200,0.0,0.0
2018-08-20,42.79999923706055,42.849998474121094,42.2599983215332,42.58000183105469,34.0077018737793,1100200,0.0,0.0
2018-08-21,42.41999816894531,42.459999084472656,41.84000015258789,41.95000076293945,33.74226760864258,958200,0.3,0.0
2018-08-22,42.0,42.31999969482422,41.66999816894531,42.099998474121094,33.8629150390625,993100,0.0,0.0
2018-08-23,41.93000030517578,42.16999816894531,41.84000015258789,41.97999954223633,33.766395568847656,983000,0.0,0.0
2018-08-24,42.09000015258789,42.41999816894531,42.04999923706055,42.220001220703125,33.959442138671875,740300,0.0,0.0
2018-08-27,42.31999969482422,42.380001068115234,42.040000915527344,42.310001373291016,34.03183364868164,767400,0.0,0.0
2018-08-28,42.36000061035156,42.43000030517578,41.81999969482422,41.880001068115234,33.68596267700195,738200,0.0,0.0
2018-08-29,41.90999984741211,42.099998474121094,41.779998779296875,41.939998626708984,33.734222412109375,699400,0.0,0.0
2018-08-30,41.79999923706055,42.18000030517578,41.68000030517578,42.130001068115234,33.88704299926758,748800,0.0,0.0
2018-08-31,42.130001068115234,42.65999984741211,42.130001068115234,42.63999938964844,34.2972526550293,1622700,0.0,0.0
2018-09-04,42.849998474121094,42.86000061035156,42.439998626708984,42.58000183105469,34.249000549316406,1349100,0.0,0.0
2018-09-05,42.279998779296875,42.41999816894531,42.06999969482422,42.310001373291016,34.03183364868164,2535800,0.0,0.0
2018-09-06,42.119998931884766,42.619998931884766,42.119998931884766,42.59000015258789,34.25704574584961,1206100,0.0,0.0
2018-09-07,42.2400016784668,42.84000015258789,42.2400016784668,42.79999923706055,34.42594909667969,1539200,0.0,0.0
2018-09-10,43.0,43.47999954223633,42.959999084472656,43.33000183105469,34.85225296020508,839100,0.0,0.0
2018-09-11,43.0099983215332,43.349998474121094,42.849998474121094,43.27000045776367,34.80399703979492,897400,0.0,0.0
2018-09-12,44.099998474121094,45.209999084472656,43.97999954223633,44.83000183105469,36.058773040771484,3246800,0.0,0.0
2018-09-13,45.189998626708984,45.459999084472656,45.06999969482422,45.349998474121094,36.47703170776367,1123300,0.0,0.0
2018-09-14,45.849998474121094,45.880001068115234,45.220001220703125,45.5,36.597686767578125,1818200,0.0,0.0
2018-09-17,45.630001068115234,45.91999816894531,45.630001068115234,45.779998779296875,36.82290267944336,1151100,0.0,0.0
2018-09-18,45.75,45.95000076293945,45.720001220703125,45.77000045776367,36.81486129760742,1196200,0.0,0.0
2018-09-19,45.75,45.77000045776367,45.45000076293945,45.689998626708984,36.750511169433594,845400,0.0,0.0
2018-09-20,45.86000061035156,46.13999938964844,45.83000183105469,46.0,36.99985122680664,1898100,0.0,0.0
2018-09-21,46.0099983215332,46.15999984741211,45.810001373291016,45.86000061035156,36.88724899291992,2025200,0.0,0.0
2018-09-24,45.86000061035156,46.0,45.2599983215332,45.29999923706055,36.43681335449219,1528000,0.0,0.0
2018-09-25,45.40999984741211,45.79999923706055,45.310001373291016,45.40999984741211,36.52529525756836,1769800,0.0,0.0
2018-09-26,45.18000030517578,45.90999984741211,45.16999816894531,45.709999084472656,36.766605377197266,1865500,0.0,0.0
2018-09-27,45.63999938964844,45.970001220703125,45.560001373291016,45.560001373291016,36.64594268798828,1104700,0.0,0.0
2018-09-28,45.52000045776367,45.72999954223633,45.290000915527344,45.470001220703125,36.573551177978516,1193500,0.0,0.0
2018-10-01,45.540000915527344,45.91999816894531,45.459999084472656,45.540000915527344,36.62986373901367,1597300,0.0,0.0
2018-10-02,45.25,45.279998779296875,44.66999816894531,44.900001525878906,36.11508560180664,1676600,0.0,0.0
2018-10-03,44.9900016784668,45.40999984741211,44.900001525878906,44.95000076293945,36.155296325683594,1216500,0.0,0.0
2018-10-04,44.68000030517578,44.849998474121094,44.5,44.810001373291016,36.04269027709961,1480000,0.0,0.0
2018-10-05,44.529998779296875,45.0099983215332,44.459999084472656,44.810001373291016,36.04269027709961,2147000,0.0,0.0
2018-10-08,44.5,44.939998626708984,44.40999984741211,44.7599983215332,36.002471923828125,1607500,0.0,0.0
2018-10-09,44.349998474121094,44.529998779296875,43.77000045776367,43.779998779296875,35.214210510253906,1729000,0.0,0.0
2018-10-10,43.970001220703125,44.099998474121094,43.0099983215332,43.060001373291016,34.63508987426758,2463800,0.0,0.0
2018-10-11,43.06999969482422,43.2400016784668,42.529998779296875,42.619998931884766,34.28117752075195,2043500,0.0,0.0
2018-10-12,42.77000045776367,43.380001068115234,42.689998626708984,43.119998931884766,34.68334197998047,2741400,0.0,0.0
2018-10-15,43.2400016784668,43.7400016784668,43.16999816894531,43.41999816894531,34.924644470214844,3230800,0.0,0.0
2018-10-16,43.790000915527344,44.84000015258789,43.75,44.79999923706055,36.034645080566406,2315200,0.0,0.0
2018-10-17,44.47999954223633,45.61000061035156,44.47999954223633,45.369998931884766,36.49312210083008,2607400,0.0,0.0
2018-10-18,45.130001068115234,45.290000915527344,44.650001525878906,45.0099983215332,36.203548431396484,1227300,0.0,0.0
2018-10-19,44.97999954223633,45.33000183105469,44.83000183105469,45.0,36.19551467895508,1827900,0.0,0.0
2018-10-22,44.970001220703125,45.220001220703125,44.38999938964844,44.38999938964844,35.70486831665039,1742100,0.0,0.0
2018-10-23,44.209999084472656,44.83000183105469,43.86000061035156,44.47999954223633,35.77725601196289,1273700,0.0,0.0
2018-10-24,44.11000061035156,44.90999984741211,44.040000915527344,44.290000915527344,35.62443161010742,1836500,0.0,0.0
2018-10-25,43.150001525878906,43.97999954223633,42.900001525878906,43.529998779296875,35.01312255859375,2241200,0.0,0.0
2018-10-26,43.380001068115234,44.400001525878906,42.939998626708984,44.189998626708984,35.54399490356445,2390300,0.0,0.0
2018-10-29,44.38999938964844,45.220001220703125,44.09000015258789,44.380001068115234,35.696815490722656,1787800,0.0,0.0
2018-10-30,44.5,45.130001068115234,44.290000915527344,45.060001373291016,36.24378204345703,1288400,0.0,0.0
2018-10-31,45.130001068115234,46.06999969482422,44.91999816894531,45.4900016784668,36.589637756347656,2865500,0.0,0.0
2018-11-01,45.72999954223633,45.9900016784668,45.650001525878906,45.79999923706055,36.838985443115234,1406800,0.0,0.0
2018-11-02,45.91999816894531,46.130001068115234,45.5099983215332,45.83000183105469,36.86312484741211,1057800,0.0,0.0
2018-11-05,45.83000183105469,46.2599983215332,45.650001525878906,46.18000030517578,37.1446418762207,1388500,0.0,0.0
2018-11-06,45.970001220703125,46.900001525878906,45.970001220703125,46.720001220703125,37.5789909362793,1905300,0.0,0.0
2018-11-07,47.08000183105469,47.75,46.689998626708984,47.2599983215332,38.013328552246094,1201000,0.0,0.0
2018-11-08,46.540000915527344,47.560001373291016,46.47999954223633,47.5,38.466835021972656,1072000,0.32,0.0
2018-11-09,47.20000076293945,48.0,47.06999969482422,47.95000076293945,38.83126449584961,1404800,0.0,0.0
2018-11-12,47.599998474121094,48.189998626708984,47.54999923706055,47.93000030517578,38.8150634765625,1441600,0.0,0.0
2018-11-13,47.970001220703125,48.20000076293945,47.68000030517578,48.0099983215332,38.87984848022461,1273700,0.0,0.0
2018-11-14,48.099998474121094,48.47999954223633,47.970001220703125,48.33000183105469,39.138999938964844,1692000,0.0,0.0
2018-11-15,47.9900016784668,48.560001373291016,47.9900016784668,48.400001525878906,39.195682525634766,1253900,0.0,0.0
2018-11-16,48.52000045776367,49.43000030517578,48.40999984741211,49.16999816894531,39.81924819946289,1082300,0.0,0.0
2018-11-19,49.189998626708984,49.400001525878906,48.709999084472656,48.849998474121094,39.56010437011719,1380900,0.0,0.0
2018-11-20,48.25,48.66999816894531,47.900001525878906,48.0,38.87174606323242,1623600,0.0,0.0
2018-11-21,47.84000015258789,48.56999969482422,47.810001373291016,48.5,39.27667236328125,1899900,0.0,0.0
2018-11-23,48.060001373291016,48.95000076293945,47.959999084472656,48.880001068115234,39.58440399169922,612200,0.0,0.0
2018-11-26,48.84000015258789,49.15999984741211,48.45000076293945,48.65999984741211,39.4062385559082,1877400,0.0,0.0
2018-11-27,48.45000076293945,48.61000061035156,48.20000076293945,48.439998626708984,39.22807693481445,1690300,0.0,0.0
2018-11-28,48.130001068115234,49.11000061035156,47.93000030517578,49.09000015258789,39.75446319580078,1759200,0.0,0.0
2018-11-29,48.70000076293945,49.2599983215332,48.619998931884766,48.72999954223633,39.46292495727539,1206800,0.0,0.0
2018-11-30,48.689998626708984,48.689998626708984,48.099998474121094,48.540000915527344,39.30906677246094,3009200,0.0,0.0
2018-12-03,48.41999816894531,48.47999954223633,47.59000015258789,47.619998931884766,38.56400680541992,1851600,0.0,0.0
2018-12-04,48.150001525878906,48.400001525878906,47.75,47.79999923706055,38.70978546142578,2410200,0.0,0.0
2018-12-06,47.400001525878906,47.91999816894531,46.880001068115234,47.91999816894531,38.80695724487305,1563900,0.0,0.0
2018-12-07,47.66999816894531,48.27000045776367,46.95000076293945,47.040000915527344,38.09431076049805,1205800,0.0,0.0
2018-12-10,47.2599983215332,47.52000045776367,46.779998779296875,47.33000183105469,38.329166412353516,1655600,0.0,0.0
2018-12-11,47.45000076293945,48.0099983215332,47.02000045776367,47.20000076293945,38.2238883972168,1237200,0.0,0.0
2018-12-12,47.66999816894531,47.66999816894531,46.779998779296875,46.84000015258789,37.93235397338867,2404300,0.0,0.0
2018-12-13,46.9900016784668,47.779998779296875,46.97999954223633,47.630001068115234,38.572113037109375,1752500,0.0,0.0
2018-12-14,47.349998474121094,47.7400016784668,47.099998474121094,47.279998779296875,38.28866958618164,1263200,0.0,0.0
2018-12-17,47.189998626708984,47.34000015258789,46.689998626708984,46.83000183105469,37.924251556396484,1186100,0.0,0.0
2018-12-18,46.83000183105469,47.13999938964844,46.529998779296875,46.84000015258789,37.93235397338867,1477000,0.0,0.0
2018-12-19,47.0,47.099998474121094,45.939998626708984,46.13999938964844,37.36547088623047,1645800,0.0,0.0
2018-12-20,46.18000030517578,46.43000030517578,45.65999984741211,46.15999984741211,37.38166809082031,1567900,0.0,0.0
2018-12-21,46.18000030517578,46.939998626708984,45.93000030517578,46.09000015258789,37.32497787475586,1668800,0.0,0.0
2018-12-24,46.220001220703125,46.220001220703125,45.43000030517578,45.540000915527344,36.879573822021484,350000,0.0,0.0
2018-12-26,45.220001220703125,46.349998474121094,45.220001220703125,46.29999923706055,37.49504089355469,881000,0.0,0.0
2018-12-27,45.849998474121094,46.15999984741211,45.20000076293945,46.13999938964844,37.36547088623047,952500,0.0,0.0
2018-12-28,46.25,46.27000045776367,45.45000076293945,45.529998779296875,36.8714714050293,1167500,0.0,0.0
2018-12-31,45.83000183105469,46.0099983215332,45.40999984741211,45.849998474121094,37.130619049072266,799900,0.0,0.0
2019-01-02,45.220001220703125,45.599998474121094,44.86000061035156,44.939998626708984,36.39366912841797,1100600,0.0,0.0
2019-01-03,45.0099983215332,45.2400016784668,44.459999084472656,44.47999954223633,36.021156311035156,1175200,0.0,0.0
2019-01-04,44.7599983215332,45.15999984741211,44.439998626708984,45.06999969482422,36.498958587646484,1264000,0.0,0.0
2019-01-07,45.70000076293945,46.09000015258789,45.189998626708984,46.029998779296875,37.27638626098633,1176700,0.0,0.0
2019-01-08,46.279998779296875,46.75,46.08000183105469,46.720001220703125,37.835174560546875,1313600,0.0,0.0
2019-01-09,46.58000183105469,46.77000045776367,46.369998931884766,46.56999969482422,37.71369552612305,1352200,0.0,0.0
2019-01-10,46.77000045776367,46.849998474121094,46.20000076293945,46.79999923706055,37.899959564208984,992200,0.0,0.0
2019-01-11,46.779998779296875,47.349998474121094,46.56999969482422,47.34000015258789,38.33726501464844,963000,0.0,0.0
2019-01-14,46.88999938964844,47.11000061035156,46.279998779296875,46.43000030517578,37.60032272338867,657400,0.0,0.0
2019-01-15,46.529998779296875,46.849998474121094,46.16999816894531,46.20000076293945,37.414066314697266,1001900,0.0,0.0
2019-01-16,46.119998931884766,46.27000045776367,45.68000030517578,45.900001525878906,37.17111587524414,1043200,0.0,0.0
2019-01-17,45.97999954223633,46.31999969482422,45.869998931884766,46.099998474121094,37.33307647705078,1074400,0.0,0.0
2019-01-18,46.27000045776367,46.5,46.16999816894531,46.20000076293945,37.414066314697266,861200,0.0,0.0
2019-01-22,46.04999923706055,46.04999923706055,45.15999984741211,45.869998931884766,37.14681625366211,1284800,0.0,0.0
2019-01-23,45.95000076293945,46.810001373291016,45.84000015258789,46.70000076293945,37.81897735595703,1029400,0.0,0.0
2019-01-24,46.4900016784668,46.52000045776367,46.099998474121094,46.2599983215332,37.462642669677734,881500,0.0,0.0
2019-01-25,46.18000030517578,46.189998626708984,45.02000045776367,45.08000183105469,36.507057189941406,1113400,0.0,0.0
2019-01-28,44.93000030517578,45.25,44.630001068115234,44.65999984741211,36.16691970825195,1871600,0.0,0.0
2019-01-29,45.04999923706055,45.7400016784668,44.959999084472656,45.709999084472656,37.01724624633789,1741400,0.0,0.0
2019-01-30,45.59000015258789,46.279998779296875,45.59000015258789,46.15999984741211,37.38166809082031,1560000,0.0,0.0
2019-01-31,46.27000045776367,47.650001525878906,46.209999084472656,47.58000183105469,38.531620025634766,1239300,0.0,0.0
2019-02-01,46.97999954223633,47.939998626708984,46.970001220703125,47.54999923706055,38.50732421875,1409600,0.0,0.0
2019-02-04,47.720001220703125,48.150001525878906,47.52000045776367,48.060001373291016,38.92034149169922,1174400,0.0,0.0
2019-02-05,48.02000045776367,48.38999938964844,47.65999984741211,48.209999084472656,39.041812896728516,1644400,0.0,0.0
2019-02-06,48.06999969482422,48.33000183105469,47.869998931884766,48.310001373291016,39.12279510498047,980600,0.0,0.0
2019-02-07,47.72999954223633,48.11000061035156,47.63999938964844,48.0,38.87174606323242,744500,0.0,0.0
2019-02-08,47.75,48.22999954223633,47.65999984741211,48.189998626708984,39.02561569213867,708700,0.0,0.0
2019-02-11,47.689998626708984,48.20000076293945,47.630001068115234,48.130001068115234,38.977027893066406,861600,0.0,0.0
2019-02-12,48.040000915527344,48.040000915527344,47.290000915527344,47.470001220703125,38.44253921508789,1087100,0.0,0.0
2019-02-13,47.310001373291016,47.91999816894531,47.25,47.45000076293945,38.42634201049805,1382200,0.0,0.0
2019-02-14,48.09000015258789,48.43000030517578,46.61000061035156,46.790000915527344,37.89186096191406,1760000,0.0,0.0
2019-02-15,47.060001373291016,47.18000030517578,46.5099983215332,46.68000030517578,37.80277633666992,1713000,0.0,0.0
2019-02-19,46.970001220703125,47.4900016784668,46.40999984741211,46.43000030517578,37.60032272338867,1602100,0.0,0.0
2019-02-20,46.75,46.77000045776367,46.33000183105469,46.459999084472656,37.6246223449707,1830400,0.0,0.0
2019-02-21,46.720001220703125,46.939998626708984,46.4900016784668,46.63999938964844,37.770381927490234,1327400,0.0,0.0
2019-02-22,46.31999969482422,47.189998626708984,46.220001220703125,47.09000015258789,38.134803771972656,1115400,0.0,0.0
2019-02-25,47.09000015258789,47.13999938964844,46.5099983215332,46.70000076293945,37.81897735595703,1023500,0.0,0.0
2019-02-26,47.25,47.31999969482422,46.439998626708984,46.56999969482422,37.71369552612305,1124900,0.0,0.0
2019-02-27,46.41999816894531,46.93000030517578,46.400001525878906,46.869998931884766,37.95663833618164,726400,0.0,0.0
2019-02-28,46.630001068115234,47.220001220703125,46.540000915527344,47.13999938964844,38.17529296875,1132700,0.0,0.0
2019-03-01,47.400001525878906,47.66999816894531,47.04999923706055,47.650001525878906,38.58831024169922,845800,0.0,0.0
2019-03-04,47.70000076293945,47.72999954223633,47.25,47.380001068115234,38.36965560913086,763600,0.0,0.0
2019-03-05,47.369998931884766,47.779998779296875,47.31999969482422,47.599998474121094,38.54781723022461,890600,0.0,0.0
2019-03-06,47.459999084472656,48.0099983215332,47.400001525878906,47.880001068115234,38.77457046508789,896700,0.0,0.0
2019-03-07,47.779998779296875,48.310001373291016,47.689998626708984,47.7599983215332,38.67738723754883,1041800,0.0,0.0
2019-03-08,47.849998474121094,47.869998931884766,47.439998626708984,47.83000183105469,38.73408126831055,746700,0.0,0.0
2019-03-11,48.0,49.040000915527344,47.91999816894531,49.0,39.681583404541016,1592500,0.0,0.0
2019-03-12,48.95000076293945,49.18000030517578,48.7599983215332,48.880001068115234,39.58440399169922,1078400,0.0,0.0
2019-03-13,48.720001220703125,49.060001373291016,48.65999984741211,48.810001373291016,39.5277099609375,1204700,0.0,0.0
2019-03-14,48.81999969482422,48.88999938964844,48.529998779296875,48.7599983215332,39.48722457885742,967200,0.0,0.0
2019-03-15,48.91999816894531,49.58000183105469,48.86000061035156,49.31999969482422,39.94071960449219,1780700,0.0,0.0
2019-03-18,49.349998474121094,49.70000076293945,49.130001068115234,49.599998474121094,40.16747283935547,814700,0.0,0.0
2019-03-19,49.72999954223633,49.81999969482422,49.290000915527344,49.43000030517578,40.029808044433594,1258600,0.0,0.0
2019-03-20,49.380001068115234,49.5099983215332,48.189998626708984,48.650001525878906,39.39814376831055,1936200,0.0,0.0
2019-03-21,48.56999969482422,49.54999923706055,48.5,49.5099983215332,40.09458923339844,1536100,0.0,0.0
2019-03-22,49.13999938964844,49.900001525878906,48.9900016784668,49.41999816894531,40.021705627441406,1153200,0.0,0.0
2019-03-25,49.209999084472656,49.70000076293945,49.04999923706055,49.16999816894531,39.81924819946289,1711800,0.0,0.0
2019-03-26,49.52000045776367,51.41999816894531,49.439998626708984,50.849998474121094,41.17975997924805,2742800,0.0,0.0
2019-03-27,50.65999984741211,51.150001525878906,50.61000061035156,51.06999969482422,41.35791778564453,1819700,0.0,0.0
2019-03-28,50.93000030517578,51.349998474121094,50.93000030517578,51.29999923706055,41.54418182373047,1122100,0.0,0.0
2019-03-29,51.29999923706055,51.93000030517578,51.290000915527344,51.7400016784668,41.900508880615234,2054600,0.0,0.0
2019-04-01,51.91999816894531,51.939998626708984,51.15999984741211,51.369998931884766,41.60087203979492,1417200,0.0,0.0
2019-04-02,51.27000045776367,51.650001525878906,50.75,50.849998474121094,41.17975997924805,1873800,0.0,0.0
2019-04-03,50.599998474121094,50.86000061035156,50.22999954223633,50.84000015258789,41.17166519165039,1589200,0.0,0.0
2019-04-04,50.75,50.970001220703125,50.59000015258789,50.970001220703125,41.276939392089844,1188400,0.0,0.0
2019-04-05,51.060001373291016,51.119998931884766,50.790000915527344,50.97999954223633,41.285037994384766,979100,0.0,0.0
2019-04-08,50.880001068115234,51.61000061035156,50.72999954223633,51.599998474121094,41.78712463378906,1157200,0.0,0.0
2019-04-09,51.279998779296875,51.599998474121094,51.209999084472656,51.5099983215332,41.714237213134766,958800,0.0,0.0
2019-04-10,51.38999938964844,51.599998474121094,51.11000061035156,51.150001525878906,41.422706604003906,1017100,0.0,0.0
2019-04-11,51.150001525878906,51.290000915527344,50.939998626708984,51.220001220703125,41.479393005371094,932600,0.0,0.0
2019-04-12,51.119998931884766,51.5,50.93000030517578,51.349998474121094,41.58467483520508,766500,0.0,0.0
2019-04-15,51.22999954223633,51.79999923706055,51.220001220703125,51.779998779296875,41.93290328979492,682400,0.0,0.0
2019-04-16,51.75,51.939998626708984,51.279998779296875,51.540000915527344,41.73854064941406,759500,0.0,0.0
2019-04-17,51.650001525878906,52.16999816894531,51.619998931884766,51.900001525878906,42.03007507324219,734200,0.0,0.0
2019-04-18,51.689998626708984,52.20000076293945,51.54999923706055,52.040000915527344,42.143455505371094,987600,0.0,0.0
2019-04-22,52.0,52.43000030517578,51.77000045776367,51.86000061035156,41.997684478759766,787100,0.0,0.0
2019-04-23,52.099998474121094,52.630001068115234,51.97999954223633,52.630001068115234,42.621253967285156,1201200,0.0,0.0
2019-04-24,52.599998474121094,53.08000183105469,52.349998474121094,52.38999938964844,42.4268913269043,856900,0.0,0.0
2019-04-25,52.040000915527344,52.56999969482422,51.9900016784668,52.43000030517578,42.459285736083984,607400,0.0,0.0
2019-04-26,52.45000076293945,52.75,52.22999954223633,52.47999954223633,42.49979019165039,734700,0.0,0.0
2019-04-29,52.47999954223633,52.97999954223633,52.47999954223633,52.959999084472656,42.88850402832031,1173000,0.0,0.0
2019-04-30,53.439998626708984,53.779998779296875,52.84000015258789,53.59000015258789,43.3986930847168,1284300,0.0,0.0
2019-05-01,53.56999969482422,54.15999984741211,53.369998931884766,53.439998626708984,43.27721405029297,1011500,0.0,0.0
2019-05-02,53.369998931884766,53.77000045776367,53.2599983215332,53.650001525878906,43.44728088378906,694400,0.0,0.0
2019-05-03,53.77000045776367,54.560001373291016,53.7400016784668,54.380001068115234,44.03845977783203,908600,0.0,0.0
2019-05-06,53.83000183105469,54.779998779296875,53.83000183105469,54.4900016784668,44.127532958984375,1883700,0.0,0.0
2019-05-07,54.310001373291016,54.599998474121094,53.790000915527344,54.099998474121094,43.81170654296875,978900,0.0,0.0
2019-05-08,54.22999954223633,54.56999969482422,54.0099983215332,54.20000076293945,43.89268112182617,1636400,0.0,0.0
2019-05-09,53.88999938964844,54.150001525878906,53.290000915527344,53.70000076293945,43.48776626586914,809600,0.0,0.0
2019-05-10,53.66999816894531,54.84000015258789,53.540000915527344,54.689998626708984,44.28949737548828,1065500,0.0,0.0
2019-05-13,54.18000030517578,54.880001068115234,53.959999084472656,54.709999084472656,44.305694580078125,625500,0.0,0.0
2019-05-14,54.97999954223633,55.59000015258789,54.959999084472656,55.130001068115234,44.64582824707031,1892000,0.0,0.0
2019-05-15,55.0,55.810001373291016,55.0,55.70000076293945,45.107425689697266,1051600,0.0,0.0
2019-05-16,55.709999084472656,56.400001525878906,55.709999084472656,56.220001220703125,45.52853775024414,1180900,0.0,0.0
2019-05-17,56.290000915527344,56.959999084472656,56.25,56.709999084472656,45.92536163330078,1069800,0.0,0.0
2019-05-20,55.7400016784668,56.79999923706055,55.540000915527344,56.77000045776367,45.97394943237305,874400,0.0,0.0
2019-05-21,56.81999969482422,57.13999938964844,56.220001220703125,56.310001373291016,45.60142135620117,824900,0.0,0.0
2019-05-22,56.2400016784668,57.02000045776367,56.209999084472656,56.91999816894531,46.09541702270508,842800,0.0,0.0
2019-05-23,56.22999954223633,56.52000045776367,55.790000915527344,55.849998474121094,45.78389358520508,995800,0.69,0.0
2019-05-24,55.849998474121094,56.41999816894531,55.849998474121094,56.150001525878906,46.02983474731445,919000,0.0,0.0
2019-05-28,56.209999084472656,56.36000061035156,55.29999923706055,55.560001373291016,45.54617691040039,4033300,0.0,0.0
2019-05-29,55.029998779296875,55.27000045776367,54.529998779296875,54.77000045776367,44.898563385009766,1534600,0.0,0.0
2019-05-30,54.900001525878906,55.619998931884766,54.83000183105469,55.540000915527344,45.52977752685547,939800,0.0,0.0
2019-05-31,55.040000915527344,55.81999969482422,54.88999938964844,55.400001525878906,45.415008544921875,1076700,0.0,0.0
2019-06-03,55.40999984741211,56.65999984741211,55.40999984741211,56.45000076293945,46.27576446533203,1090200,0.0,0.0
2019-06-04,56.65999984741211,57.06999969482422,56.06999969482422,56.52000045776367,46.33314895629883,1311400,0.0,0.0
2019-06-05,56.70000076293945,56.939998626708984,56.41999816894531,56.7400016784668,46.51350021362305,1276300,0.0,0.0
2019-06-06,56.72999954223633,57.93000030517578,56.72999954223633,57.349998474121094,47.013553619384766,1308000,0.0,0.0
2019-06-07,57.689998626708984,58.349998474121094,57.54999923706055,57.61000061035156,47.2266960144043,923000,0.0,0.0
2019-06-10,57.90999984741211,57.90999984741211,57.29999923706055,57.720001220703125,47.31686782836914,786600,0.0,0.0
2019-06-11,57.650001525878906,58.2400016784668,57.56999969482422,58.2400016784668,47.74314498901367,1141300,0.0,0.0
2019-06-12,57.220001220703125,58.31999969482422,57.060001373291016,57.869998931884766,47.4398307800293,1248400,0.0,0.0
2019-06-13,57.79999923706055,57.95000076293945,57.209999084472656,57.349998474121094,47.013553619384766,2147800,0.0,0.0
2019-06-14,56.81999969482422,57.04999923706055,56.349998474121094,56.7400016784668,46.51350021362305,2120600,0.0,0.0
2019-06-17,56.849998474121094,57.470001220703125,56.7599983215332,57.45000076293945,47.09553527832031,1364700,0.0,0.0
2019-06-18,57.70000076293945,57.70000076293945,56.58000183105469,56.58000183105469,46.38233184814453,1344800,0.0,0.0
2019-06-19,56.459999084472656,57.7400016784668,56.459999084472656,57.66999816894531,47.27587890625,1054900,0.0,0.0
2019-06-20,57.75,57.970001220703125,57.2599983215332,57.40999984741211,47.06273651123047,1328000,0.0,0.0
2019-06-21,56.849998474121094,57.439998626708984,56.2599983215332,57.34000015258789,47.00535583496094,2275500,0.0,0.0
2019-06-24,57.31999969482422,57.59000015258789,57.06999969482422,57.189998626708984,46.88239288330078,896700,0.0,0.0
2019-06-25,57.25,57.52000045776367,56.880001068115234,56.900001525878906,46.64466094970703,1180100,0.0,0.0
2019-06-26,56.720001220703125,56.790000915527344,55.470001220703125,55.5,45.49698257446289,1113800,0.0,0.0
2019-06-27,55.369998931884766,55.70000076293945,55.09000015258789,55.5,45.49698257446289,1488800,0.0,0.0
2019-06-28,55.40999984741211,56.560001373291016,55.220001220703125,56.5,46.316749572753906,1803500,0.0,0.0
2019-07-01,56.470001220703125,56.650001525878906,56.040000915527344,56.630001068115234,46.42332077026367,903800,0.0,0.0
2019-07-02,56.689998626708984,57.310001373291016,56.59000015258789,57.119998931884766,46.82501220703125,881700,0.0,0.0
2019-07-03,57.209999084472656,58.189998626708984,57.16999816894531,57.88999938964844,47.45622634887695,571000,0.0,0.0
2019-07-05,57.29999923706055,58.11000061035156,57.13999938964844,57.900001525878906,47.46442413330078,865700,0.0,0.0
2019-07-08,57.81999969482422,58.119998931884766,57.63999938964844,57.849998474121094,47.423439025878906,1000700,0.0,0.0
2019-07-09,57.75,57.970001220703125,57.209999084472656,57.310001373291016,46.98076629638672,949900,0.0,0.0
2019-07-10,57.36000061035156,57.77000045776367,57.040000915527344,57.040000915527344,46.75943374633789,852000,0.0,0.0
2019-07-11,56.93000030517578,57.04999923706055,56.560001373291016,56.959999084472656,46.69384765625,719500,0.0,0.0
2019-07-12,56.97999954223633,57.209999084472656,56.689998626708984,57.15999984741211,46.8577995300293,889000,0.0,0.0
2019-07-15,57.29999923706055,57.880001068115234,57.2599983215332,57.58000183105469,47.20209884643555,870700,0.0,0.0
2019-07-16,57.439998626708984,57.560001373291016,56.95000076293945,57.040000915527344,46.75943374633789,1574800,0.0,0.0
2019-07-17,57.220001220703125,57.33000183105469,56.33000183105469,56.349998474121094,46.193790435791016,1008700,0.0,0.0
2019-07-18,56.5,56.779998779296875,56.150001525878906,56.650001525878906,46.43971252441406,1492900,0.0,0.0
2019-07-19,56.75,57.2400016784668,56.459999084472656,56.61000061035156,46.40692901611328,639800,0.0,0.0
2019-07-22,56.68000030517578,57.36000061035156,56.4900016784668,57.15999984741211,46.8577995300293,674000,0.0,0.0
2019-07-23,57.5099983215332,57.720001220703125,57.18000030517578,57.560001373291016,47.185707092285156,852900,0.0,0.0
2019-07-24,57.25,57.540000915527344,56.47999954223633,56.54999923706055,46.35773849487305,951500,0.0,0.0
2019-07-25,56.41999816894531,56.9900016784668,56.209999084472656,56.40999984741211,46.24297332763672,946000,0.0,0.0
2019-07-26,56.52000045776367,57.4900016784668,56.52000045776367,57.33000183105469,46.99715805053711,1100000,0.0,0.0
2019-07-29,57.43000030517578,57.43000030517578,56.7599983215332,57.29999923706055,46.972564697265625,543300,0.0,0.0
2019-07-30,56.75,56.95000076293945,56.150001525878906,56.349998474121094,46.193790435791016,655400,0.0,0.0
2019-07-31,56.25,56.2599983215332,55.060001373291016,55.279998779296875,45.3166389465332,1333300,0.0,0.0
2019-08-01,55.599998474121094,56.68000030517578,55.380001068115234,55.540000915527344,45.52977752685547,1153800,0.0,0.0
2019-08-02,55.70000076293945,55.91999816894531,55.27000045776367,55.459999084472656,45.46419906616211,786200,0.0,0.0
2019-08-05,55.369998931884766,55.52000045776367,53.779998779296875,54.33000183105469,44.53786849975586,1245400,0.0,0.0
2019-08-06,54.61000061035156,55.029998779296875,54.29999923706055,54.81999969482422,44.939544677734375,972600,0.0,0.0
2019-08-07,54.84000015258789,55.68000030517578,54.31999969482422,55.43000030517578,45.439605712890625,973100,0.0,0.0
2019-08-08,55.95000076293945,55.95000076293945,54.439998626708984,55.84000015258789,45.77571105957031,1251400,0.0,0.0
2019-08-09,56.08000183105469,56.349998474121094,55.5,55.56999969482422,45.55437088012695,1035100,0.0,0.0
2019-08-12,55.31999969482422,55.5099983215332,54.9900016784668,55.16999816894531,45.22646713256836,1197500,0.0,0.0
2019-08-13,54.560001373291016,54.9900016784668,53.849998474121094,54.36000061035156,44.56245422363281,1931900,0.0,0.0
2019-08-14,54.130001068115234,54.61000061035156,53.59000015258789,53.66999816894531,43.99681091308594,1464600,0.0,0.0
2019-08-15,53.91999816894531,54.54999923706055,53.66999816894531,54.150001525878906,44.39030456542969,1759600,0.0,0.0
2019-08-16,54.34000015258789,55.189998626708984,54.15999984741211,55.099998474121094,45.16908264160156,1120000,0.0,0.0
2019-08-19,55.130001068115234,55.459999084472656,55.029998779296875,55.11000061035156,45.17728042602539,793400,0.0,0.0
2019-08-20,54.939998626708984,54.95000076293945,53.900001525878906,54.27000045776367,44.48867416381836,1874500,0.0,0.0
2019-08-21,54.52000045776367,55.97999954223633,54.33000183105469,55.060001373291016,45.13629913330078,1155100,0.0,0.0
2019-08-22,54.68000030517578,55.220001220703125,54.380001068115234,54.81999969482422,44.939544677734375,1228100,0.0,0.0
2019-08-23,54.380001068115234,55.08000183105469,54.060001373291016,54.189998626708984,44.423091888427734,1201100,0.0,0.0
2019-08-26,54.33000183105469,54.810001373291016,54.189998626708984,54.779998779296875,44.90675354003906,1634300,0.0,0.0
2019-08-27,54.75,55.68000030517578,54.439998626708984,55.4900016784668,45.48878860473633,1542200,0.0,0.0
2019-08-28,55.2400016784668,55.83000183105469,54.75,55.720001220703125,45.677337646484375,2181300,0.0,0.0
2019-08-29,55.81999969482422,56.720001220703125,55.81999969482422,56.040000915527344,45.93966293334961,1624700,0.0,0.0
2019-08-30,56.06999969482422,56.470001220703125,55.880001068115234,56.34000015258789,46.18558883666992,1049600,0.0,0.0
2019-09-03,56.08000183105469,56.41999816894531,55.599998474121094,55.72999954223633,45.68553924560547,1017000,0.0,0.0
2019-09-04,55.97999954223633,56.75,55.939998626708984,56.2599983215332,46.12001037597656,876700,0.0,0.0
2019-09-05,56.59000015258789,56.619998931884766,55.599998474121094,55.720001220703125,45.677337646484375,1093300,0.0,0.0
2019-09-06,55.869998931884766,56.060001373291016,55.619998931884766,55.65999984741211,45.628150939941406,782600,0.0,0.0
2019-09-09,55.529998779296875,55.529998779296875,54.650001525878906,55.029998779296875,45.111698150634766,1017700,0.0,0.0
2019-09-10,54.33000183105469,54.88999938964844,53.70000076293945,54.849998474121094,44.96413803100586,1459700,0.0,0.0
2019-09-11,54.63999938964844,55.630001068115234,54.52000045776367,55.58000183105469,45.562564849853516,991700,0.0,0.0
2019-09-12,55.869998931884766,56.59000015258789,55.59000015258789,56.08000183105469,45.972450256347656,1432700,0.0,0.0
2019-09-13,55.970001220703125,56.650001525878906,55.630001068115234,55.779998779296875,45.726524353027344,880300,0.0,0.0
2019-09-16,55.40999984741211,55.720001220703125,54.97999954223633,55.0,45.08710861206055,788600,0.0,0.0
2019-09-17,54.939998626708984,55.959999084472656,54.540000915527344,55.68000030517578,45.6445426940918,1083200,0.0,0.0
2019-09-18,55.72999954223633,55.81999969482422,55.119998931884766,55.70000076293945,45.66094207763672,1073300,0.0,0.0
2019-09-19,55.599998474121094,56.63999938964844,55.599998474121094,56.09000015258789,45.98064422607422,1697900,0.0,0.0
2019-09-20,56.31999969482422,56.689998626708984,56.099998474121094,56.099998474121094,45.98884582519531,1217800,0.0,0.0
2019-09-23,55.91999816894531,56.29999923706055,55.7400016784668,55.93000030517578,45.8494873046875,591100,0.0,0.0
2019-09-24,55.970001220703125,56.220001220703125,55.209999084472656,55.2599983215332,45.30024719238281,1029700,0.0,0.0
2019-09-25,55.2400016784668,55.540000915527344,54.86000061035156,55.2599983215332,45.30024719238281,1435600,0.0,0.0
2019-09-26,55.4900016784668,56.08000183105469,55.45000076293945,55.689998626708984,45.65273666381836,733300,0.0,0.0
2019-09-27,55.59000015258789,55.77000045776367,54.59000015258789,55.040000915527344,45.11989974975586,888400,0.0,0.0
2019-09-30,55.310001373291016,56.0,55.310001373291016,55.45000076293945,45.45600128173828,977900,0.0,0.0
2019-10-01,55.599998474121094,56.189998626708984,55.34000015258789,55.869998931884766,45.80029296875,803900,0.0,0.0
2019-10-02,55.810001373291016,56.11000061035156,54.849998474121094,55.099998474121094,45.16908264160156,1094600,0.0,0.0
2019-10-03,55.38999938964844,55.63999938964844,55.0,55.45000076293945,45.45600128173828,858600,0.0,0.0
2019-10-04,55.689998626708984,56.34000015258789,55.65999984741211,56.29999923706055,46.15279769897461,727700,0.0,0.0
2019-10-07,56.18000030517578,56.45000076293945,55.9900016784668,56.25,46.111812591552734,1042000,0.0,0.0
2019-10-08,56.209999084472656,56.33000183105469,55.310001373291016,55.58000183105469,45.562564849853516,1346400,0.0,0.0
2019-10-09,55.59000015258789,56.11000061035156,55.41999816894531,55.90999984741211,45.83309555053711,674700,0.0,0.0
2019-10-10,55.810001373291016,56.4900016784668,55.599998474121094,56.18000030517578,46.05442810058594,602800,0.0,0.0
2019-10-11,56.349998474121094,56.77000045776367,56.099998474121094,56.5099983215332,46.324951171875,634500,0.0,0.0
2019-10-14,56.70000076293945,57.18000030517578,56.56999969482422,56.81999969482422,46.57907485961914,1083400,0.0,0.0
2019-10-15,56.93000030517578,57.56999969482422,56.93000030517578,57.25,46.931575775146484,1163100,0.0,0.0
2019-10-16,57.4900016784668,57.9900016784668,57.189998626708984,57.7400016784668,47.33326721191406,863900,0.0,0.0
2019-10-17,57.93000030517578,58.41999816894531,57.900001525878906,58.2400016784668,47.74314498901367,964200,0.0,0.0
2019-10-18,58.33000183105469,58.90999984741211,57.84000015258789,58.77000045776367,48.17761993408203,980200,0.0,0.0
2019-10-21,58.619998931884766,58.900001525878906,58.349998474121094,58.56999969482422,48.013668060302734,634200,0.0,0.0
2019-10-22,58.59000015258789,58.939998626708984,58.11000061035156,58.18000030517578,47.693965911865234,691300,0.0,0.0
2019-10-23,58.060001373291016,58.5,57.95000076293945,58.349998474121094,47.833316802978516,892200,0.0,0.0
2019-10-24,55.79999923706055,57.66999816894531,54.470001220703125,54.88999938964844,44.99692916870117,1961100,0.0,0.0
2019-10-25,54.66999816894531,54.81999969482422,53.31999969482422,54.189998626708984,44.423091888427734,1625800,0.0,0.0
2019-10-28,53.95000076293945,54.34000015258789,53.279998779296875,53.439998626708984,43.80826950073242,1559600,0.0,0.0
2019-10-29,53.20000076293945,53.560001373291016,52.470001220703125,53.0099983215332,43.45576477050781,1018000,0.0,0.0
2019-10-30,53.36000061035156,53.91999816894531,52.970001220703125,53.68000030517578,44.00501251220703,906900,0.0,0.0
2019-10-31,53.650001525878906,53.81999969482422,53.279998779296875,53.5099983215332,43.86565017700195,1090500,0.0,0.0
2019-11-01,53.869998931884766,54.52000045776367,53.68000030517578,53.849998474121094,44.14437484741211,1025700,0.0,0.0
2019-11-04,53.720001220703125,53.790000915527344,51.29999923706055,51.43000030517578,42.16054153442383,1759300,0.0,0.0
2019-11-05,51.25,52.119998931884766,51.220001220703125,51.97999954223633,42.61141586303711,1305900,0.0,0.0
2019-11-06,52.119998931884766,52.279998779296875,51.47999954223633,51.54999923706055,42.2589111328125,1291400,0.0,0.0
2019-11-07,51.95000076293945,52.20000076293945,51.13999938964844,51.13999938964844,41.92280578613281,1526900,0.0,0.0
2019-11-08,51.2400016784668,51.66999816894531,51.20000076293945,51.290000915527344,42.0457763671875,1349300,0.0,0.0
2019-11-11,51.529998779296875,51.7599983215332,51.06999969482422,51.65999984741211,42.349082946777344,1097000,0.0,0.0
2019-11-12,51.63999938964844,51.95000076293945,51.150001525878906,51.380001068115234,42.11954879760742,707700,0.0,0.0
2019-11-13,51.349998474121094,52.220001220703125,51.310001373291016,51.880001068115234,42.52943801879883,930200,0.0,0.0
2019-11-14,51.86000061035156,52.369998931884766,51.81999969482422,52.09000015258789,42.70158386230469,591300,0.0,0.0
2019-11-15,52.09000015258789,52.20000076293945,51.689998626708984,51.77000045776367,42.43926239013672,574600,0.0,0.0
2019-11-18,51.20000076293945,51.97999954223633,51.16999816894531,51.310001373291016,42.63035583496094,632100,0.69,0.0
2019-11-19,51.33000183105469,51.470001220703125,50.779998779296875,50.9900016784668,42.36449432373047,1206200,0.0,0.0
2019-11-20,51.0,51.310001373291016,50.650001525878906,50.66999816894531,42.09861755371094,2186600,0.0,0.0
2019-11-21,51.09000015258789,51.189998626708984,50.619998931884766,50.75,42.16508483886719,1105300,0.0,0.0
2019-11-22,50.66999816894531,50.939998626708984,50.040000915527344,50.16999816894531,41.68320083618164,1102700,0.0,0.0
2019-11-25,50.380001068115234,50.56999969482422,49.869998931884766,50.16999816894531,41.68320083618164,1246900,0.0,0.0
2019-11-26,50.220001220703125,50.75,50.060001373291016,50.5099983215332,41.96567916870117,2332300,0.0,0.0
2019-11-27,50.2599983215332,50.9900016784668,50.20000076293945,50.70000076293945,42.12354278564453,772600,0.0,0.0
2019-11-29,50.810001373291016,51.060001373291016,50.400001525878906,50.459999084472656,41.92414855957031,524800,0.0,0.0
2019-12-02,50.45000076293945,50.84000015258789,50.279998779296875,50.70000076293945,42.12354278564453,1278200,0.0,0.0
2019-12-03,50.88999938964844,51.380001068115234,50.54999923706055,50.63999938964844,42.073692321777344,1280100,0.0,0.0
2019-12-04,50.68000030517578,51.0099983215332,50.560001373291016,50.790000915527344,42.19832229614258,972600,0.0,0.0
2019-12-05,50.40999984741211,50.58000183105469,49.9900016784668,50.13999938964844,41.65827178955078,974200,0.0,0.0
2019-12-06,50.29999923706055,50.41999816894531,49.7400016784668,49.81999969482422,41.39240646362305,781900,0.0,0.0
2019-12-09,49.84000015258789,49.939998626708984,49.56999969482422,49.56999969482422,41.1846923828125,921800,0.0,0.0
2019-12-10,49.66999816894531,49.75,49.25,49.59000015258789,41.20131301879883,1082600,0.0,0.0
2019-12-11,49.77000045776367,50.22999954223633,49.66999816894531,50.16999816894531,41.68320083618164,930800,0.0,0.0
2019-12-12,50.220001220703125,50.290000915527344,49.599998474121094,49.63999938964844,41.24285125732422,762900,0.0,0.0
2019-12-13,49.790000915527344,50.060001373291016,49.720001220703125,50.040000915527344,41.57518768310547,807400,0.0,0.0
2019-12-16,50.130001068115234,50.310001373291016,49.88999938964844,50.15999984741211,41.674896240234375,1052300,0.0,0.0
2019-12-17,50.31999969482422,50.31999969482422,49.540000915527344,49.810001373291016,41.384098052978516,930700,0.0,0.0
2019-12-18,50.09000015258789,50.18000030517578,49.83000183105469,50.0,41.541954040527344,802400,0.0,0.0
2019-12-19,50.04999923706055,50.150001525878906,49.77000045776367,50.0099983215332,41.550270080566406,679400,0.0,0.0
2019-12-20,50.040000915527344,50.7400016784668,49.65999984741211,50.58000183105469,42.023841857910156,1351900,0.0,0.0
2019-12-23,50.65999984741211,51.06999969482422,50.439998626708984,50.689998626708984,42.115234375,671500,0.0,0.0
2019-12-24,50.560001373291016,50.7400016784668,50.310001373291016,50.529998779296875,41.9822998046875,237500,0.0,0.0
2019-12-26,50.72999954223633,50.7400016784668,50.45000076293945,50.630001068115234,42.06538772583008,286700,0.0,0.0
2019-12-27,50.72999954223633,51.040000915527344,50.619998931884766,50.93000030517578,42.314640045166016,378000,0.0,0.0
2019-12-30,50.79999923706055,50.97999954223633,50.529998779296875,50.709999084472656,42.13185501098633,512000,0.0,0.0
2019-12-31,50.709999084472656,50.90999984741211,50.61000061035156,50.880001068115234,42.273094177246094,486500,0.0,0.0
2020-01-02,50.9900016784668,51.2400016784668,50.599998474121094,50.93000030517578,42.314640045166016,759900,0.0,0.0
2020-01-03,50.4900016784668,51.349998474121094,50.4900016784668,51.220001220703125,42.55558395385742,704800,0.0,0.0
2020-01-06,51.22999954223633,51.459999084472656,51.029998779296875,51.38999938964844,42.69681930541992,678700,0.0,0.0
2020-01-07,51.09000015258789,51.18000030517578,49.400001525878906,49.4900016784668,41.118228912353516,1367200,0.0,0.0
2020-01-08,50.0099983215332,51.599998474121094,50.0099983215332,51.099998474121094,42.45587921142578,1111000,0.0,0.0
2020-01-09,51.04999923706055,51.2400016784668,50.65999984741211,50.849998474121094,42.248165130615234,1112000,0.0,0.0
2020-01-10,51.040000915527344,51.2599983215332,50.959999084472656,51.060001373291016,42.42264175415039,684800,0.0,0.0
2020-01-13,50.880001068115234,51.33000183105469,50.61000061035156,51.16999816894531,42.5140380859375,827200,0.0,0.0
2020-01-14,51.369998931884766,51.63999938964844,51.02000045776367,51.33000183105469,42.646976470947266,928500,0.0,0.0
2020-01-15,52.56999969482422,53.119998931884766,52.349998474121094,52.75,43.82676315307617,1018900,0.0,0.0
2020-01-16,53.08000183105469,53.20000076293945,52.720001220703125,53.130001068115234,44.142486572265625,1086900,0.0,0.0
2020-01-17,53.650001525878906,53.75,53.34000015258789,53.540000915527344,44.483131408691406,819400,0.0,0.0
2020-01-21,53.2400016784668,53.52000045776367,52.720001220703125,52.900001525878906,43.951393127441406,1115300,0.0,0.0
2020-01-22,53.380001068115234,53.63999938964844,53.15999984741211,53.47999954223633,44.43327713012695,808900,0.0,0.0
2020-01-23,53.220001220703125,53.400001525878906,52.72999954223633,53.11000061035156,44.12586975097656,886200,0.0,0.0
2020-01-24,53.400001525878906,53.56999969482422,52.790000915527344,53.119998931884766,44.134178161621094,892100,0.0,0.0
2020-01-27,52.61000061035156,53.16999816894531,52.5,52.849998474121094,43.90985107421875,610300,0.0,0.0
2020-01-28,52.849998474121094,53.34000015258789,52.84000015258789,52.9900016784668,44.02616500854492,580800,0.0,0.0
2020-01-29,53.099998474121094,53.369998931884766,52.7400016784668,52.810001373291016,43.87662124633789,531500,0.0,0.0
2020-01-30,52.880001068115234,53.13999938964844,52.369998931884766,53.119998931884766,44.134178161621094,469200,0.0,0.0
2020-01-31,53.29999923706055,53.52000045776367,52.54999923706055,52.61000061035156,43.710453033447266,864400,0.0,0.0
2020-02-03,52.97999954223633,53.77000045776367,52.97999954223633,53.43000030517578,44.39173889160156,1114800,0.0,0.0
2020-02-04,53.33000183105469,54.25,53.279998779296875,53.52000045776367,44.46650695800781,957400,0.0,0.0
2020-02-05,54.060001373291016,54.130001068115234,53.400001525878906,53.40999984741211,44.3751220703125,788300,0.0,0.0
2020-02-06,53.33000183105469,53.90999984741211,53.189998626708984,53.72999954223633,44.640987396240234,896200,0.0,0.0
2020-02-07,53.790000915527344,54.040000915527344,53.650001525878906,53.70000076293945,44.616058349609375,603600,0.0,0.0
2020-02-10,53.650001525878906,54.119998931884766,53.58000183105469,53.68000030517578,44.59944534301758,890700,0.0,0.0
2020-02-11,53.56999969482422,53.900001525878906,53.369998931884766,53.72999954223633,44.640987396240234,1260800,0.0,0.0
2020-02-12,53.439998626708984,53.650001525878906,52.220001220703125,52.38999938964844,43.52766036987305,1144300,0.0,0.0
2020-02-13,53.2599983215332,56.15999984741211,53.25,54.650001525878906,45.405357360839844,1326600,0.0,0.0
2020-02-14,55.0,55.349998474121094,54.77000045776367,55.150001525878906,45.820777893066406,815100,0.0,0.0
2020-02-18,55.220001220703125,55.709999084472656,54.849998474121094,55.0099983215332,45.7044563293457,1247300,0.0,0.0
2020-02-19,55.310001373291016,55.56999969482422,54.95000076293945,54.970001220703125,45.67123031616211,765300,0.0,0.0
2020-02-20,55.09000015258789,56.0099983215332,54.709999084472656,55.90999984741211,46.45222091674805,1691500,0.0,0.0
2020-02-21,55.88999938964844,57.11000061035156,55.849998474121094,56.66999816894531,47.083648681640625,1306500,0.0,0.0
2020-02-24,55.5,56.189998626708984,55.459999084472656,55.779998779296875,46.34420394897461,1052600,0.0,0.0
2020-02-25,55.689998626708984,55.790000915527344,54.04999923706055,54.11000061035156,44.95670700073242,1043400,0.0,0.0
2020-02-26,54.209999084472656,54.88999938964844,54.029998779296875,54.06999969482422,44.92346954345703,1327600,0.0,0.0
2020-02-27,53.689998626708984,54.66999816894531,52.79999923706055,52.81999969482422,43.88492202758789,1954700,0.0,0.0
2020-02-28,51.75,51.970001220703125,50.22999954223633,50.959999084472656,42.339569091796875,2606100,0.0,0.0
2020-03-02,51.130001068115234,53.63999938964844,51.09000015258789,53.43000030517578,44.39173889160156,1731600,0.0,0.0
2020-03-03,53.619998931884766,54.650001525878906,52.4900016784668,52.529998779296875,43.64398193359375,1259000,0.0,0.0
2020-03-04,53.36000061035156,55.25,53.279998779296875,55.220001220703125,45.87894058227539,1254700,0.0,0.0
2020-03-05,54.20000076293945,54.380001068115234,53.31999969482422,53.529998779296875,44.47481918334961,1432800,0.0,0.0
2020-03-06,52.41999816894531,53.72999954223633,51.97999954223633,52.790000915527344,43.8599967956543,1023800,0.0,0.0
2020-03-09,51.560001373291016,51.560001373291016,48.4900016784668,48.4900016784668,40.287391662597656,1885800,0.0,0.0
2020-03-10,49.130001068115234,49.90999984741211,47.31999969482422,49.40999984741211,41.0517578125,1650700,0.0,0.0
2020-03-11,47.72999954223633,48.25,45.58000183105469,45.91999816894531,38.152130126953125,1813000,0.0,0.0
2020-03-12,43.06999969482422,43.439998626708984,37.20000076293945,39.470001220703125,32.7932243347168,2620900,0.0,0.0
2020-03-13,41.630001068115234,44.16999816894531,40.22999954223633,43.91999816894531,36.490455627441406,3256300,0.0,0.0
2020-03-16,37.65999984741211,37.869998931884766,34.7400016784668,35.790000915527344,29.735734939575195,2061400,0.0,0.0
2020-03-17,36.08000183105469,36.72999954223633,32.540000915527344,32.959999084472656,27.38445472717285,2396300,0.0,0.0
2020-03-18,31.770000457763672,32.810001373291016,30.510000228881836,32.06999969482422,26.64501190185547,3043200,0.0,0.0
2020-03-19,32.369998931884766,32.650001525878906,28.520000457763672,30.950000762939453,25.714473724365234,5000800,0.0,0.0
2020-03-20,31.920000076293945,35.4900016784668,30.809999465942383,31.469999313354492,26.146507263183594,2827500,0.0,0.0
2020-03-23,31.209999084472656,32.04999923706055,28.350000381469727,29.709999084472656,24.68423080444336,2301900,0.0,0.0
2020-03-24,31.959999084472656,32.40999984741211,30.260000228881836,30.790000915527344,25.58153533935547,1732200,0.0,0.0
2020-03-25,31.299999237060547,32.75,30.329999923706055,30.6299991607666,25.44860076904297,10565900,0.0,0.0
2020-03-26,31.950000762939453,33.95000076293945,31.270000457763672,33.45000076293945,27.791566848754883,4906000,0.0,0.0
2020-03-27,32.709999084472656,35.22999954223633,32.5099983215332,33.560001373291016,27.882965087890625,4324000,0.0,0.0
2020-03-30,33.959999084472656,36.88999938964844,33.56999969482422,36.79999923706055,30.574880599975586,4392000,0.0,0.0
2020-03-31,36.869998931884766,38.36000061035156,36.869998931884766,37.529998779296875,31.181392669677734,4293100,0.0,0.0
2020-04-01,35.779998779296875,37.560001373291016,35.7599983215332,37.0099983215332,30.749359130859375,6206000,0.0,0.0
2020-04-02,37.0099983215332,37.779998779296875,36.41999816894531,37.41999816894531,31.090002059936523,2622300,0.0,0.0
2020-04-03,36.40999984741211,37.25,36.33000183105469,37.040000915527344,30.774280548095703,1689100,0.0,0.0
2020-04-06,38.380001068115234,41.939998626708984,38.349998474121094,41.869998931884766,34.787235260009766,3235600,0.0,0.0
2020-04-07,41.470001220703125,45.939998626708984,41.06999969482422,43.709999084472656,36.315975189208984,5290200,0.0,0.0
2020-04-08,43.060001373291016,43.97999954223633,42.560001373291016,43.77000045776367,36.36582946777344,1763900,0.0,0.0
2020-04-09,43.869998931884766,44.65999984741211,43.150001525878906,43.63999938964844,36.25782012939453,1237500,0.0,0.0
2020-04-13,43.38999938964844,43.38999938964844,41.81999969482422,42.16999816894531,35.036476135253906,738500,0.0,0.0
2020-04-14,42.52000045776367,43.70000076293945,41.66999816894531,43.630001068115234,36.249507904052734,1659100,0.0,0.0
2020-04-15,42.209999084472656,42.209999084472656,41.04999923706055,41.88999938964844,34.80384826660156,1334900,0.0,0.0
2020-04-16,41.52000045776367,42.13999938964844,40.689998626708984,41.04999923706055,34.1059455871582,1729500,0.0,0.0
2020-04-17,41.290000915527344,41.970001220703125,40.630001068115234,41.619998931884766,34.579524993896484,1600800,0.0,0.0
2020-04-20,41.4900016784668,41.63999938964844,40.349998474121094,40.61000061035156,33.740379333496094,1356000,0.0,0.0
2020-04-21,40.0,40.2400016784668,38.65999984741211,38.81999969482422,32.25318145751953,2141800,0.0,0.0
2020-04-22,39.33000183105469,40.59000015258789,39.0,40.290000915527344,33.47450637817383,1712100,0.0,0.0
2020-04-23,40.72999954223633,41.0,39.13999938964844,39.279998779296875,32.63536071777344,1457900,0.0,0.0
2020-04-24,39.56999969482422,40.279998779296875,39.11000061035156,40.25,33.4412727355957,1259800,0.0,0.0
2020-04-27,40.68000030517578,41.65999984741211,40.56999969482422,41.43000030517578,34.421661376953125,1302500,0.0,0.0
2020-04-28,42.08000183105469,42.369998931884766,39.970001220703125,40.08000183105469,33.3000373840332,1575200,0.0,0.0
2020-04-29,39.88999938964844,42.119998931884766,39.77000045776367,41.66999816894531,34.62106704711914,1090900,0.0,0.0
2020-04-30,41.02000045776367,41.09000015258789,39.31999969482422,39.63999938964844,32.9344596862793,2118100,0.0,0.0
2020-05-01,39.220001220703125,39.68000030517578,38.72999954223633,39.29999923706055,32.651973724365234,1289600,0.0,0.0
2020-05-04,39.0,39.189998626708984,38.529998779296875,38.77000045776367,32.211631774902344,1078700,0.0,0.0
2020-05-05,38.869998931884766,39.09000015258789,37.880001068115234,38.0,31.57188606262207,1374600,0.0,0.0
2020-05-06,38.560001373291016,38.97999954223633,37.83000183105469,37.95000076293945,31.530349731445312,1522200,0.0,0.0
2020-05-07,38.459999084472656,38.7400016784668,37.88999938964844,38.06999969482422,31.630046844482422,1136600,0.0,0.0
2020-05-08,38.79999923706055,39.619998931884766,38.689998626708984,39.400001525878906,32.735069274902344,1095600,0.0,0.0
2020-05-11,39.15999984741211,39.189998626708984,38.2400016784668,38.279998779296875,31.804521560668945,1158000,0.0,0.0
2020-05-12,38.529998779296875,38.689998626708984,36.939998626708984,36.959999084472656,30.70781135559082,1096000,0.0,0.0
2020-05-13,36.959999084472656,36.959999084472656,34.880001068115234,35.060001373291016,29.129222869873047,1643300,0.0,0.0
2020-05-14,34.61000061035156,36.130001068115234,34.33000183105469,35.95000076293945,29.868667602539062,1651000,0.0,0.0
2020-05-15,36.08000183105469,36.5099983215332,34.9900016784668,35.119998931884766,29.179067611694336,1506000,0.0,0.0
2020-05-18,36.52000045776367,37.56999969482422,36.38999938964844,36.849998474121094,30.616418838500977,2329700,0.0,0.0
2020-05-19,37.029998779296875,37.220001220703125,36.150001525878906,36.58000183105469,30.3920955657959,1766900,0.0,0.0
2020-05-20,37.02000045776367,37.02000045776367,36.400001525878906,36.720001220703125,30.508411407470703,2214800,0.0,0.0
2020-05-21,36.58000183105469,37.099998474121094,36.45000076293945,36.849998474121094,30.616418838500977,1566900,0.0,0.0
2020-05-22,36.689998626708984,36.79999923706055,36.18000030517578,36.650001525878906,30.450254440307617,2100400,0.0,0.0
2020-05-26,38.0,38.459999084472656,36.27000045776367,38.0,31.57188606262207,3128700,0.0,0.0
2020-05-27,38.91999816894531,39.880001068115234,38.86000061035156,39.77000045776367,33.042476654052734,2682900,0.0,0.0
2020-05-28,40.650001525878906,40.79999923706055,39.209999084472656,39.38999938964844,32.72675323486328,2301700,0.0,0.0
2020-05-29,38.790000915527344,38.849998474121094,37.20000076293945,37.70000076293945,31.322633743286133,7268900,0.0,0.0
2020-06-01,38.11000061035156,39.27000045776367,37.95000076293945,39.0,32.40272521972656,1626700,0.0,0.0
2020-06-02,39.34000015258789,39.849998474121094,38.72999954223633,38.939998626708984,32.35287094116211,1425600,0.0,0.0
2020-06-03,39.529998779296875,40.630001068115234,39.459999084472656,39.970001220703125,33.20864486694336,1355100,0.0,0.0
2020-06-04,39.959999084472656,40.650001525878906,39.7599983215332,40.310001373291016,33.491127014160156,2000500,0.0,0.0
2020-06-05,41.56999969482422,42.869998931884766,41.41999816894531,42.47999954223633,35.294044494628906,2688900,0.0,0.0
2020-06-08,42.72999954223633,43.810001373291016,42.529998779296875,43.68000030517578,36.29105758666992,1723200,0.0,0.0
2020-06-09,41.630001068115234,42.380001068115234,41.2400016784668,41.5099983215332,34.48813247680664,1203800,0.0,0.0
2020-06-10,41.47999954223633,41.65999984741211,40.189998626708984,40.189998626708984,33.39142608642578,2027000,0.0,0.0
2020-06-11,38.7400016784668,38.9900016784668,37.34000015258789,37.52000045776367,31.173080444335938,1881500,0.0,0.0
2020-06-12,38.880001068115234,38.95000076293945,37.63999938964844,38.150001525878906,31.696517944335938,1491900,0.0,0.0
2020-06-15,37.22999954223633,38.869998931884766,36.900001525878906,38.59000015258789,32.06208038330078,955000,0.0,0.0
2020-06-16,40.22999954223633,40.27000045776367,38.880001068115234,39.13999938964844,32.519039154052734,2250300,0.0,0.0
2020-06-17,39.279998779296875,39.5,38.15999984741211,38.310001373291016,31.829448699951172,1931300,0.0,0.0
2020-06-18,38.02000045776367,39.84000015258789,38.02000045776367,39.79999923706055,33.06740188598633,1535900,0.0,0.0
2020-06-19,40.08000183105469,40.34000015258789,38.470001220703125,38.470001220703125,31.96238136291504,3017300,0.0,0.0
2020-06-22,38.709999084472656,39.04999923706055,38.380001068115234,38.79999923706055,32.2365608215332,1245000,0.0,0.0
2020-06-23,39.31999969482422,39.790000915527344,39.189998626708984,39.22999954223633,32.59381866455078,1168300,0.0,0.0
2020-06-24,38.91999816894531,38.91999816894531,37.56999969482422,37.77000045776367,31.38079261779785,1402200,0.0,0.0
2020-06-25,37.47999954223633,38.41999816894531,37.40999984741211,38.310001373291016,31.829448699951172,1033300,0.0,0.0
2020-06-26,37.91999816894531,38.08000183105469,37.2400016784668,37.27000045776367,30.965375900268555,842600,0.0,0.0
2020-06-29,37.63999938964844,37.79999923706055,37.310001373291016,37.54999923706055,31.19800567626953,1198900,0.0,0.0
2020-06-30,37.689998626708984,38.22999954223633,37.400001525878906,37.7599983215332,31.372482299804688,1649700,0.0,0.0
2020-07-01,37.75,38.459999084472656,37.5099983215332,37.75,31.364181518554688,1090500,0.0,0.0
2020-07-02,38.33000183105469,38.529998779296875,37.869998931884766,38.099998474121094,31.654970169067383,1344800,0.0,0.0
2020-07-06,39.11000061035156,39.2400016784668,38.58000183105469,39.209999084472656,32.57720947265625,1014300,0.0,0.0
2020-07-07,38.720001220703125,39.619998931884766,38.56999969482422,39.060001373291016,32.452579498291016,905500,0.0,0.0
2020-07-08,39.16999816894531,39.34000015258789,38.4900016784668,38.810001373291016,32.244869232177734,777600,0.0,0.0
2020-07-09,38.75,39.0,37.22999954223633,37.2599983215332,30.957069396972656,846700,0.0,0.0
2020-07-10,37.38999938964844,38.79999923706055,37.2599983215332,38.79999923706055,32.2365608215332,878900,0.0,0.0
2020-07-13,39.56999969482422,39.900001525878906,38.95000076293945,39.04999923706055,32.44426345825195,1792300,0.0,0.0
2020-07-14,38.529998779296875,38.90999984741211,38.20000076293945,38.619998931884766,32.087005615234375,1771100,0.0,0.0
2020-07-15,39.36000061035156,40.099998474121094,39.349998474121094,39.560001373291016,32.86799240112305,1892100,0.0,0.0
2020-07-16,39.279998779296875,39.4900016784668,38.86000061035156,39.0,32.40272521972656,1246200,0.0,0.0
2020-07-17,39.0,39.41999816894531,38.83000183105469,39.27000045776367,32.62704849243164,1297800,0.0,0.0
2020-07-20,39.18000030517578,39.349998474121094,38.209999084472656,38.34000015258789,31.854373931884766,780800,0.0,0.0
2020-07-21,38.849998474121094,39.5,38.790000915527344,39.43000030517578,32.75999069213867,1319200,0.0,0.0
2020-07-22,39.59000015258789,41.380001068115234,39.540000915527344,41.349998474121094,34.355201721191406,1803400,0.0,0.0
2020-07-23,41.04999923706055,41.560001373291016,40.540000915527344,41.0,34.06441116333008,1342800,0.0,0.0
2020-07-24,40.9900016784668,41.52000045776367,40.779998779296875,41.02000045776367,34.08102035522461,658000,0.0,0.0
2020-07-27,40.77000045776367,41.849998474121094,40.68000030517578,41.63999938964844,34.59613800048828,1291300,0.0,0.0
2020-07-28,41.25,41.4900016784668,41.0099983215332,41.060001373291016,34.1142578125,1083800,0.0,0.0
2020-07-29,41.34000015258789,41.9900016784668,41.08000183105469,41.790000915527344,34.720767974853516,993500,0.0,0.0
2020-07-30,41.08000183105469,41.66999816894531,40.599998474121094,41.63999938964844,34.59613800048828,1077200,0.0,0.0
2020-07-31,41.45000076293945,41.779998779296875,40.45000076293945,41.16999816894531,34.20564651489258,1919500,0.0,0.0
2020-08-03,40.83000183105469,40.83000183105469,39.7400016784668,40.040000915527344,33.26679992675781,1414300,0.0,0.0
2020-08-04,40.11000061035156,40.650001525878906,39.81999969482422,39.93000030517578,33.1754035949707,1524800,0.0,0.0
2020-08-05,40.650001525878906,41.119998931884766,40.33000183105469,40.470001220703125,33.62406539916992,1791500,0.0,0.0
2020-08-06,39.369998931884766,40.709999084472656,38.779998779296875,40.61000061035156,33.740379333496094,2327800,0.0,0.0
2020-08-07,40.209999084472656,41.689998626708984,39.97999954223633,41.43000030517578,34.421661376953125,1457800,0.0,0.0
2020-08-10,41.45000076293945,42.18000030517578,41.34000015258789,41.959999084472656,34.86201095581055,1278400,0.0,0.0
2020-08-11,42.599998474121094,43.349998474121094,42.33000183105469,42.66999816894531,35.451904296875,2810800,0.0,0.0
2020-08-12,43.0099983215332,43.66999816894531,42.599998474121094,43.060001373291016,35.775936126708984,2040200,0.0,0.0
2020-08-13,42.72999954223633,42.970001220703125,42.540000915527344,42.68000030517578,35.460208892822266,1456600,0.0,0.0
2020-08-14,42.43000030517578,42.540000915527344,41.880001068115234,42.099998474121094,34.97832489013672,1958400,0.0,0.0
2020-08-17,41.86000061035156,41.939998626708984,40.43000030517578,40.79999923706055,33.89823913574219,1804700,0.0,0.0
2020-08-18,40.959999084472656,41.40999984741211,40.689998626708984,40.86000061035156,33.94808578491211,1413300,0.0,0.0
2020-08-19,40.83000183105469,41.0,40.290000915527344,40.7400016784668,33.848384857177734,1597700,0.0,0.0
2020-08-20,40.43000030517578,40.59000015258789,40.11000061035156,40.220001220703125,33.41635513305664,808200,0.0,0.0
2020-08-21,39.83000183105469,39.9900016784668,38.97999954223633,39.150001525878906,32.5273551940918,1770900,0.0,0.0
2020-08-24,39.619998931884766,41.060001373291016,39.279998779296875,41.040000915527344,34.097633361816406,1446300,0.0,0.0
2020-08-25,41.20000076293945,41.810001373291016,41.18000030517578,41.75,34.68753433227539,1007200,0.0,0.0
2020-08-26,41.529998779296875,41.650001525878906,41.08000183105469,41.5,34.47982406616211,677100,0.0,0.0
2020-08-27,41.61000061035156,42.029998779296875,41.349998474121094,41.5,34.47982406616211,639700,0.0,0.0
2020-08-28,41.880001068115234,41.9900016784668,41.540000915527344,41.91999816894531,34.82876968383789,707500,0.0,0.0
2020-08-31,41.88999938964844,41.939998626708984,41.150001525878906,41.15999984741211,34.19733428955078,1295800,0.0,0.0
2020-09-01,40.959999084472656,41.09000015258789,40.54999923706055,41.0,34.06441116333008,990600,0.0,0.0
2020-09-02,40.880001068115234,42.349998474121094,40.5,42.040000915527344,34.92848205566406,1581200,0.0,0.0
2020-09-03,42.650001525878906,44.34000015258789,42.40999984741211,44.09000015258789,36.631690979003906,3745300,0.0,0.0
2020-09-04,44.209999084472656,45.060001373291016,43.77000045776367,44.34000015258789,36.83940505981445,1878900,0.0,0.0
2020-09-08,44.5099983215332,44.83000183105469,43.849998474121094,44.119998931884766,36.656620025634766,1675200,0.0,0.0
2020-09-09,44.099998474121094,45.310001373291016,44.04999923706055,44.880001068115234,37.288063049316406,1401600,0.0,0.0
2020-09-10,44.97999954223633,45.09000015258789,43.86000061035156,43.880001068115234,36.457218170166016,1294400,0.0,0.0
2020-09-11,43.77000045776367,45.20000076293945,42.93000030517578,44.81999969482422,37.23820495605469,2321000,0.0,0.0
2020-09-14,44.91999816894531,45.16999816894531,44.209999084472656,44.33000183105469,36.83110427856445,1433300,0.0,0.0
2020-09-15,44.36000061035156,45.68000030517578,44.22999954223633,45.310001373291016,37.645320892333984,1262200,0.0,0.0
2020-09-16,45.04999923706055,45.43000030517578,44.470001220703125,44.77000045776367,37.1966667175293,1014000,0.0,0.0
2020-09-17,44.22999954223633,44.290000915527344,43.27000045776367,43.720001220703125,36.324283599853516,1031500,0.0,0.0
2020-09-18,43.599998474121094,43.689998626708984,41.83000183105469,41.91999816894531,34.82876968383789,1349200,0.0,0.0
2020-09-21,41.22999954223633,41.27000045776367,38.869998931884766,39.619998931884766,32.91783905029297,1943400,0.0,0.0
2020-09-22,39.900001525878906,39.970001220703125,38.75,39.150001525878906,32.5273551940918,1474700,0.0,0.0
2020-09-23,39.75,40.290000915527344,38.779998779296875,38.849998474121094,32.278099060058594,1455200,0.0,0.0
2020-09-24,38.61000061035156,38.72999954223633,37.72999954223633,38.41999816894531,31.920835494995117,1139300,0.0,0.0
2020-09-25,38.08000183105469,38.7400016784668,37.65999984741211,38.709999084472656,32.16177749633789,770100,0.0,0.0
2020-09-28,39.900001525878906,40.630001068115234,39.709999084472656,39.7599983215332,33.03416061401367,803500,0.0,0.0
2020-09-29,39.56999969482422,39.650001525878906,38.70000076293945,38.790000915527344,32.228248596191406,688800,0.0,0.0
2020-09-30,39.0,39.369998931884766,38.45000076293945,38.810001373291016,32.244869232177734,1280100,0.0,0.0
2020-10-01,39.130001068115234,39.59000015258789,38.86000061035156,39.58000183105469,32.88461685180664,1040600,0.0,0.0
2020-10-02,38.93000030517578,39.939998626708984,38.90999984741211,39.790000915527344,33.0590934753418,824400,0.0,0.0
2020-10-05,40.15999984741211,40.369998931884766,39.52000045776367,40.029998779296875,33.258487701416016,973100,0.0,0.0
2020-10-06,40.25,40.56999969482422,39.630001068115234,39.7599983215332,33.03416061401367,740200,0.0,0.0
2020-10-07,39.70000076293945,40.02000045776367,39.290000915527344,39.41999816894531,32.75168228149414,760300,0.0,0.0
2020-10-08,39.97999954223633,40.5099983215332,39.59000015258789,40.400001525878906,33.5659065246582,914500,0.0,0.0
2020-10-09,40.75,40.75,40.0099983215332,40.22999954223633,33.424659729003906,383700,0.0,0.0
2020-10-12,40.189998626708984,40.75,39.959999084472656,40.18000030517578,33.383113861083984,379800,0.0,0.0
2020-10-13,39.869998931884766,40.20000076293945,39.40999984741211,39.97999954223633,33.216949462890625,1135600,0.0,0.0
2020-10-14,40.029998779296875,40.459999084472656,39.58000183105469,39.83000183105469,33.092323303222656,754800,0.0,0.0
2020-10-15,38.790000915527344,39.099998474121094,38.31999969482422,38.459999084472656,31.95406723022461,1101900,0.0,0.0
2020-10-16,38.45000076293945,38.810001373291016,38.060001373291016,38.31999969482422,31.83776092529297,659800,0.0,0.0
2020-10-19,38.650001525878906,38.810001373291016,37.54999923706055,37.66999816894531,31.297712326049805,776200,0.0,0.0
2020-10-20,38.56999969482422,38.56999969482422,37.810001373291016,37.900001525878906,31.48880958557129,834300,0.0,0.0
2020-10-21,37.619998931884766,38.02000045776367,37.29999923706055,37.88999938964844,31.480493545532227,1057600,0.0,0.0
2020-10-22,38.310001373291016,39.630001068115234,38.310001373291016,39.47999954223633,32.8015251159668,1294900,0.0,0.0
2020-10-23,39.65999984741211,39.9900016784668,38.720001220703125,39.029998779296875,32.427650451660156,787000,0.0,0.0
2020-10-26,38.65999984741211,38.869998931884766,37.779998779296875,38.290000915527344,31.812828063964844,2336600,0.0,0.0
2020-10-27,38.540000915527344,39.2400016784668,37.939998626708984,38.130001068115234,31.679895401000977,1773100,0.0,0.0
2020-10-28,37.380001068115234,37.810001373291016,36.720001220703125,36.72999954223633,30.516719818115234,1254500,0.0,0.0
2020-10-29,35.70000076293945,36.959999084472656,35.5,36.25,30.117916107177734,1426400,0.0,0.0
2020-10-30,36.540000915527344,36.68000030517578,35.119998931884766,35.709999084472656,29.669260025024414,1700700,0.0,0.0
2020-11-02,36.34000015258789,36.66999816894531,35.63999938964844,36.16999816894531,30.051450729370117,1617200,0.0,0.0
2020-11-03,36.880001068115234,37.18000030517578,35.54999923706055,35.7400016784668,29.694189071655273,1521000,0.0,0.0
2020-11-04,35.90999984741211,36.15999984741211,34.86000061035156,34.970001220703125,29.054443359375,2578000,0.0,0.0
2020-11-05,35.75,36.27000045776367,35.099998474121094,35.650001525878906,29.619417190551758,2578900,0.0,0.0
2020-11-06,35.7400016784668,35.91999816894531,34.02000045776367,34.029998779296875,28.273452758789062,1913500,0.0,0.0
2020-11-09,39.7599983215332,42.220001220703125,38.59000015258789,39.29999923706055,32.651973724365234,6210900,0.0,0.0
2020-11-10,39.83000183105469,40.970001220703125,39.54999923706055,40.70000076293945,33.81515121459961,4384700,0.0,0.0
2020-11-11,40.380001068115234,41.16999816894531,39.630001068115234,40.189998626708984,33.39142608642578,2481800,0.0,0.0
2020-11-12,40.63999938964844,41.06999969482422,40.02000045776367,40.22999954223633,33.424659729003906,1539100,0.0,0.0
2020-11-13,40.619998931884766,40.63999938964844,39.40999984741211,39.5,32.818145751953125,1839300,0.0,0.0
2020-11-16,40.0,41.34000015258789,39.56999969482422,41.290000915527344,35.19639587402344,2905400,1.0,0.0
2020-11-17,40.630001068115234,43.38999938964844,40.18000030517578,43.369998931884766,36.96942901611328,2752200,0.0,0.0
2020-11-18,42.75,43.790000915527344,42.630001068115234,42.63999938964844,36.34716033935547,1691500,0.0,0.0
2020-11-19,42.06999969482422,42.83000183105469,41.4900016784668,42.529998779296875,36.253395080566406,1415800,0.0,0.0
2020-11-20,42.38999938964844,43.4900016784668,42.29999923706055,43.279998779296875,36.89270782470703,1468900,0.0,0.0
2020-11-23,43.33000183105469,43.40999984741211,42.40999984741211,42.540000915527344,36.26192855834961,1261900,0.0,0.0
2020-11-24,43.06999969482422,44.880001068115234,42.939998626708984,44.2599983215332,37.728084564208984,1851700,0.0,0.0
2020-11-25,44.119998931884766,45.11000061035156,43.529998779296875,44.540000915527344,37.966758728027344,2044800,0.0,0.0
2020-11-27,44.0099983215332,44.95000076293945,43.84000015258789,43.959999084472656,37.47235107421875,1428700,0.0,0.0
2020-11-30,43.86000061035156,45.099998474121094,43.790000915527344,44.68000030517578,38.086097717285156,4490400,0.0,0.0
2020-12-01,45.400001525878906,45.689998626708984,44.31999969482422,45.619998931884766,38.88737487792969,2016100,0.0,0.0
2020-12-02,45.150001525878906,46.689998626708984,45.060001373291016,46.599998474121094,39.722740173339844,2621100,0.0,0.0
2020-12-03,46.41999816894531,47.900001525878906,46.369998931884766,47.5,40.48992156982422,2139600,0.0,0.0
2020-12-04,47.4900016784668,47.779998779296875,46.79999923706055,47.380001068115234,40.387630462646484,2172300,0.0,0.0
2020-12-07,46.56999969482422,47.13999938964844,46.119998931884766,46.83000183105469,39.918800354003906,1196400,0.0,0.0
2020-12-08,46.06999969482422,46.900001525878906,45.689998626708984,46.869998931884766,39.9528923034668,1338700,0.0,0.0
2020-12-09,46.959999084472656,47.720001220703125,46.75,47.619998931884766,40.59220504760742,1456900,0.0,0.0
2020-12-10,47.209999084472656,47.84000015258789,47.09000015258789,47.40999984741211,40.413204193115234,1660100,0.0,0.0
2020-12-11,47.58000183105469,47.58000183105469,46.5099983215332,47.0,40.06371307373047,822900,0.0,0.0
2020-12-14,47.119998931884766,47.349998474121094,46.720001220703125,47.0,40.06371307373047,792800,0.0,0.0
2020-12-15,47.25,47.380001068115234,46.650001525878906,47.09000015258789,40.14042663574219,1063900,0.0,0.0
2020-12-16,47.13999938964844,47.630001068115234,46.7599983215332,47.130001068115234,40.174530029296875,897200,0.0,0.0
2020-12-17,47.08000183105469,47.45000076293945,46.7599983215332,47.2599983215332,40.28533935546875,798100,0.0,0.0
2020-12-18,47.529998779296875,48.15999984741211,46.7400016784668,47.25,40.27681350708008,1145800,0.0,0.0
2020-12-21,46.060001373291016,46.650001525878906,45.79999923706055,46.400001525878906,39.55226516723633,929400,0.0,0.0
2020-12-22,46.56999969482422,46.56999969482422,45.869998931884766,45.97999954223633,39.19423294067383,526100,0.0,0.0
2020-12-23,46.41999816894531,47.33000183105469,46.41999816894531,47.09000015258789,40.14042663574219,630300,0.0,0.0
2020-12-24,47.290000915527344,47.790000915527344,46.86000061035156,47.7400016784668,40.69449996948242,285100,0.0,0.0
2020-12-28,47.9900016784668,48.959999084472656,47.869998931884766,48.31999969482422,41.18890380859375,623900,0.0,0.0
2020-12-29,48.63999938964844,48.95000076293945,48.529998779296875,48.63999938964844,41.46167755126953,641800,0.0,0.0
2020-12-30,48.61000061035156,49.130001068115234,48.61000061035156,49.06999969482422,41.82822036743164,526700,0.0,0.0
2020-12-31,49.09000015258789,49.97999954223633,48.70000076293945,49.83000183105469,42.47605514526367,557000,0.0,0.0
2021-01-04,49.689998626708984,50.08000183105469,48.18000030517578,48.400001525878906,41.25709915161133,2146700,0.0,0.0
2021-01-05,48.349998474121094,48.75,47.790000915527344,48.220001220703125,41.10366439819336,1675000,0.0,0.0
2021-01-06,48.91999816894531,49.77000045776367,48.2599983215332,49.040000915527344,41.802650451660156,2073100,0.0,0.0
2021-01-07,49.470001220703125,50.720001220703125,48.5,50.45000076293945,43.00456237792969,1674700,0.0,0.0
2021-01-08,50.41999816894531,51.68000030517578,50.310001373291016,51.36000061035156,43.78026580810547,919600,0.0,0.0
2021-01-11,50.08000183105469,50.939998626708984,48.95000076293945,50.13999938964844,42.74031066894531,931500,0.0,0.0
2021-01-12,50.02000045776367,50.099998474121094,48.880001068115234,49.209999084472656,41.94755935668945,1104800,0.0,0.0
2021-01-13,50.11000061035156,50.20000076293945,49.11000061035156,49.2599983215332,41.99018096923828,1028300,0.0,0.0
2021-01-14,49.34000015258789,49.540000915527344,48.61000061035156,48.720001220703125,41.529876708984375,1181900,0.0,0.0
2021-01-15,47.70000076293945,48.720001220703125,47.599998474121094,48.59000015258789,41.41905975341797,980100,0.0,0.0
2021-01-19,47.720001220703125,48.40999984741211,47.720001220703125,48.060001373291016,40.967281341552734,1092900,0.0,0.0
2021-01-20,47.86000061035156,48.2400016784668,47.27000045776367,48.119998931884766,41.01841735839844,977500,0.0,0.0
2021-01-21,48.060001373291016,49.0,47.560001373291016,48.68000030517578,41.49577713012695,1027300,0.0,0.0
2021-01-22,48.220001220703125,48.25,47.439998626708984,47.849998474121094,40.78826141357422,941800,0.0,0.0
2021-01-25,47.720001220703125,48.16999816894531,47.20000076293945,47.5,40.48992156982422,1010800,0.0,0.0
2021-01-26,47.72999954223633,47.88999938964844,47.060001373291016,47.70000076293945,40.660404205322266,907500,0.0,0.0
2021-01-27,46.58000183105469,46.880001068115234,44.34000015258789,45.0099983215332,38.367393493652344,2666100,0.0,0.0
2021-01-28,45.86000061035156,47.900001525878906,45.25,47.540000915527344,40.52402114868164,1866400,0.0,0.0
2021-01-29,46.72999954223633,47.36000061035156,46.279998779296875,46.470001220703125,39.61193084716797,1019900,0.0,0.0
2021-02-01,47.0099983215332,48.15999984741211,46.59000015258789,48.040000915527344,40.95022964477539,834800,0.0,0.0
2021-02-02,48.439998626708984,50.11000061035156,48.380001068115234,49.52000045776367,42.21180725097656,1420600,0.0,0.0
2021-02-03,49.349998474121094,49.790000915527344,48.91999816894531,49.599998474121094,42.280006408691406,975500,0.0,0.0
2021-02-04,49.849998474121094,50.040000915527344,48.72999954223633,49.29999923706055,42.0242805480957,830900,0.0,0.0
2021-02-05,49.709999084472656,51.20000076293945,49.119998931884766,50.66999816894531,43.19208908081055,952300,0.0,0.0
2021-02-08,49.86000061035156,51.27000045776367,49.77000045776367,50.810001373291016,43.311431884765625,882700,0.0,0.0
2021-02-09,50.56999969482422,51.380001068115234,50.15999984741211,51.130001068115234,43.584205627441406,899600,0.0,0.0
2021-02-10,51.529998779296875,52.099998474121094,50.83000183105469,51.400001525878906,43.814353942871094,1052200,0.0,0.0
2021-02-11,50.220001220703125,52.369998931884766,49.70000076293945,51.36000061035156,43.78026580810547,1109300,0.0,0.0
2021-02-12,51.09000015258789,51.59000015258789,50.630001068115234,51.41999816894531,43.8314094543457,581700,0.0,0.0
2021-02-16,52.0,53.09000015258789,51.790000915527344,52.279998779296875,44.56448745727539,1000100,0.0,0.0
2021-02-17,52.65999984741211,54.04999923706055,52.13999938964844,53.43000030517578,45.544769287109375,1517400,0.0,0.0
2021-02-18,53.31999969482422,53.58000183105469,52.630001068115234,52.810001373291016,45.016273498535156,938800,0.0,0.0
2021-02-19,52.720001220703125,53.31999969482422,52.11000061035156,52.29999923706055,44.5815315246582,615700,0.0,0.0
2021-02-22,51.709999084472656,52.84000015258789,50.95000076293945,52.810001373291016,45.016273498535156,782300,0.0,0.0
2021-02-23,52.08000183105469,52.70000076293945,51.7599983215332,52.43000030517578,44.69234848022461,1161300,0.0,0.0
2021-02-24,52.36000061035156,54.08000183105469,52.22999954223633,53.709999084472656,45.783447265625,1103600,0.0,0.0
2021-02-25,53.279998779296875,53.86000061035156,51.52000045776367,51.65999984741211,44.03598403930664,677400,0.0,0.0
2021-02-26,51.630001068115234,51.7599983215332,50.849998474121094,50.95000076293945,43.43077087402344,1012700,0.0,0.0
2021-03-01,51.65999984741211,52.88999938964844,51.34000015258789,52.54999923706055,44.794639587402344,1017700,0.0,0.0
2021-03-02,52.060001373291016,53.060001373291016,51.91999816894531,52.459999084472656,44.71792221069336,1021400,0.0,0.0
2021-03-03,52.27000045776367,52.619998931884766,51.130001068115234,51.13999938964844,43.59272766113281,946400,0.0,0.0
2021-03-04,51.68000030517578,51.79999923706055,50.2599983215332,50.7400016784668,43.25176239013672,863500,0.0,0.0
2021-03-05,51.349998474121094,53.0,50.849998474121094,52.88999938964844,45.08445739746094,646200,0.0,0.0
2021-03-08,52.650001525878906,54.369998931884766,52.40999984741211,53.08000183105469,45.24641418457031,672200,0.0,0.0
2021-03-09,53.959999084472656,54.20000076293945,53.400001525878906,53.86000061035156,45.911312103271484,510700,0.0,0.0
2021-03-10,54.13999938964844,54.54999923706055,53.540000915527344,53.880001068115234,45.9283561706543,651300,0.0,0.0
2021-03-11,53.619998931884766,53.97999954223633,53.099998474121094,53.38999938964844,45.51067352294922,419100,0.0,0.0
2021-03-12,53.27000045776367,54.380001068115234,52.97999954223633,54.310001373291016,46.294898986816406,531700,0.0,0.0
2021-03-15,53.7400016784668,54.0099983215332,52.209999084472656,53.459999084472656,45.570343017578125,1036700,0.0,0.0
2021-03-16,53.70000076293945,53.959999084472656,52.290000915527344,53.18000030517578,45.3316650390625,778800,0.0,0.0
2021-03-17,53.36000061035156,53.52000045776367,52.529998779296875,52.95000076293945,45.1356086730957,925800,0.0,0.0
2021-03-18,52.5099983215332,52.84000015258789,51.70000076293945,51.88999938964844,44.23204040527344,860500,0.0,0.0
2021-03-19,51.68000030517578,52.220001220703125,51.25,51.779998779296875,44.13827133178711,938500,0.0,0.0
2021-03-22,51.52000045776367,51.869998931884766,51.18000030517578,51.630001068115234,44.01041793823242,629200,0.0,0.0
2021-03-23,51.31999969482422,51.45000076293945,50.150001525878906,50.33000183105469,42.90226745605469,1172100,0.0,0.0
2021-03-24,50.90999984741211,51.720001220703125,50.540000915527344,50.88999938964844,43.37962341308594,837000,0.0,0.0
2021-03-25,50.79999923706055,52.79999923706055,50.150001525878906,52.4900016784668,44.74349594116211,1379900,0.0,0.0
2021-03-26,52.41999816894531,53.150001525878906,51.7400016784668,53.13999938964844,45.29756546020508,964100,0.0,0.0
2021-03-29,52.560001373291016,52.91999816894531,51.27000045776367,51.58000183105469,43.96779251098633,1038200,0.0,0.0
2021-03-30,51.4900016784668,52.0099983215332,50.91999816894531,51.56999969482422,43.959266662597656,872900,0.0,0.0
2021-03-31,51.45000076293945,52.470001220703125,51.45000076293945,52.15999984741211,44.462196350097656,1379000,0.0,0.0
2021-04-01,52.20000076293945,52.40999984741211,51.0,51.099998474121094,43.55862808227539,528500,0.0,0.0
2021-04-05,51.52000045776367,51.900001525878906,51.130001068115234,51.13999938964844,43.59272766113281,428200,0.0,0.0
2021-04-06,51.400001525878906,52.27000045776367,51.11000061035156,51.75,44.112701416015625,1503800,0.0,0.0
2021-04-07,52.02000045776367,52.2400016784668,51.560001373291016,51.779998779296875,44.13827133178711,1074100,0.0,0.0
2021-04-08,52.18000030517578,53.560001373291016,51.88999938964844,53.09000015258789,45.25494384765625,1433200,0.0,0.0
2021-04-09,53.220001220703125,54.20000076293945,53.06999969482422,53.86000061035156,45.911312103271484,940700,0.0,0.0
2021-04-12,53.81999969482422,54.84000015258789,53.619998931884766,54.61000061035156,46.550621032714844,726300,0.0,0.0
2021-04-13,54.2599983215332,54.7400016784668,54.22999954223633,54.27000045776367,46.260807037353516,699800,0.0,0.0
2021-04-14,54.869998931884766,54.869998931884766,53.58000183105469,53.599998474121094,45.68967819213867,671300,0.0,0.0
2021-04-15,54.220001220703125,54.689998626708984,53.790000915527344,54.540000915527344,46.49095153808594,536100,0.0,0.0
2021-04-16,54.97999954223633,55.060001373291016,54.380001068115234,54.95000076293945,46.84044647216797,473400,0.0,0.0
2021-04-19,55.16999816894531,55.66999816894531,54.65999984741211,55.16999816894531,47.027976989746094,487500,0.0,0.0
2021-04-20,54.869998931884766,55.43000030517578,54.47999954223633,55.16999816894531,47.027976989746094,547700,0.0,0.0
2021-04-21,55.54999923706055,56.560001373291016,55.349998474121094,56.130001068115234,47.84629821777344,966600,0.0,0.0
2021-04-22,56.2400016784668,56.7400016784668,55.939998626708984,56.13999938964844,47.85482406616211,817600,0.0,0.0
2021-04-23,55.849998474121094,56.810001373291016,55.56999969482422,56.56999969482422,48.22136688232422,464400,0.0,0.0
2021-04-26,56.31999969482422,56.880001068115234,56.06999969482422,56.150001525878906,47.86334991455078,589100,0.0,0.0
2021-04-27,56.18000030517578,56.54999923706055,55.7400016784668,56.529998779296875,48.18727111816406,581100,0.0,0.0
2021-04-28,57.0,57.33000183105469,56.650001525878906,56.90999984741211,48.51118469238281,752000,0.0,0.0
2021-04-29,56.900001525878906,57.380001068115234,56.36000061035156,57.2599983215332,48.809532165527344,423500,0.0,0.0
2021-04-30,56.939998626708984,57.119998931884766,56.439998626708984,56.81999969482422,48.434471130371094,520600,0.0,0.0
2021-05-03,57.0099983215332,57.369998931884766,56.630001068115234,56.7400016784668,48.366275787353516,493200,0.0,0.0
2021-05-04,56.93000030517578,56.970001220703125,55.599998474121094,55.7400016784668,47.51386260986328,513400,0.0,0.0
2021-05-05,55.720001220703125,55.93000030517578,55.119998931884766,55.7400016784668,47.51386260986328,657000,0.0,0.0
2021-05-06,56.09000015258789,56.70000076293945,55.58000183105469,56.650001525878906,48.28955841064453,516100,0.0,0.0
2021-05-07,56.2400016784668,56.91999816894531,56.09000015258789,56.810001373291016,48.42594528198242,410200,0.0,0.0
2021-05-10,56.91999816894531,57.61000061035156,56.279998779296875,56.43000030517578,48.10202407836914,941100,0.0,0.0
2021-05-11,55.880001068115234,56.400001525878906,53.83000183105469,56.15999984741211,47.87187576293945,2401500,0.0,0.0
2021-05-12,56.81999969482422,58.06999969482422,56.529998779296875,57.25,48.80101013183594,1594400,0.0,0.0
2021-05-13,57.150001525878906,59.02000045776367,57.150001525878906,58.560001373291016,49.91768264770508,1197100,0.0,0.0
2021-05-14,59.5,60.540000915527344,59.220001220703125,60.27000045776367,51.37531661987305,1026600,0.0,0.0
2021-05-17,61.709999084472656,61.95000076293945,60.79999923706055,61.43000030517578,52.36412048339844,1659600,0.0,0.0
2021-05-18,61.41999816894531,61.79999923706055,60.380001068115234,60.4900016784668,51.56284713745117,1015400,0.0,0.0
2021-05-19,60.7400016784668,60.7400016784668,59.290000915527344,59.810001373291016,50.98320007324219,1377300,0.0,0.0
2021-05-20,61.099998474121094,61.59000015258789,60.20000076293945,61.369998931884766,52.3129768371582,844700,0.0,0.0
2021-05-21,61.2599983215332,61.90999984741211,61.060001373291016,61.47999954223633,52.40673828125,1796100,0.0,0.0
2021-05-24,61.369998931884766,61.59000015258789,60.720001220703125,60.779998779296875,51.81005096435547,903800,0.0,0.0
2021-05-25,60.7599983215332,61.0099983215332,60.29999923706055,60.4900016784668,51.56284713745117,829500,0.0,0.0
2021-05-26,60.70000076293945,60.84000015258789,59.970001220703125,60.16999816894531,51.29007339477539,1206300,0.0,0.0
2021-05-27,59.79999923706055,61.08000183105469,59.630001068115234,59.959999084472656,51.11106491088867,2397300,0.0,0.0
2021-05-28,60.06999969482422,60.68000030517578,59.779998779296875,60.52000045776367,51.58842086791992,755300,0.0,0.0
2021-06-01,60.7599983215332,61.22999954223633,60.5099983215332,60.65999984741211,51.707759857177734,750000,0.0,0.0
2021-06-02,61.58000183105469,61.7400016784668,60.91999816894531,61.16999816894531,52.14249038696289,1077400,0.0,0.0
2021-06-03,60.38999938964844,61.40999984741211,60.0099983215332,61.2400016784668,52.20216369628906,773700,0.0,0.0
2021-06-04,61.61000061035156,62.0,61.47999954223633,61.79999923706055,52.67951583862305,817200,0.0,0.0
2021-06-07,61.58000183105469,62.27000045776367,61.47999954223633,61.849998474121094,52.722137451171875,2091800,0.0,0.0
2021-06-08,62.16999816894531,62.380001068115234,61.25,61.56999969482422,52.48345947265625,805000,0.0,0.0
2021-06-09,61.38999938964844,62.290000915527344,61.380001068115234,61.75,52.636898040771484,642700,0.0,0.0
2021-06-10,61.810001373291016,62.22999954223633,61.33000183105469,61.34000015258789,52.28740310668945,849100,0.0,0.0
2021-06-11,61.540000915527344,61.97999954223633,61.06999969482422,61.970001220703125,52.824432373046875,816100,0.0,0.0
2021-06-14,61.650001525878906,61.7599983215332,61.36000061035156,61.75,52.636898040771484,539200,0.0,0.0
2021-06-15,62.099998474121094,62.68000030517578,61.93000030517578,62.279998779296875,53.08867645263672,512200,0.0,0.0
2021-06-16,62.279998779296875,62.88999938964844,62.0,62.27000045776367,53.08015441894531,717000,0.0,0.0
2021-06-17,62.130001068115234,62.5,61.689998626708984,62.45000076293945,53.23359298706055,574700,0.0,0.0
2021-06-18,61.869998931884766,62.40999984741211,61.470001220703125,61.630001068115234,52.534610748291016,1277900,0.0,0.0
2021-06-21,62.0099983215332,62.56999969482422,61.5099983215332,62.5,53.27621078491211,689600,0.0,0.0
2021-06-22,62.5,63.040000915527344,62.27000045776367,62.63999938964844,53.39554977416992,745900,0.0,0.0
2021-06-23,62.599998474121094,62.63999938964844,61.290000915527344,61.29999923706055,52.25330352783203,735400,0.0,0.0
2021-06-24,61.54999923706055,61.79999923706055,61.04999923706055,61.20000076293945,52.16807174682617,1272100,0.0,0.0
2021-06-25,61.380001068115234,61.56999969482422,60.70000076293945,61.209999084472656,52.17659378051758,1694300,0.0,0.0
2021-06-28,61.13999938964844,61.13999938964844,59.189998626708984,59.22999954223633,50.488800048828125,1531400,0.0,0.0
2021-06-29,59.150001525878906,59.38999938964844,58.25,58.38999938964844,49.77276611328125,1489500,0.0,0.0
2021-06-30,58.459999084472656,59.40999984741211,58.310001373291016,59.31999969482422,50.565521240234375,1686000,0.0,0.0
2021-07-01,59.540000915527344,60.150001525878906,59.349998474121094,59.689998626708984,50.88091278076172,1165400,0.0,0.0
2021-07-02,59.63999938964844,60.04999923706055,59.2400016784668,59.459999084472656,50.684852600097656,864800,0.0,0.0
2021-07-06,59.61000061035156,61.08000183105469,59.43000030517578,61.04999923706055,52.04020690917969,1205600,0.0,0.0
2021-07-07,60.90999984741211,61.439998626708984,60.560001373291016,61.209999084472656,52.17659378051758,1623000,0.0,0.0
2021-07-08,60.33000183105469,61.060001373291016,59.939998626708984,60.650001525878906,51.69923782348633,844600,0.0,0.0
2021-07-09,61.06999969482422,61.540000915527344,60.84000015258789,61.38999938964844,52.33002471923828,625900,0.0,0.0
2021-07-12,61.25,61.779998779296875,60.88999938964844,61.7599983215332,52.64542007446289,402200,0.0,0.0
2021-07-13,61.68000030517578,62.06999969482422,61.529998779296875,62.0099983215332,52.858524322509766,613300,0.0,0.0
2021-07-14,62.439998626708984,62.66999816894531,61.79999923706055,62.29999923706055,53.10572814941406,823100,0.0,0.0
2021-07-15,62.11000061035156,62.16999816894531,61.40999984741211,61.5,52.423789978027344,943000,0.0,0.0
2021-07-16,61.560001373291016,61.63999938964844,60.36000061035156,60.689998626708984,51.733333587646484,799600,0.0,0.0
2021-07-19,59.84000015258789,59.95000076293945,57.220001220703125,57.540000915527344,49.04821014404297,1550300,0.0,0.0
2021-07-20,57.38999938964844,59.11000061035156,57.22999954223633,58.720001220703125,50.0540657043457,1171300,0.0,0.0
2021-07-21,59.61000061035156,60.75,59.58000183105469,60.08000183105469,51.21335983276367,912800,0.0,0.0
2021-07-22,60.08000183105469,60.52000045776367,59.279998779296875,60.400001525878906,51.48612976074219,596300,0.0,0.0
2021-07-23,60.630001068115234,61.709999084472656,60.560001373291016,61.34000015258789,52.28740310668945,590000,0.0,0.0
2021-07-26,61.0,61.70000076293945,60.86000061035156,61.630001068115234,52.534610748291016,394400,0.0,0.0
2021-07-27,61.25,61.58000183105469,60.68000030517578,61.130001068115234,52.1083984375,641600,0.0,0.0
2021-07-28,61.22999954223633,61.689998626708984,61.0,61.31999969482422,52.270355224609375,367900,0.0,0.0
2021-07-29,61.790000915527344,62.41999816894531,61.70000076293945,62.04999923706055,52.89262390136719,519200,0.0,0.0
2021-07-30,61.95000076293945,62.40999984741211,61.7400016784668,62.060001373291016,52.90114974975586,583200,0.0,0.0
2021-08-02,62.47999954223633,62.650001525878906,61.20000076293945,61.459999084472656,52.38970184326172,648600,0.0,0.0
2021-08-03,61.849998474121094,62.27000045776367,60.86000061035156,61.720001220703125,52.611328125,795200,0.0,0.0
2021-08-04,61.560001373291016,61.81999969482422,60.68000030517578,60.720001220703125,51.7589111328125,751900,0.0,0.0
2021-08-05,61.099998474121094,61.75,60.86000061035156,61.08000183105469,52.06578063964844,584000,0.0,0.0
2021-08-06,61.439998626708984,62.08000183105469,61.22999954223633,61.56999969482422,52.48345947265625,479600,0.0,0.0
2021-08-09,61.689998626708984,61.81999969482422,61.189998626708984,61.369998931884766,52.3129768371582,698300,0.0,0.0
2021-08-10,61.27000045776367,62.2599983215332,61.27000045776367,62.16999816894531,52.994911193847656,725000,0.0,0.0
2021-08-11,62.4900016784668,62.5099983215332,61.650001525878906,62.06999969482422,52.90967559814453,675800,0.0,0.0
2021-08-12,61.790000915527344,61.79999923706055,60.63999938964844,60.790000915527344,51.818572998046875,633800,0.0,0.0
2021-08-13,60.689998626708984,60.81999969482422,60.16999816894531,60.27000045776367,51.37531661987305,520100,0.0,0.0
2021-08-16,59.95000076293945,60.58000183105469,59.619998931884766,59.810001373291016,50.98320007324219,656000,0.0,0.0
2021-08-17,59.779998779296875,59.779998779296875,58.33000183105469,58.689998626708984,50.02849197387695,797400,0.0,0.0
2021-08-18,58.5099983215332,58.720001220703125,57.970001220703125,58.029998779296875,49.46589660644531,1100600,0.0,0.0
2021-08-19,57.29999923706055,57.70000076293945,57.0,57.34000015258789,48.87773513793945,1079600,0.0,0.0
2021-08-20,57.290000915527344,57.529998779296875,56.54999923706055,56.7400016784668,48.366275787353516,1229100,0.0,0.0
2021-08-23,57.09000015258789,58.16999816894531,56.869998931884766,57.720001220703125,49.2016487121582,1258200,0.0,0.0
2021-08-24,57.54999923706055,58.66999816894531,57.31999969482422,58.279998779296875,49.67900466918945,1367700,0.0,0.0
2021-08-25,58.13999938964844,58.45000076293945,56.75,58.29999923706055,49.696048736572266,784200,0.0,0.0
2021-08-26,58.2599983215332,58.4900016784668,57.31999969482422,57.68000030517578,49.167564392089844,713700,0.0,0.0
2021-08-27,57.779998779296875,58.400001525878906,57.369998931884766,58.11000061035156,49.53409194946289,964300,0.0,0.0
2021-08-30,58.279998779296875,58.619998931884766,57.7400016784668,58.470001220703125,49.84096145629883,1194500,0.0,0.0
2021-08-31,58.20000076293945,58.650001525878906,57.58000183105469,57.7400016784668,49.21870040893555,1515000,0.0,0.0
2021-09-01,58.16999816894531,58.38999938964844,57.63999938964844,58.060001373291016,49.49147033691406,1169800,0.0,0.0
2021-09-02,58.150001525878906,60.63999938964844,58.06999969482422,60.25,51.358272552490234,1512200,0.0,0.0
2021-09-03,60.119998931884766,61.2599983215332,59.75,61.060001373291016,52.04873275756836,931300,0.0,0.0
2021-09-07,60.4900016784668,61.02000045776367,59.810001373291016,59.880001068115234,51.04287338256836,1396700,0.0,0.0
2021-09-08,59.93000030517578,60.29999923706055,58.970001220703125,59.88999938964844,51.051395416259766,1330300,0.0,0.0
2021-09-09,59.34000015258789,59.75,58.18000030517578,58.27000045776367,49.670475006103516,1314100,0.0,0.0
2021-09-10,58.68000030517578,59.09000015258789,57.88999938964844,58.310001373291016,49.7045783996582,1383000,0.0,0.0
2021-09-13,58.20000076293945,59.060001373291016,57.83000183105469,59.060001373291016,50.34388732910156,1149500,0.0,0.0
2021-09-14,59.279998779296875,59.31999969482422,58.09000015258789,58.45000076293945,49.823917388916016,1004900,0.0,0.0
2021-09-15,58.290000915527344,59.43000030517578,57.61000061035156,59.36000061035156,50.599613189697266,881000,0.0,0.0
2021-09-16,59.2400016784668,59.88999938964844,58.869998931884766,59.47999954223633,50.701900482177734,561300,0.0,0.0
2021-09-17,59.099998474121094,59.25,57.720001220703125,57.849998474121094,49.31246566772461,1212500,0.0,0.0
2021-09-20,56.63999938964844,56.91999816894531,55.59000015258789,56.900001525878906,48.50266647338867,1491500,0.0,0.0
2021-09-21,57.36000061035156,57.81999969482422,57.099998474121094,57.369998931884766,48.903297424316406,879300,0.0,0.0
2021-09-22,57.650001525878906,58.54999923706055,57.40999984741211,57.58000183105469,49.08230209350586,660000,0.0,0.0
2021-09-23,57.90999984741211,57.959999084472656,57.13999938964844,57.13999938964844,48.70724105834961,937900,0.0,0.0
2021-09-24,57.060001373291016,57.08000183105469,56.2400016784668,56.310001373291016,47.9997444152832,968300,0.0,0.0
2021-09-27,56.220001220703125,57.099998474121094,56.220001220703125,56.91999816894531,48.51970672607422,903500,0.0,0.0
2021-09-28,56.41999816894531,56.41999816894531,55.22999954223633,55.5,47.30927276611328,816700,0.0,0.0
2021-09-29,55.599998474121094,55.83000183105469,55.13999938964844,55.310001373291016,47.14731979370117,608600,0.0,0.0
2021-09-30,55.349998474121094,55.900001525878906,55.0,55.290000915527344,47.130271911621094,963100,0.0,0.0
2021-10-01,55.459999084472656,56.63999938964844,55.38999938964844,55.86000061035156,47.61614990234375,1138300,0.0,0.0
2021-10-04,55.90999984741211,56.04999923706055,54.720001220703125,54.91999816894531,46.81487274169922,1109900,0.0,0.0
2021-10-05,55.04999923706055,55.65999984741211,54.72999954223633,55.5,47.30927276611328,1159900,0.0,0.0
2021-10-06,54.91999816894531,55.08000183105469,54.060001373291016,54.93000030517578,46.82339859008789,535900,0.0,0.0
2021-10-07,55.900001525878906,56.52000045776367,55.58000183105469,55.650001525878906,47.43714141845703,783400,0.0,0.0
2021-10-08,55.68000030517578,55.720001220703125,54.040000915527344,54.04999923706055,46.07326126098633,737800,0.0,0.0
2021-10-11,54.20000076293945,54.38999938964844,53.36000061035156,53.400001525878906,45.51919174194336,732600,0.0,0.0
2021-10-12,53.689998626708984,54.040000915527344,53.18000030517578,53.279998779296875,45.416908264160156,1369500,0.0,0.0
2021-10-13,53.380001068115234,54.380001068115234,53.22999954223633,54.25,46.24375534057617,1757000,0.0,0.0
2021-10-14,54.790000915527344,55.41999816894531,54.63999938964844,55.34000015258789,47.17288589477539,876100,0.0,0.0
2021-10-15,55.4900016784668,55.66999816894531,54.939998626708984,55.040000915527344,46.91716384887695,580900,0.0,0.0
2021-10-18,54.470001220703125,54.470001220703125,53.29999923706055,53.369998931884766,45.493621826171875,501300,0.0,0.0
2021-10-19,53.619998931884766,53.619998931884766,52.91999816894531,53.45000076293945,45.56182098388672,699800,0.0,0.0
2021-10-20,53.470001220703125,54.40999984741211,53.41999816894531,54.09000015258789,46.10736846923828,654500,0.0,0.0
2021-10-21,53.65999984741211,53.790000915527344,52.599998474121094,53.189998626708984,45.340187072753906,598300,0.0,0.0
2021-10-22,53.27000045776367,53.47999954223633,52.65999984741211,52.849998474121094,45.05036926269531,595400,0.0,0.0
2021-10-25,52.779998779296875,52.810001373291016,52.060001373291016,52.119998931884766,44.428096771240234,563900,0.0,0.0
2021-10-26,52.560001373291016,53.08000183105469,52.40999984741211,52.68000030517578,44.905452728271484,573100,0.0,0.0
2021-10-27,53.04999923706055,53.599998474121094,52.599998474121094,52.709999084472656,44.93102264404297,824300,0.0,0.0
2021-10-28,52.849998474121094,53.16999816894531,52.41999816894531,53.08000183105469,45.24641418457031,424500,0.0,0.0
2021-10-29,52.65999984741211,53.27000045776367,52.33000183105469,52.650001525878906,44.879886627197266,425400,0.0,0.0
2021-11-01,52.619998931884766,53.83000183105469,52.52000045776367,53.779998779296875,45.843116760253906,630300,0.0,0.0
2021-11-02,53.7599983215332,53.86000061035156,52.93000030517578,53.13999938964844,45.29756546020508,550900,0.0,0.0
2021-11-03,53.45000076293945,53.88999938964844,53.0,53.84000015258789,45.89426040649414,628900,0.0,0.0
2021-11-04,53.7400016784668,53.7400016784668,53.04999923706055,53.119998931884766,45.280521392822266,490900,0.0,0.0
2021-11-05,53.529998779296875,55.209999084472656,53.529998779296875,55.099998474121094,46.96830749511719,828300,0.0,0.0
2021-11-08,54.90999984741211,55.16999816894531,54.29999923706055,54.900001525878906,46.797828674316406,1308700,0.0,0.0
2021-11-09,55.349998474121094,57.83000183105469,55.220001220703125,57.79999923706055,49.26984405517578,2945100,0.0,0.0
2021-11-10,57.709999084472656,58.150001525878906,56.75,57.029998779296875,48.61347198486328,2305600,0.0,0.0
2021-11-11,57.5,57.93000030517578,56.959999084472656,57.060001373291016,48.6390495300293,772300,0.0,0.0
2021-11-12,57.08000183105469,57.130001068115234,56.13999938964844,56.20000076293945,47.905975341796875,1122800,0.0,0.0
2021-11-15,56.27000045776367,56.5,55.880001068115234,56.02000045776367,47.75252914428711,623600,0.0,0.0
2021-11-16,56.209999084472656,56.470001220703125,55.470001220703125,55.52000045776367,47.326324462890625,607800,0.0,0.0
2021-11-17,55.0,55.83000183105469,54.779998779296875,55.54999923706055,47.35189437866211,772500,0.0,0.0
2021-11-18,53.83000183105469,53.83000183105469,52.45000076293945,52.90999984741211,46.45631408691406,1501900,1.62,0.0
2021-11-19,52.470001220703125,52.5,50.880001068115234,51.790000915527344,45.472930908203125,1295900,0.0,0.0
2021-11-22,52.0099983215332,52.81999969482422,51.790000915527344,52.189998626708984,45.82413101196289,780100,0.0,0.0
2021-11-23,52.27000045776367,53.66999816894531,52.22999954223633,53.349998474121094,46.842647552490234,1127400,0.0,0.0
2021-11-24,52.529998779296875,52.79999923706055,51.88999938964844,52.5,46.0963249206543,903000,0.0,0.0
2021-11-26,51.40999984741211,51.65999984741211,50.18000030517578,50.709999084472656,44.524654388427734,1017400,0.0,0.0
2021-11-29,50.90999984741211,52.119998931884766,50.11000061035156,51.81999969482422,45.499263763427734,989800,0.0,0.0
2021-11-30,50.97999954223633,51.099998474121094,48.880001068115234,49.369998931884766,43.34810256958008,2319600,0.0,0.0
2021-12-01,49.97999954223633,50.7599983215332,49.29999923706055,49.349998474121094,43.33054733276367,1586300,0.0,0.0
2021-12-02,49.779998779296875,52.2400016784668,49.619998931884766,52.04999923706055,45.70121383666992,1798500,0.0,0.0
2021-12-03,52.209999084472656,53.16999816894531,51.95000076293945,53.09000015258789,46.614356994628906,1421000,0.0,0.0
2021-12-06,53.61000061035156,55.04999923706055,53.61000061035156,54.099998474121094,47.501155853271484,1407300,0.0,0.0
2021-12-07,54.599998474121094,55.68000030517578,54.29999923706055,54.84000015258789,48.150901794433594,1385900,0.0,0.0
2021-12-08,54.45000076293945,54.560001373291016,53.36000061035156,53.77000045776367,47.211421966552734,1056800,0.0,0.0
2021-12-09,53.34000015258789,53.84000015258789,52.86000061035156,52.970001220703125,46.50899124145508,545600,0.0,0.0
2021-12-10,53.27000045776367,53.779998779296875,53.02000045776367,53.439998626708984,46.92166519165039,712500,0.0,0.0
2021-12-13,53.459999084472656,54.08000183105469,53.09000015258789,53.2400016784668,46.74606704711914,756900,0.0,0.0
2021-12-14,53.16999816894531,54.529998779296875,53.16999816894531,53.439998626708984,46.92166519165039,840800,0.0,0.0
2021-12-15,53.5099983215332,53.9900016784668,53.2400016784668,53.540000915527344,47.00946807861328,869900,0.0,0.0
2021-12-16,54.16999816894531,54.290000915527344,53.540000915527344,53.70000076293945,47.14995193481445,877200,0.0,0.0
2021-12-17,53.66999816894531,54.0,53.15999984741211,53.54999923706055,47.01824951171875,1881100,0.0,0.0
2021-12-20,52.18000030517578,52.47999954223633,51.310001373291016,52.11000061035156,45.7538948059082,1479400,0.0,0.0
2021-12-21,52.75,53.619998931884766,52.72999954223633,53.349998474121094,46.842647552490234,1506500,0.0,0.0
2021-12-22,53.349998474121094,54.060001373291016,53.130001068115234,53.7400016784668,47.18507766723633,1427300,0.0,0.0
2021-12-23,54.0099983215332,55.31999969482422,54.0099983215332,55.22999954223633,48.49332809448242,1094300,0.0,0.0
2021-12-27,55.25,55.72999954223633,55.029998779296875,55.599998474121094,48.818199157714844,633100,0.0,0.0
2021-12-28,55.630001068115234,56.13999938964844,55.630001068115234,55.75,48.94990158081055,674200,0.0,0.0
2021-12-29,55.689998626708984,56.34000015258789,55.689998626708984,56.15999984741211,49.30989074707031,907800,0.0,0.0
2021-12-30,56.349998474121094,56.470001220703125,55.5099983215332,55.540000915527344,48.7655143737793,834800,0.0,0.0
2021-12-31,55.400001525878906,56.18000030517578,55.400001525878906,55.93000030517578,49.107948303222656,961100,0.0,0.0
2022-01-03,55.90999984741211,56.43000030517578,55.72999954223633,56.33000183105469,49.45915985107422,764800,0.0,0.0
2022-01-04,56.52000045776367,56.88999938964844,56.279998779296875,56.33000183105469,49.45915985107422,1029400,0.0,0.0
2022-01-05,56.290000915527344,58.02000045776367,56.279998779296875,57.459999084472656,50.45132827758789,1235700,0.0,0.0
2022-01-06,57.56999969482422,58.29999923706055,57.4900016784668,57.79999923706055,50.74985885620117,1015100,0.0,0.0
2022-01-07,57.5,58.15999984741211,57.279998779296875,57.83000183105469,50.77619934082031,936600,0.0,0.0
2022-01-10,57.77000045776367,58.13999938964844,57.29999923706055,57.84000015258789,50.784976959228516,919900,0.0,0.0
2022-01-11,57.77000045776367,58.72999954223633,57.43000030517578,58.56999969482422,51.425933837890625,733100,0.0,0.0
2022-01-12,58.56999969482422,59.0,58.279998779296875,58.59000015258789,51.4434928894043,1278700,0.0,0.0
2022-01-13,58.4900016784668,59.86000061035156,58.45000076293945,59.650001525878906,52.37419891357422,1049800,0.0,0.0
2022-01-14,58.869998931884766,59.7599983215332,58.75,59.65999984741211,52.38298034667969,659900,0.0,0.0
2022-01-18,58.72999954223633,59.59000015258789,58.279998779296875,58.45000076293945,51.32057189941406,1102500,0.0,0.0
2022-01-19,58.58000183105469,58.95000076293945,57.81999969482422,58.2599983215332,51.15374755859375,653800,0.0,0.0
2022-01-20,58.27000045776367,58.93000030517578,58.02000045776367,58.18000030517578,51.0835075378418,1118900,0.0,0.0
2022-01-21,58.04999923706055,58.459999084472656,56.54999923706055,56.70000076293945,49.784027099609375,766300,0.0,0.0
2022-01-24,55.65999984741211,57.0099983215332,54.619998931884766,56.86000061035156,49.92451095581055,1029800,0.0,0.0
2022-01-25,56.029998779296875,56.79999923706055,54.810001373291016,56.34000015258789,49.46793746948242,1272300,0.0,0.0
2022-01-26,56.7599983215332,57.97999954223633,56.470001220703125,56.95000076293945,50.003536224365234,1549800,0.0,0.0
2022-01-27,57.40999984741211,58.18000030517578,55.66999816894531,55.70000076293945,48.906002044677734,1157300,0.0,0.0
2022-01-28,55.93000030517578,56.72999954223633,55.209999084472656,56.72999954223633,49.810367584228516,1062400,0.0,0.0
2022-01-31,56.33000183105469,57.380001068115234,56.279998779296875,57.150001525878906,50.17914581298828,898700,0.0,0.0
2022-02-01,57.720001220703125,58.459999084472656,56.72999954223633,58.310001373291016,51.19764709472656,1378400,0.0,0.0
2022-02-02,58.59000015258789,59.189998626708984,58.150001525878906,58.27000045776367,51.16252899169922,1055400,0.0,0.0
2022-02-03,58.310001373291016,58.43000030517578,57.7400016784668,57.95000076293945,50.88156509399414,582700,0.0,0.0
2022-02-04,57.54999923706055,57.810001373291016,56.560001373291016,57.119998931884766,50.15279769897461,609800,0.0,0.0
2022-02-07,57.31999969482422,57.86000061035156,56.810001373291016,57.529998779296875,50.512786865234375,1259000,0.0,0.0
2022-02-08,58.0099983215332,58.130001068115234,57.310001373291016,57.720001220703125,50.67961502075195,722500,0.0,0.0
2022-02-09,58.08000183105469,59.0,57.93000030517578,58.959999084472656,51.76836013793945,1032600,0.0,0.0
2022-02-10,58.4900016784668,59.720001220703125,58.04999923706055,58.439998626708984,51.311790466308594,1492200,0.0,0.0
2022-02-11,58.150001525878906,58.779998779296875,56.959999084472656,57.09000015258789,50.12645721435547,1100700,0.0,0.0
2022-02-14,56.81999969482422,57.599998474121094,56.529998779296875,56.97999954223633,50.029869079589844,1167700,0.0,0.0
2022-02-15,57.619998931884766,58.08000183105469,56.970001220703125,57.2400016784668,50.25815963745117,2272800,0.0,0.0
2022-02-16,55.47999954223633,57.4900016784668,55.47999954223633,56.439998626708984,49.55574417114258,2397500,0.0,0.0
2022-02-17,56.09000015258789,56.209999084472656,55.22999954223633,55.7599983215332,48.958683013916016,998800,0.0,0.0
2022-02-18,55.5,56.0099983215332,55.27000045776367,55.400001525878906,48.642601013183594,829900,0.0,0.0
2022-02-22,54.61000061035156,54.93000030517578,54.0099983215332,54.15999984741211,47.5538444519043,1159800,0.0,0.0
2022-02-23,54.459999084472656,54.540000915527344,52.849998474121094,52.970001220703125,46.50899124145508,1081300,0.0,0.0
2022-02-24,50.66999816894531,51.65999984741211,50.09000015258789,51.599998474121094,45.30610275268555,1826300,0.0,0.0
2022-02-25,51.810001373291016,53.63999938964844,51.79999923706055,53.540000915527344,47.00946807861328,953200,0.0,0.0
2022-02-28,52.06999969482422,52.45000076293945,50.619998931884766,51.209999084472656,44.96366500854492,1557700,0.0,0.0
2022-03-01,50.869998931884766,50.869998931884766,48.25,48.470001220703125,42.55788803100586,1615300,0.0,0.0
2022-03-02,48.709999084472656,50.68000030517578,48.31999969482422,50.2599983215332,44.129547119140625,1620500,0.0,0.0
2022-03-03,50.25,51.04999923706055,50.0099983215332,51.0099983215332,44.78806686401367,2268600,0.0,0.0
2022-03-04,49.029998779296875,49.15999984741211,44.630001068115234,46.02000045776367,40.40672302246094,4052500,0.0,0.0
2022-03-07,46.52000045776367,46.59000015258789,42.33000183105469,42.86000061035156,37.63216018676758,3307800,0.0,0.0
2022-03-08,44.29999923706055,45.470001220703125,42.689998626708984,44.060001373291016,38.685791015625,3760900,0.0,0.0
2022-03-09,46.4900016784668,47.540000915527344,45.97999954223633,47.27000045776367,41.50424575805664,1969900,0.0,0.0
2022-03-10,46.0099983215332,46.709999084472656,44.90999984741211,45.41999816894531,39.87990188598633,1385100,0.0,0.0
2022-03-11,45.939998626708984,46.40999984741211,45.279998779296875,45.61000061035156,40.046730041503906,1218500,0.0,0.0
2022-03-14,46.209999084472656,47.959999084472656,46.20000076293945,46.540000915527344,40.86328887939453,1406600,0.0,0.0
2022-03-15,47.22999954223633,47.869998931884766,46.65999984741211,47.029998779296875,41.29352569580078,1114600,0.0,0.0
2022-03-16,48.119998931884766,49.959999084472656,47.9900016784668,49.22999954223633,43.225181579589844,2135000,0.0,0.0
2022-03-17,49.54999923706055,50.029998779296875,48.810001373291016,49.189998626708984,43.19005584716797,1092400,0.0,0.0
2022-03-18,48.970001220703125,50.0,48.779998779296875,49.709999084472656,43.64662551879883,1419800,0.0,0.0
2022-03-21,49.68000030517578,50.0099983215332,49.20000076293945,49.59000015258789,43.54126739501953,764600,0.0,0.0
2022-03-22,49.70000076293945,50.209999084472656,49.349998474121094,49.709999084472656,43.64662551879883,814700,0.0,0.0
2022-03-23,49.11000061035156,49.619998931884766,48.04999923706055,48.09000015258789,42.2242317199707,993700,0.0,0.0
2022-03-24,48.209999084472656,48.880001068115234,47.63999938964844,48.54999923706055,42.628116607666016,1473400,0.0,0.0
2022-03-25,48.54999923706055,48.939998626708984,48.33000183105469,48.470001220703125,42.55788803100586,988700,0.0,0.0
2022-03-28,48.63999938964844,48.79999923706055,47.93000030517578,48.70000076293945,42.759822845458984,1321000,0.0,0.0
2022-03-29,50.720001220703125,51.279998779296875,50.209999084472656,50.5099983215332,44.349056243896484,1118800,0.0,0.0
2022-03-30,50.310001373291016,50.31999969482422,48.65999984741211,48.86000061035156,42.90031051635742,1217700,0.0,0.0
2022-03-31,49.04999923706055,49.58000183105469,48.599998474121094,48.61000061035156,42.68080520629883,1072500,0.0,0.0
2022-04-01,49.04999923706055,50.0,48.91999816894531,49.84000015258789,43.76076889038086,935400,0.0,0.0
2022-04-04,49.2599983215332,49.2599983215332,48.029998779296875,48.970001220703125,42.99689865112305,1011200,0.0,0.0
2022-04-05,49.0099983215332,49.459999084472656,48.689998626708984,48.79999923706055,42.847625732421875,895800,0.0,0.0
2022-04-06,48.33000183105469,48.7599983215332,47.400001525878906,48.540000915527344,42.61934280395508,907400,0.0,0.0
2022-04-07,48.41999816894531,48.41999816894531,47.63999938964844,48.060001373291016,42.19789123535156,988300,0.0,0.0
2022-04-08,48.0,48.54999923706055,47.58000183105469,48.06999969482422,42.20667266845703,1469900,0.0,0.0
2022-04-11,47.88999938964844,48.65999984741211,47.45000076293945,47.58000183105469,41.77644348144531,821600,0.0,0.0
2022-04-12,47.619998931884766,48.45000076293945,47.439998626708984,47.939998626708984,42.092525482177734,1012400,0.0,0.0
2022-04-13,47.75,48.349998474121094,47.65999984741211,48.0099983215332,42.153987884521484,538500,0.0,0.0
2022-04-14,48.2599983215332,49.70000076293945,48.2599983215332,49.47999954223633,43.44468688964844,1130100,0.0,0.0
2022-04-18,49.16999816894531,49.5099983215332,48.369998931884766,49.2400016784668,43.23396682739258,1016000,0.0,0.0
2022-04-19,49.130001068115234,49.709999084472656,48.9900016784668,49.52000045776367,43.47980499267578,1053500,0.0,0.0
2022-04-20,49.9900016784668,51.029998779296875,49.9900016784668,50.81999969482422,44.621238708496094,980000,0.0,0.0
2022-04-21,51.09000015258789,52.810001373291016,51.09000015258789,51.36000061035156,45.095375061035156,1558400,0.0,0.0
2022-04-22,51.119998931884766,51.66999816894531,50.45000076293945,51.349998474121094,45.08658981323242,1230800,0.0,0.0
2022-04-25,51.16999816894531,52.560001373291016,50.72999954223633,52.29999923706055,45.920719146728516,1722000,0.0,0.0
2022-04-26,51.560001373291016,51.95000076293945,50.599998474121094,50.72999954223633,44.54221725463867,1397400,0.0,0.0
2022-04-27,51.540000915527344,52.08000183105469,50.40999984741211,51.380001068115234,45.11293029785156,1556800,0.0,0.0
2022-04-28,50.810001373291016,51.939998626708984,50.5099983215332,51.65999984741211,45.35877990722656,1005500,0.0,0.0
2022-04-29,51.459999084472656,51.869998931884766,49.81999969482422,49.95000076293945,43.857357025146484,1732600,0.0,0.0
2022-05-02,50.43000030517578,50.84000015258789,49.16999816894531,49.70000076293945,43.63785171508789,1097000,0.0,0.0
2022-05-03,50.22999954223633,50.47999954223633,49.70000076293945,49.810001373291016,43.734432220458984,915700,0.0,0.0
2022-05-04,49.66999816894531,51.650001525878906,49.619998931884766,51.54999923706055,45.26219940185547,782800,0.0,0.0
2022-05-05,50.91999816894531,51.36000061035156,49.22999954223633,49.529998779296875,43.488590240478516,1128900,0.0,0.0
2022-05-06,49.040000915527344,49.369998931884766,48.08000183105469,48.709999084472656,42.76860427856445,1077500,0.0,0.0
2022-05-09,48.209999084472656,49.279998779296875,47.9900016784668,48.849998474121094,42.891536712646484,859900,0.0,0.0
2022-05-10,48.88999938964844,49.790000915527344,48.459999084472656,49.439998626708984,43.40956115722656,1429900,0.0,0.0
2022-05-11,49.41999816894531,50.5099983215332,48.630001068115234,48.81999969482422,42.86518859863281,1056300,0.0,0.0
2022-05-12,48.15999984741211,49.54999923706055,47.91999816894531,49.45000076293945,43.94948196411133,1889000,0.59,0.0
2022-05-13,49.95000076293945,52.29999923706055,49.90999984741211,52.25,46.438026428222656,2325600,0.0,0.0
2022-05-16,52.029998779296875,53.86000061035156,51.7400016784668,52.400001525878906,46.57135009765625,2169000,0.0,0.0
2022-05-17,53.16999816894531,53.65999984741211,52.70000076293945,53.41999816894531,47.477882385253906,1381400,0.0,0.0
2022-05-18,53.099998474121094,53.31999969482422,51.65999984741211,51.790000915527344,46.02920150756836,2243200,0.0,0.0
2022-05-19,50.90999984741211,52.06999969482422,50.33000183105469,51.52000045776367,45.78923797607422,1377400,0.0,0.0
2022-05-20,51.810001373291016,52.959999084472656,51.470001220703125,52.709999084472656,46.846858978271484,1474700,0.0,0.0
2022-05-23,52.7599983215332,54.02000045776367,52.7599983215332,53.79999923706055,47.815616607666016,1056400,0.0,0.0
2022-05-24,53.880001068115234,54.040000915527344,53.02000045776367,53.7400016784668,47.76229476928711,1635000,0.0,0.0
2022-05-25,53.2400016784668,53.5099983215332,52.52000045776367,53.040000915527344,47.14015197753906,1059900,0.0,0.0
2022-05-26,53.11000061035156,53.900001525878906,53.11000061035156,53.58000183105469,47.620094299316406,718600,0.0,0.0
2022-05-27,54.02000045776367,54.380001068115234,53.599998474121094,53.880001068115234,47.886714935302734,625400,0.0,0.0
2022-05-31,53.77000045776367,53.81999969482422,52.900001525878906,53.130001068115234,47.22014236450195,2384600,0.0,0.0
2022-06-01,52.84000015258789,53.619998931884766,51.83000183105469,53.2599983215332,47.33567810058594,1138600,0.0,0.0
2022-06-02,53.540000915527344,53.97999954223633,52.25,53.970001220703125,47.96670913696289,556000,0.0,0.0
2022-06-03,53.540000915527344,53.79999923706055,53.08000183105469,53.439998626708984,47.49565887451172,670100,0.0,0.0
2022-06-06,54.130001068115234,54.630001068115234,53.900001525878906,54.2400016784668,48.2066764831543,597600,0.0,0.0
2022-06-07,53.40999984741211,54.22999954223633,52.91999816894531,53.88999938964844,47.895606994628906,825100,0.0,0.0
2022-06-08,53.5,54.2599983215332,53.16999816894531,53.93000030517578,47.931156158447266,1148400,0.0,0.0
2022-06-09,53.849998474121094,54.599998474121094,53.5,53.970001220703125,47.96670913696289,1197800,0.0,0.0
2022-06-10,53.0,53.45000076293945,52.56999969482422,52.7400016784668,46.87352752685547,1390000,0.0,0.0
2022-06-13,51.150001525878906,51.68000030517578,50.47999954223633,50.779998779296875,45.13154220581055,1658400,0.0,0.0
2022-06-14,50.849998474121094,51.029998779296875,50.290000915527344,50.68000030517578,45.042667388916016,754900,0.0,0.0
2022-06-15,51.369998931884766,52.04999923706055,50.720001220703125,51.09000015258789,45.40705871582031,1252000,0.0,0.0
2022-06-16,49.849998474121094,49.95000076293945,49.16999816894531,49.709999084472656,44.18055725097656,937200,0.0,0.0
2022-06-17,50.09000015258789,51.5099983215332,50.04999923706055,50.86000061035156,45.2026481628418,1737200,0.0,0.0
2022-06-21,51.310001373291016,51.79999923706055,51.02000045776367,51.72999954223633,45.975868225097656,1132400,0.0,0.0
2022-06-22,51.2599983215332,51.54999923706055,51.029998779296875,51.18000030517578,45.48705291748047,1126200,0.0,0.0
2022-06-23,51.0099983215332,51.52000045776367,50.349998474121094,50.97999954223633,45.309295654296875,1022000,0.0,0.0
2022-06-24,51.43000030517578,53.040000915527344,51.29999923706055,53.02000045776367,47.12237548828125,1596900,0.0,0.0
2022-06-27,53.02000045776367,53.40999984741211,52.59000015258789,53.08000183105469,47.17570877075195,708300,0.0,0.0
2022-06-28,53.2599983215332,53.540000915527344,52.150001525878906,52.18000030517578,46.37582015991211,1135300,0.0,0.0
2022-06-29,51.66999816894531,52.59000015258789,51.5099983215332,52.56999969482422,46.722434997558594,565100,0.0,0.0
2022-06-30,51.7599983215332,51.79999923706055,50.779998779296875,51.61000061035156,45.86921691894531,1461200,0.0,0.0
2022-07-01,51.06999969482422,53.34000015258789,51.06999969482422,53.290000915527344,47.36235046386719,1197100,0.0,0.0
2022-07-05,52.02000045776367,52.130001068115234,50.81999969482422,51.7599983215332,46.002532958984375,923200,0.0,0.0
2022-07-06,51.849998474121094,52.20000076293945,51.20000076293945,51.29999923706055,45.59370040893555,882400,0.0,0.0
2022-07-07,51.540000915527344,52.09000015258789,51.29999923706055,51.93000030517578,46.15361785888672,702500,0.0,0.0
2022-07-08,52.20000076293945,52.630001068115234,51.5099983215332,51.79999923706055,46.0380859375,946200,0.0,0.0
2022-07-11,51.54999923706055,51.72999954223633,50.66999816894531,50.779998779296875,45.13154220581055,647900,0.0,0.0
2022-07-12,50.849998474121094,51.09000015258789,49.720001220703125,49.900001525878906,44.34943389892578,1439800,0.0,0.0
2022-07-13,50.0099983215332,50.2599983215332,49.040000915527344,49.88999938964844,44.34054183959961,1683800,0.0,0.0
2022-07-14,49.220001220703125,49.5099983215332,48.290000915527344,49.4900016784668,43.98503494262695,774100,0.0,0.0
2022-07-15,49.619998931884766,49.86000061035156,49.27000045776367,49.650001525878906,44.12723159790039,810700,0.0,0.0
2022-07-18,49.90999984741211,50.70000076293945,49.279998779296875,49.5,43.993919372558594,1022400,0.0,0.0
2022-07-19,50.709999084472656,51.59000015258789,50.56999969482422,51.38999938964844,45.67369079589844,914100,0.0,0.0
2022-07-20,50.959999084472656,51.52000045776367,50.13999938964844,50.2599983215332,44.66938400268555,830900,0.0,0.0
2022-07-21,50.43000030517578,52.04999923706055,50.43000030517578,51.869998931884766,46.10029220581055,1522800,0.0,0.0
2022-07-22,51.86000061035156,51.97999954223633,51.06999969482422,51.5,45.771453857421875,712200,0.0,0.0
2022-07-25,51.83000183105469,52.619998931884766,51.619998931884766,52.560001373291016,46.71354675292969,697200,0.0,0.0
2022-07-26,52.2599983215332,52.7400016784668,51.90999984741211,52.68000030517578,46.82019805908203,1384600,0.0,0.0
2022-07-27,52.66999816894531,53.29999923706055,52.2400016784668,53.04999923706055,47.149044036865234,822600,0.0,0.0
2022-07-28,53.040000915527344,53.959999084472656,52.939998626708984,53.779998779296875,47.79783630371094,620100,0.0,0.0
2022-07-29,53.61000061035156,54.2400016784668,53.470001220703125,54.119998931884766,48.10002136230469,652200,0.0,0.0
2022-08-01,54.08000183105469,54.900001525878906,53.720001220703125,54.09000015258789,48.0733642578125,591800,0.0,0.0
2022-08-02,54.04999923706055,54.04999923706055,53.40999984741211,53.47999954223633,47.53121566772461,793200,0.0,0.0
2022-08-03,54.54999923706055,54.599998474121094,53.689998626708984,54.290000915527344,48.25111389160156,1406000,0.0,0.0
2022-08-04,53.189998626708984,53.47999954223633,52.150001525878906,53.41999816894531,47.477882385253906,1390500,0.0,0.0
2022-08-05,52.869998931884766,52.93000030517578,51.65999984741211,51.9900016784668,46.206947326660156,1673100,0.0,0.0
2022-08-08,52.689998626708984,52.959999084472656,51.470001220703125,51.86000061035156,46.09141540527344,1442100,0.0,0.0
2022-08-09,52.279998779296875,52.779998779296875,51.560001373291016,52.119998931884766,46.322486877441406,1788500,0.0,0.0
2022-08-10,52.779998779296875,53.400001525878906,52.5,52.849998474121094,46.97128677368164,1695500,0.0,0.0
2022-08-11,52.810001373291016,53.880001068115234,52.7599983215332,53.380001068115234,47.44233322143555,2209700,0.0,0.0
2022-08-12,53.900001525878906,54.54999923706055,53.560001373291016,54.529998779296875,48.46440887451172,1152300,0.0,0.0
2022-08-15,54.2599983215332,55.20000076293945,54.02000045776367,54.90999984741211,48.802146911621094,1022400,0.0,0.0
2022-08-16,54.7599983215332,55.400001525878906,54.72999954223633,55.279998779296875,49.1309928894043,713500,0.0,0.0
2022-08-17,54.630001068115234,54.790000915527344,53.81999969482422,54.209999084472656,48.18000411987305,1047300,0.0,0.0
2022-08-18,54.2599983215332,54.38999938964844,53.81999969482422,54.06999969482422,48.05559158325195,945300,0.0,0.0
2022-08-19,53.61000061035156,54.29999923706055,53.5,53.75,47.771175384521484,1098800,0.0,0.0
2022-08-22,52.79999923706055,52.93000030517578,51.369998931884766,51.970001220703125,46.189178466796875,1585600,0.0,0.0
2022-08-23,52.18000030517578,52.689998626708984,51.970001220703125,52.40999984741211,46.58023452758789,1189700,0.0,0.0
2022-08-24,52.11000061035156,52.869998931884766,51.790000915527344,52.06999969482422,46.27804946899414,930300,0.0,0.0
2022-08-25,51.9900016784668,52.349998474121094,50.7400016784668,51.0,45.32707214355469,1540600,0.0,0.0
2022-08-26,51.09000015258789,51.38999938964844,49.36000061035156,49.380001068115234,43.88727569580078,1081900,0.0,0.0
2022-08-29,49.130001068115234,49.470001220703125,48.29999923706055,48.54999923706055,43.14958953857422,3729700,0.0,0.0
2022-08-30,49.0,49.52000045776367,48.38999938964844,49.4900016784668,43.98503494262695,1791700,0.0,0.0
2022-08-31,49.540000915527344,50.290000915527344,48.900001525878906,49.16999816894531,43.700626373291016,3186400,0.0,0.0
2022-09-01,48.59000015258789,48.59000015258789,47.41999816894531,48.13999938964844,42.78519821166992,2423900,0.0,0.0
2022-09-02,48.16999816894531,49.279998779296875,47.349998474121094,47.59000015258789,42.296382904052734,1853400,0.0,0.0
2022-09-06,47.79999923706055,47.83000183105469,46.220001220703125,46.5099983215332,41.33651351928711,2259600,0.0,0.0
2022-09-07,46.54999923706055,48.06999969482422,46.459999084472656,48.040000915527344,42.696327209472656,1999100,0.0,0.0
2022-09-08,47.38999938964844,48.150001525878906,46.77000045776367,48.0,42.6607780456543,2019600,0.0,0.0
2022-09-09,48.439998626708984,49.779998779296875,48.22999954223633,49.70000076293945,44.17167663574219,1805200,0.0,0.0
2022-09-12,49.97999954223633,50.529998779296875,49.93000030517578,50.0099983215332,44.44719314575195,1336700,0.0,0.0
2022-09-13,49.0,49.16999816894531,47.970001220703125,48.209999084472656,42.847412109375,1250100,0.0,0.0
2022-09-14,48.2599983215332,48.27000045776367,47.25,47.939998626708984,42.607444763183594,1200600,0.0,0.0
2022-09-15,47.560001373291016,47.849998474121094,47.15999984741211,47.38999938964844,42.11862564086914,1906600,0.0,0.0
2022-09-16,46.90999984741211,47.38999938964844,46.56999969482422,47.150001525878906,41.90532302856445,1519400,0.0,0.0
2022-09-19,46.81999969482422,47.619998931884766,46.70000076293945,47.54999923706055,42.26082992553711,977000,0.0,0.0
2022-09-20,47.060001373291016,47.22999954223633,46.41999816894531,46.900001525878906,41.683128356933594,973500,0.0,0.0
2022-09-21,46.95000076293945,47.810001373291016,46.709999084472656,46.720001220703125,41.52315139770508,1228600,0.0,0.0
2022-09-22,46.88999938964844,47.08000183105469,46.0099983215332,46.279998779296875,41.1320915222168,879200,0.0,0.0
2022-09-23,45.38999938964844,45.47999954223633,44.099998474121094,44.56999969482422,39.6123046875,1798300,0.0,0.0
2022-09-26,44.65999984741211,44.959999084472656,43.68000030517578,43.91999816894531,39.034603118896484,1530900,0.0,0.0
2022-09-27,44.36000061035156,44.529998779296875,42.630001068115234,43.45000076293945,38.61688995361328,1930800,0.0,0.0
2022-09-28,43.470001220703125,43.88999938964844,42.779998779296875,43.7400016784668,38.874629974365234,1829500,0.0,0.0
2022-09-29,43.310001373291016,43.400001525878906,41.79999923706055,43.0099983215332,38.225830078125,2040100,0.0,0.0
2022-09-30,43.290000915527344,43.61000061035156,42.54999923706055,42.619998931884766,37.87921142578125,2060800,0.0,0.0
2022-10-03,43.08000183105469,44.119998931884766,42.65999984741211,43.959999084472656,39.07015609741211,1049300,0.0,0.0
2022-10-04,45.029998779296875,46.2599983215332,45.029998779296875,45.959999084472656,40.84769058227539,1593000,0.0,0.0
2022-10-05,45.959999084472656,46.45000076293945,45.31999969482422,46.15999984741211,41.02544021606445,1377800,0.0,0.0
2022-10-06,45.650001525878906,45.7599983215332,44.849998474121094,45.04999923706055,40.03890609741211,861000,0.0,0.0
2022-10-07,45.029998779296875,45.04999923706055,44.40999984741211,44.68000030517578,39.7100715637207,2012300,0.0,0.0
2022-10-10,44.880001068115234,45.2400016784668,44.380001068115234,44.70000076293945,39.72784423828125,635200,0.0,0.0
2022-10-11,44.439998626708984,45.2599983215332,44.06999969482422,44.68000030517578,39.7100715637207,1022000,0.0,0.0
2022-10-12,44.939998626708984,45.630001068115234,44.630001068115234,45.27000045776367,40.23444366455078,824500,0.0,0.0
2022-10-13,44.04999923706055,46.20000076293945,43.65999984741211,46.08000183105469,40.954345703125,1189700,0.0,0.0
2022-10-14,46.34000015258789,46.869998931884766,45.189998626708984,45.20000076293945,40.1722297668457,1049900,0.0,0.0
2022-10-17,46.02000045776367,46.880001068115234,46.02000045776367,46.599998474121094,41.416500091552734,1036000,0.0,0.0
2022-10-18,47.22999954223633,47.529998779296875,46.13999938964844,46.34000015258789,41.18541717529297,1384100,0.0,0.0
2022-10-19,46.04999923706055,46.130001068115234,44.66999816894531,44.970001220703125,39.967811584472656,1235000,0.0,0.0
2022-10-20,44.95000076293945,45.22999954223633,44.15999984741211,44.40999984741211,39.47010040283203,937600,0.0,0.0
2022-10-21,44.439998626708984,45.68000030517578,44.09000015258789,45.68000030517578,40.59883117675781,896900,0.0,0.0
2022-10-24,45.970001220703125,46.790000915527344,45.709999084472656,46.77000045776367,41.567588806152344,1168300,0.0,0.0
2022-10-25,46.939998626708984,47.279998779296875,46.34000015258789,46.81999969482422,41.61202621459961,1969700,0.0,0.0
2022-10-26,46.650001525878906,47.59000015258789,46.58000183105469,47.130001068115234,41.887550354003906,1092000,0.0,0.0
2022-10-27,47.22999954223633,47.310001373291016,46.349998474121094,46.400001525878906,41.23875427246094,1082300,0.0,0.0
2022-10-28,46.880001068115234,47.560001373291016,46.68000030517578,47.220001220703125,41.967533111572266,1292300,0.0,0.0
2022-10-31,47.18000030517578,47.65999984741211,46.849998474121094,47.04999923706055,41.81644821166992,978500,0.0,0.0
2022-11-01,47.70000076293945,47.9900016784668,46.86000061035156,47.369998931884766,42.10084915161133,898300,0.0,0.0
2022-11-02,47.38999938964844,48.060001373291016,46.61000061035156,46.63999938964844,41.452049255371094,1314400,0.0,0.0
2022-11-03,46.279998779296875,47.599998474121094,45.75,47.54999923706055,42.26082992553711,1452600,0.0,0.0
2022-11-04,48.529998779296875,49.040000915527344,47.65999984741211,48.20000076293945,42.83852767944336,1422000,0.0,0.0
2022-11-07,48.709999084472656,49.61000061035156,48.459999084472656,49.38999938964844,43.896156311035156,1759900,0.0,0.0
2022-11-08,49.91999816894531,50.06999969482422,49.0,49.650001525878906,44.12723159790039,1555700,0.0,0.0
2022-11-09,49.79999923706055,49.939998626708984,48.970001220703125,49.02000045776367,43.567317962646484,1016600,0.0,0.0
2022-11-10,50.56999969482422,51.06999969482422,50.349998474121094,50.900001525878906,45.238197326660156,981200,0.0,0.0
2022-11-11,51.0,51.81999969482422,50.79999923706055,51.650001525878906,45.9047737121582,1087500,0.0,0.0
2022-11-14,51.650001525878906,51.97999954223633,51.369998931884766,51.5,45.771453857421875,959000,0.0,0.0
2022-11-15,51.54999923706055,53.25,51.130001068115234,51.439998626708984,45.71812438964844,1962200,0.0,0.0
2022-11-16,51.599998474121094,51.79999923706055,50.779998779296875,51.38999938964844,45.67369079589844,1134000,0.0,0.0
2022-11-17,49.84000015258789,50.720001220703125,49.79999923706055,50.68000030517578,46.037044525146484,1254500,1.11,0.0
2022-11-18,50.869998931884766,51.189998626708984,50.33000183105469,50.790000915527344,46.13697052001953,1322900,0.0,0.0
2022-11-21,50.400001525878906,51.33000183105469,50.220001220703125,51.189998626708984,46.50032043457031,753600,0.0,0.0
2022-11-22,51.43000030517578,52.099998474121094,51.25,52.06999969482422,47.29970169067383,974500,0.0,0.0
2022-11-23,52.22999954223633,52.900001525878906,52.22999954223633,52.70000076293945,47.871978759765625,587400,0.0,0.0
2022-11-25,52.630001068115234,52.88999938964844,52.40999984741211,52.75,47.91740798950195,330000,0.0,0.0
2022-11-28,52.400001525878906,53.279998779296875,52.34000015258789,52.400001525878906,47.59947204589844,770100,0.0,0.0
2022-11-29,52.25,52.43000030517578,51.5099983215332,51.56999969482422,46.84550857543945,632400,0.0,0.0
2022-11-30,51.619998931884766,53.27000045776367,51.209999084472656,53.09000015258789,48.22625732421875,3768700,0.0,0.0
2022-12-01,53.29999923706055,54.040000915527344,53.08000183105469,53.689998626708984,48.77129364013672,1176600,0.0,0.0
2022-12-02,53.439998626708984,54.20000076293945,53.34000015258789,53.91999816894531,48.98021697998047,674500,0.0,0.0
2022-12-05,53.47999954223633,53.47999954223633,52.79999923706055,53.2400016784668,48.362518310546875,780200,0.0,0.0
2022-12-06,53.130001068115234,53.290000915527344,51.86000061035156,52.4900016784668,47.68122863769531,795800,0.0,0.0
2022-12-07,52.5,53.0,52.2599983215332,52.31999969482422,47.526798248291016,1175000,0.0,0.0
2022-12-08,52.459999084472656,53.61000061035156,52.31999969482422,53.130001068115234,48.262596130371094,1635000,0.0,0.0
2022-12-09,53.18000030517578,54.04999923706055,53.040000915527344,53.900001525878906,48.9620475769043,1032800,0.0,0.0
2022-12-12,53.59000015258789,54.36000061035156,53.349998474121094,54.2400016784668,49.270904541015625,907800,0.0,0.0
2022-12-13,55.06999969482422,55.560001373291016,54.47999954223633,54.5,49.507083892822266,1812600,0.0,0.0
2022-12-14,54.75,55.45000076293945,54.529998779296875,54.95000076293945,49.915863037109375,988600,0.0,0.0
2022-12-15,54.27000045776367,54.52000045776367,53.38999938964844,53.779998779296875,48.85304260253906,1068000,0.0,0.0
2022-12-16,53.470001220703125,54.220001220703125,53.220001220703125,54.08000183105469,49.12556076049805,1210900,0.0,0.0
2022-12-19,54.029998779296875,54.689998626708984,53.70000076293945,53.97999954223633,49.034725189208984,1073300,0.0,0.0
2022-12-20,54.04999923706055,54.470001220703125,53.59000015258789,54.130001068115234,49.170982360839844,1170900,0.0,0.0
2022-12-21,54.540000915527344,55.47999954223633,54.439998626708984,55.13999938964844,50.08844757080078,1178600,0.0,0.0
2022-12-22,55.0,55.029998779296875,54.220001220703125,54.93000030517578,49.89768981933594,651800,0.0,0.0
2022-12-23,54.90999984741211,55.11000061035156,54.619998931884766,54.970001220703125,49.93402862548828,485100,0.0,0.0
2022-12-27,55.16999816894531,55.2599983215332,54.79999923706055,55.119998931884766,50.070281982421875,467900,0.0,0.0
2022-12-28,55.060001373291016,55.61000061035156,54.970001220703125,55.380001068115234,50.30646514892578,918000,0.0,0.0
2022-12-29,55.20000076293945,55.88999938964844,54.93000030517578,55.40999984741211,50.33371353149414,814100,0.0,0.0
2022-12-30,55.2400016784668,55.459999084472656,54.93000030517578,55.31999969482422,50.25196075439453,818000,0.0,0.0
2023-01-03,55.43000030517578,55.66999816894531,53.970001220703125,54.36000061035156,49.379913330078125,1201800,0.0,0.0
2023-01-04,55.130001068115234,55.90999984741211,54.65999984741211,55.65999984741211,50.560813903808594,1483400,0.0,0.0
2023-01-05,55.439998626708984,56.43000030517578,55.40999984741211,55.91999816894531,50.7969970703125,1530400,0.0,0.0
2023-01-06,56.20000076293945,56.959999084472656,56.02000045776367,56.83000183105469,51.623626708984375,749600,0.0,0.0
2023-01-09,56.810001373291016,57.310001373291016,56.25,56.380001068115234,51.21485137939453,970500,0.0,0.0
2023-01-10,56.16999816894531,56.290000915527344,55.779998779296875,56.0,50.86966323852539,1103800,0.0,0.0
2023-01-11,56.029998779296875,56.209999084472656,55.61000061035156,56.029998779296875,50.896915435791016,964600,0.0,0.0
2023-01-12,56.34000015258789,56.70000076293945,55.779998779296875,56.09000015258789,50.951419830322266,1701200,0.0,0.0
2023-01-13,55.97999954223633,56.33000183105469,55.84000015258789,56.290000915527344,51.13309860229492,1110500,0.0,0.0
2023-01-17,56.439998626708984,57.63999938964844,56.400001525878906,57.119998931884766,51.887054443359375,1430900,0.0,0.0
2023-01-18,57.0,57.029998779296875,56.08000183105469,56.13999938964844,50.9968376159668,1666800,0.0,0.0
2023-01-19,56.029998779296875,56.310001373291016,55.72999954223633,55.79999923706055,50.687984466552734,945200,0.0,0.0
2023-01-20,56.040000915527344,56.040000915527344,55.41999816894531,55.72999954223633,50.624393463134766,865300,0.0,0.0
2023-01-23,55.790000915527344,55.95000076293945,55.209999084472656,55.369998931884766,50.29737854003906,694100,0.0,0.0
2023-01-24,55.40999984741211,55.619998931884766,54.91999816894531,55.25,50.188377380371094,688300,0.0,0.0
2023-01-25,55.189998626708984,56.060001373291016,55.040000915527344,56.040000915527344,50.906002044677734,704300,0.0,0.0
2023-01-26,55.90999984741211,55.970001220703125,55.349998474121094,55.75,50.6425666809082,778800,0.0,0.0
2023-01-27,55.380001068115234,55.47999954223633,54.900001525878906,55.09000015258789,50.043025970458984,714300,0.0,0.0
2023-01-30,54.970001220703125,55.599998474121094,54.790000915527344,55.31999969482422,50.25196075439453,1149600,0.0,0.0
2023-01-31,55.470001220703125,56.31999969482422,55.369998931884766,56.220001220703125,51.06951141357422,1760100,0.0,0.0
2023-02-01,56.11000061035156,56.83000183105469,55.529998779296875,56.65999984741211,51.469200134277344,1155000,0.0,0.0
2023-02-02,56.349998474121094,56.70000076293945,56.0099983215332,56.220001220703125,51.06951141357422,1233500,0.0,0.0
2023-02-03,56.130001068115234,56.13999938964844,55.43000030517578,55.869998931884766,50.75156784057617,651300,0.0,0.0
2023-02-06,55.47999954223633,55.65999984741211,54.97999954223633,55.06999969482422,50.02486038208008,1050900,0.0,0.0
2023-02-07,54.599998474121094,55.0,54.22999954223633,54.650001525878906,49.643348693847656,1367500,0.0,0.0
2023-02-08,54.5099983215332,56.0,54.5099983215332,55.15999984741211,50.10660934448242,1535400,0.0,0.0
2023-02-09,55.689998626708984,55.93000030517578,54.90999984741211,55.040000915527344,49.99761199951172,770200,0.0,0.0
2023-02-10,54.97999954223633,55.040000915527344,54.45000076293945,54.61000061035156,49.60700225830078,934500,0.0,0.0
2023-02-13,54.93000030517578,56.02000045776367,54.93000030517578,55.849998474121094,50.733402252197266,1220100,0.0,0.0
2023-02-14,56.22999954223633,56.95000076293945,55.81999969482422,55.95000076293945,50.824241638183594,1506300,0.0,0.0
2023-02-15,56.25,56.68000030517578,55.75,56.16999816894531,51.024085998535156,1599600,0.0,0.0
2023-02-16,55.650001525878906,57.119998931884766,55.099998474121094,56.72999954223633,51.53278350830078,1383200,0.0,0.0
2023-02-17,56.060001373291016,56.529998779296875,55.61000061035156,56.22999954223633,51.07859420776367,1375100,0.0,0.0
2023-02-21,55.52000045776367,55.81999969482422,54.47999954223633,54.91999816894531,49.88860321044922,1227000,0.0,0.0
2023-02-22,54.869998931884766,55.279998779296875,54.52000045776367,54.900001525878906,49.87043762207031,1449700,0.0,0.0
2023-02-23,55.09000015258789,56.130001068115234,54.9900016784668,55.95000076293945,50.824241638183594,1235800,0.0,0.0
2023-02-24,55.47999954223633,55.970001220703125,55.0,55.970001220703125,50.8424072265625,922600,0.0,0.0
2023-02-27,56.060001373291016,56.470001220703125,55.689998626708984,55.869998931884766,50.75156784057617,708100,0.0,0.0
2023-02-28,55.86000061035156,55.869998931884766,54.93000030517578,55.0,49.96127700805664,1184600,0.0,0.0
2023-03-01,55.41999816894531,55.61000061035156,54.209999084472656,54.81999969482422,49.79776382446289,1514300,0.0,0.0
2023-03-02,54.810001373291016,55.7599983215332,54.810001373291016,55.65999984741211,50.560813903808594,596500,0.0,0.0
2023-03-03,55.7599983215332,56.08000183105469,55.34000015258789,55.93000030517578,50.80607986450195,585000,0.0,0.0
2023-03-06,55.7400016784668,56.220001220703125,55.70000076293945,55.900001525878906,50.77882766723633,677600,0.0,0.0
2023-03-07,55.810001373291016,55.810001373291016,54.7599983215332,55.02000045776367,49.97944259643555,752700,0.0,0.0
2023-03-08,55.09000015258789,55.45000076293945,54.619998931884766,54.900001525878906,49.87043762207031,645200,0.0,0.0
2023-03-09,54.779998779296875,54.91999816894531,53.93000030517578,54.11000061035156,49.15281295776367,967700,0.0,0.0
2023-03-10,54.15999984741211,54.61000061035156,53.529998779296875,54.04999923706055,49.09830093383789,1318100,0.0,0.0
2023-03-13,53.7400016784668,55.43000030517578,53.619998931884766,55.20000076293945,50.14295196533203,2419800,0.0,0.0
2023-03-14,55.58000183105469,56.5099983215332,55.31999969482422,56.349998474121094,51.18759536743164,2012700,0.0,0.0
2023-03-15,55.08000183105469,55.84000015258789,54.75,55.81999969482422,50.70615005493164,2389500,0.0,0.0
2023-03-16,55.75,56.7400016784668,55.16999816894531,56.58000183105469,51.39653015136719,1648600,0.0,0.0
2023-03-17,56.279998779296875,56.279998779296875,54.93000030517578,55.09000015258789,50.043025970458984,2223100,0.0,0.0
2023-03-20,55.810001373291016,56.33000183105469,55.4900016784668,56.130001068115234,50.98775100708008,1050800,0.0,0.0
2023-03-21,56.31999969482422,56.869998931884766,56.25,56.68000030517578,51.48736572265625,1191900,0.0,0.0
2023-03-22,56.790000915527344,57.5099983215332,56.61000061035156,56.63999938964844,51.45103073120117,1030500,0.0,0.0
2023-03-23,56.88999938964844,57.099998474121094,56.31999969482422,56.630001068115234,51.44194412231445,1213400,0.0,0.0
2023-03-24,56.56999969482422,56.970001220703125,56.0099983215332,56.779998779296875,51.57819747924805,885600,0.0,0.0
2023-03-27,56.939998626708984,57.470001220703125,56.939998626708984,57.290000915527344,52.041481018066406,1042300,0.0,0.0
2023-03-28,57.060001373291016,57.45000076293945,56.86000061035156,57.06999969482422,51.841636657714844,736800,0.0,0.0
2023-03-29,57.709999084472656,57.939998626708984,57.529998779296875,57.86000061035156,52.55926513671875,652200,0.0,0.0
2023-03-30,58.22999954223633,58.54999923706055,58.02000045776367,58.2400016784668,52.90445327758789,972800,0.0,0.0
2023-03-31,58.7400016784668,59.220001220703125,58.5099983215332,59.189998626708984,53.767417907714844,1155000,0.0,0.0
2023-04-03,59.040000915527344,59.61000061035156,58.880001068115234,59.56999969482422,54.112606048583984,941200,0.0,0.0
2023-04-04,59.529998779296875,59.7599983215332,58.58000183105469,58.88999938964844,53.49489974975586,947700,0.0,0.0
2023-04-05,59.08000183105469,59.310001373291016,58.5,58.619998931884766,53.2496337890625,932500,0.0,0.0
2023-04-06,58.779998779296875,59.0,58.38999938964844,58.7400016784668,53.358646392822266,729200,0.0,0.0
2023-04-10,58.349998474121094,58.83000183105469,58.16999816894531,58.79999923706055,53.41314697265625,456300,0.0,0.0
2023-04-11,58.709999084472656,59.41999816894531,58.560001373291016,59.290000915527344,53.85825729370117,963200,0.0,0.0
2023-04-12,59.11000061035156,59.720001220703125,58.970001220703125,59.38999938964844,53.9490966796875,724500,0.0,0.0
2023-04-13,59.709999084472656,60.150001525878906,59.34000015258789,59.9900016784668,54.49412155151367,1004200,0.0,0.0
2023-04-14,60.16999816894531,60.189998626708984,59.72999954223633,59.880001068115234,54.394203186035156,707700,0.0,0.0
2023-04-17,60.0,60.130001068115234,59.77000045776367,60.130001068115234,54.621299743652344,679100,0.0,0.0
2023-04-18,60.13999938964844,61.18000030517578,59.9900016784668,61.099998474121094,55.50243377685547,1123400,0.0,0.0
2023-04-19,61.08000183105469,61.27000045776367,60.79999923706055,61.060001373291016,55.46610641479492,883500,0.0,0.0
2023-04-20,60.540000915527344,61.84000015258789,60.540000915527344,61.58000183105469,55.93846893310547,995000,0.0,0.0
2023-04-21,61.9900016784668,62.439998626708984,61.630001068115234,61.779998779296875,56.12013244628906,1062000,0.0,0.0
2023-04-24,61.86000061035156,62.38999938964844,61.81999969482422,62.20000076293945,56.50166320800781,1275100,0.0,0.0
2023-04-25,62.36000061035156,63.77000045776367,62.36000061035156,63.279998779296875,57.48271560668945,1076800,0.0,0.0
2023-04-26,63.58000183105469,64.12000274658203,63.470001220703125,64.01000213623047,58.145843505859375,1107600,0.0,0.0
2023-04-27,64.08999633789062,64.56999969482422,63.709999084472656,64.4800033569336,58.572784423828125,1215000,0.0,0.0
2023-04-28,63.75,64.61000061035156,63.56999969482422,64.47000122070312,58.563697814941406,1353500,0.0,0.0
2023-05-01,64.51000213623047,65.4000015258789,64.44000244140625,64.76000213623047,58.82713317871094,592300,0.0,0.0
2023-05-02,64.30999755859375,65.33999633789062,63.939998626708984,65.26000213623047,59.28133010864258,2155800,0.0,0.0
2023-05-03,65.52999877929688,66.36000061035156,65.37999725341797,65.44999694824219,59.45391845703125,1273800,0.0,0.0
2023-05-04,65.69999694824219,66.3499984741211,65.58999633789062,66.0,59.953529357910156,979300,0.0,0.0
2023-05-05,65.4800033569336,65.8499984741211,65.25,65.5999984741211,59.590179443359375,1279000,0.0,0.0
2023-05-08,65.66000366210938,65.76000213623047,65.19000244140625,65.29000091552734,59.308570861816406,657100,0.0,0.0
2023-05-09,65.12999725341797,66.02999877929688,65.08000183105469,65.9000015258789,59.86269760131836,1381600,0.0,0.0
2023-05-10,65.83000183105469,66.31999969482422,65.58000183105469,65.98999786376953,59.94445037841797,1038900,0.0,0.0
2023-05-11,65.37000274658203,65.94999694824219,64.83999633789062,65.91999816894531,60.559967041015625,1326100,0.74,0.0
2023-05-12,65.80999755859375,65.93000030517578,65.05999755859375,65.5,60.17412185668945,1045900,0.0,0.0
2023-05-15,65.77999877929688,66.19000244140625,65.48999786376953,66.12000274658203,60.74370574951172,1074900,0.0,0.0
2023-05-16,65.94000244140625,66.79000091552734,65.8499984741211,66.69000244140625,61.267364501953125,1266000,0.0,0.0
2023-05-17,66.52999877929688,66.58999633789062,65.76000213623047,66.29000091552734,60.89988327026367,1036000,0.0,0.0
2023-05-18,65.94999694824219,66.04000091552734,65.2699966430664,65.75,60.40379333496094,844100,0.0,0.0
2023-05-19,66.12000274658203,66.31999969482422,65.41000366210938,65.76000213623047,60.41298294067383,1093600,0.0,0.0
2023-05-22,65.95999908447266,66.12999725341797,64.47000122070312,64.7300033569336,59.466732025146484,1518500,0.0,0.0
2023-05-23,64.52999877929688,64.5999984741211,64.01000213623047,64.3499984741211,59.11762619018555,1035000,0.0,0.0
2023-05-24,64.08000183105469,64.2300033569336,63.349998474121094,63.880001068115234,58.685848236083984,803700,0.0,0.0
2023-05-25,63.47999954223633,63.77000045776367,62.70000076293945,62.91999816894531,57.80390167236328,1298100,0.0,0.0
2023-05-26,63.13999938964844,63.369998931884766,62.63999938964844,62.880001068115234,57.767154693603516,996500,0.0,0.0
2023-05-30,62.43000030517578,62.709999084472656,61.959999084472656,62.060001373291016,57.013832092285156,1142300,0.0,0.0
2023-05-31,61.81999969482422,62.650001525878906,61.36000061035156,62.38999938964844,57.31699752807617,3245700,0.0,0.0
2023-06-01,62.630001068115234,63.02000045776367,62.29999923706055,62.70000076293945,57.60179138183594,939600,0.0,0.0
2023-06-02,62.59000015258789,63.599998474121094,62.45000076293945,63.47999954223633,58.31836700439453,668000,0.0,0.0
2023-06-05,63.119998931884766,63.560001373291016,63.060001373291016,63.45000076293945,58.29081344604492,777100,0.0,0.0
2023-06-06,63.45000076293945,63.45000076293945,62.11000061035156,62.310001373291016,57.24350357055664,834700,0.0,0.0
2023-06-07,62.54999923706055,63.06999969482422,62.54999923706055,62.689998626708984,57.59260559082031,882900,0.0,0.0
2023-06-08,62.65999984741211,63.75,62.56999969482422,63.72999954223633,58.548038482666016,738400,0.0,0.0
2023-06-09,63.40999984741211,63.849998474121094,63.380001068115234,63.72999954223633,58.548038482666016,845900,0.0,0.0
2023-06-12,63.86000061035156,64.83000183105469,63.61000061035156,64.66000366210938,59.40242385864258,1183600,0.0,0.0
2023-06-13,64.95999908447266,65.30000305175781,64.30999755859375,64.80999755859375,59.540225982666016,1624800,0.0,0.0
2023-06-14,64.81999969482422,66.05999755859375,64.80999755859375,65.45999908447266,60.13737106323242,1169000,0.0,0.0
2023-06-15,65.83999633789062,66.41999816894531,65.58000183105469,65.62000274658203,60.284366607666016,990600,0.0,0.0
2023-06-16,65.7699966430664,65.93000030517578,65.04000091552734,65.3499984741211,60.03631591796875,1962500,0.0,0.0
2023-06-20,65.26000213623047,65.5,64.80000305175781,65.16999816894531,59.87095260620117,1897200,0.0,0.0
2023-06-21,64.75,65.04000091552734,64.58999633789062,64.7300033569336,59.466732025146484,904200,0.0,0.0
2023-06-22,64.7300033569336,65.95999908447266,64.58999633789062,65.83999633789062,60.48646926879883,965400,0.0,0.0
2023-06-23,65.62000274658203,65.70999908447266,65.0199966430664,65.04000091552734,59.751522064208984,683900,0.0,0.0
2023-06-26,64.8499984741211,64.8499984741211,63.959999084472656,64.05999755859375,58.8512077331543,957800,0.0,0.0
2023-06-27,64.16000366210938,64.80000305175781,63.95000076293945,64.75,59.485103607177734,811600,0.0,0.0
2023-06-28,64.37000274658203,64.62999725341797,63.56999969482422,64.01000213623047,58.80527114868164,813000,0.0,0.0
2023-06-29,64.01000213623047,64.11000061035156,63.619998931884766,63.849998474121094,58.65828323364258,627900,0.0,0.0
2023-06-30,64.08999633789062,64.58000183105469,64.06999969482422,64.43000030517578,59.191123962402344,1211200,0.0,0.0
2023-07-03,64.37000274658203,64.93000030517578,64.02999877929688,64.83000183105469,59.55860137939453,546100,0.0,0.0
2023-07-05,64.54000091552734,65.70999908447266,64.44999694824219,65.44999694824219,60.1281852722168,1258200,0.0,0.0
2023-07-06,64.91999816894531,65.45999908447266,64.70999908447266,65.18000030517578,59.88014602661133,877100,0.0,0.0
2023-07-07,65.8499984741211,65.94999694824219,64.33999633789062,64.48999786376953,59.24624252319336,1339900,0.0,0.0
2023-07-10,64.77999877929688,65.02999877929688,64.08999633789062,64.18000030517578,58.961456298828125,895100,0.0,0.0
2023-07-11,64.20999908447266,64.5,63.13999938964844,63.9900016784668,58.786903381347656,968800,0.0,0.0
2023-07-12,64.79000091552734,65.01000213623047,64.1500015258789,64.47000122070312,59.22787094116211,925200,0.0,0.0
2023-07-13,64.91999816894531,65.7699966430664,64.69000244140625,65.69999694824219,60.357852935791016,1041200,0.0,0.0
2023-07-14,65.76000213623047,66.0,65.5,65.55999755859375,60.229244232177734,1115500,0.0,0.0
2023-07-17,65.37000274658203,65.87999725341797,64.97000122070312,65.13999938964844,59.84339141845703,805300,0.0,0.0
2023-07-18,65.23999786376953,65.44000244140625,64.08999633789062,64.61000061035156,59.35649108886719,831300,0.0,0.0
2023-07-19,65.0,65.11000061035156,64.48999786376953,64.76000213623047,59.49428939819336,897900,0.0,0.0
2023-07-20,64.7699966430664,65.19000244140625,64.70999908447266,65.05000305175781,59.76071548461914,793100,0.0,0.0
2023-07-21,65.2699966430664,65.41999816894531,64.7699966430664,64.91000366210938,59.63209915161133,997200,0.0,0.0
2023-07-24,64.9000015258789,64.9000015258789,64.0,64.7300033569336,59.466732025146484,771500,0.0,0.0
2023-07-25,64.81999969482422,65.20999908447266,64.63999938964844,64.98999786376953,59.705589294433594,783000,0.0,0.0
2023-07-26,64.5999984741211,64.66999816894531,64.05999755859375,64.54000091552734,59.292179107666016,1213300,0.0,0.0
2023-07-27,64.80999755859375,64.80999755859375,63.75,63.86000061035156,58.66747283935547,1080400,0.0,0.0
2023-07-28,63.939998626708984,64.12000274658203,63.709999084472656,63.9900016784668,58.786903381347656,1184200,0.0,0.0
2023-07-31,63.29999923706055,63.810001373291016,63.15999984741211,63.38999938964844,58.23568344116211,908000,0.0,0.0
2023-08-01,63.189998626708984,63.61000061035156,62.709999084472656,63.130001068115234,57.996829986572266,1239300,0.0,0.0
2023-08-02,65.61000061035156,66.36000061035156,64.19999694824219,64.41000366210938,59.172752380371094,2028600,0.0,0.0
2023-08-03,63.959999084472656,64.37999725341797,63.29999923706055,64.0199966430664,58.814453125,1159800,0.0,0.0
2023-08-04,64.41000366210938,64.9000015258789,63.72999954223633,63.7400016784668,58.557228088378906,1223500,0.0,0.0
2023-08-07,63.84000015258789,65.08000183105469,63.7599983215332,65.04000091552734,59.751522064208984,1202300,0.0,0.0
2023-08-08,64.8499984741211,65.12999725341797,63.90999984741211,64.0,58.79608917236328,1089100,0.0,0.0
2023-08-09,63.970001220703125,64.22000122070312,63.709999084472656,63.95000076293945,58.75014877319336,729600,0.0,0.0
2023-08-10,64.41000366210938,64.88999938964844,63.959999084472656,64.20999908447266,58.989009857177734,704500,0.0,0.0
2023-08-11,63.650001525878906,64.58000183105469,63.5099983215332,64.56999969482422,59.319740295410156,798100,0.0,0.0
2023-08-14,64.2300033569336,64.5199966430664,63.88999938964844,64.19999694824219,58.979820251464844,579100,0.0,0.0
2023-08-15,64.05000305175781,64.12000274658203,63.18000030517578,63.209999084472656,58.07032012939453,593100,0.0,0.0
2023-08-16,63.27000045776367,63.54999923706055,62.75,62.83000183105469,57.72122573852539,1020000,0.0,0.0
2023-08-17,63.02000045776367,63.09000015258789,62.189998626708984,62.279998779296875,57.215938568115234,1050200,0.0,0.0
2023-08-18,62.16999816894531,62.689998626708984,61.849998474121094,62.56999969482422,57.48236083984375,519600,0.0,0.0
2023-08-21,62.7400016784668,62.779998779296875,61.959999084472656,62.15999984741211,57.1057014465332,743200,0.0,0.0
2023-08-22,61.91999816894531,62.84000015258789,61.63999938964844,62.75,57.647727966308594,860400,0.0,0.0
2023-08-23,62.790000915527344,63.220001220703125,62.54999923706055,62.86000061035156,57.748783111572266,879600,0.0,0.0
2023-08-24,62.9900016784668,63.70000076293945,62.77000045776367,62.84000015258789,57.730411529541016,739600,0.0,0.0
2023-08-25,63.16999816894531,63.560001373291016,62.81999969482422,63.47999954223633,58.31836700439453,614200,0.0,0.0
2023-08-28,63.4900016784668,63.58000183105469,62.68000030517578,62.84000015258789,57.730411529541016,962700,0.0,0.0
2023-08-29,63.040000915527344,64.23999786376953,62.9900016784668,64.13999938964844,58.92470169067383,982700,0.0,0.0
2023-08-30,64.33000183105469,64.87999725341797,64.33000183105469,64.62000274658203,59.36567687988281,1034200,0.0,0.0
2023-08-31,64.41999816894531,64.97000122070312,63.869998931884766,64.11000061035156,58.89714431762695,2354700,0.0,0.0
2023-09-01,63.81999969482422,64.11000061035156,62.060001373291016,62.31999969482422,57.25269317626953,1198300,0.0,0.0
2023-09-05,62.060001373291016,62.13999938964844,61.59000015258789,61.959999084472656,56.92196273803711,1080300,0.0,0.0
2023-09-06,61.939998626708984,62.43000030517578,61.77000045776367,61.97999954223633,56.94033432006836,889300,0.0,0.0
2023-09-07,61.7599983215332,62.25,61.0,61.279998779296875,56.29724884033203,1362500,0.0,0.0
2023-09-08,61.220001220703125,61.52000045776367,61.02000045776367,61.33000183105469,56.34318923950195,813100,0.0,0.0
2023-09-11,61.33000183105469,62.56999969482422,61.290000915527344,62.380001068115234,57.30780792236328,943800,0.0,0.0
2023-09-12,61.7400016784668,62.20000076293945,61.47999954223633,61.7599983215332,56.738216400146484,901900,0.0,0.0
2023-09-13,61.599998474121094,62.189998626708984,61.56999969482422,62.06999969482422,57.02301788330078,888900,0.0,0.0
2023-09-14,62.099998474121094,63.290000915527344,61.95000076293945,63.119998931884766,57.987640380859375,1322100,0.0,0.0
2023-09-15,62.97999954223633,62.97999954223633,62.33000183105469,62.599998474121094,57.50992202758789,1712800,0.0,0.0
2023-09-18,62.81999969482422,63.38999938964844,62.54999923706055,63.16999816894531,58.03357696533203,1084000,0.0,0.0
2023-09-19,63.11000061035156,63.31999969482422,62.81999969482422,63.02000045776367,57.89577102661133,789500,0.0,0.0
2023-09-20,63.349998474121094,64.25,63.2400016784668,64.12999725341797,58.9155158996582,2324800,0.0,0.0
2023-09-21,63.7400016784668,63.97999954223633,63.099998474121094,63.20000076293945,58.06113815307617,1394200,0.0,0.0
2023-09-22,63.189998626708984,63.900001525878906,63.08000183105469,63.52000045776367,58.3551139831543,1019000,0.0,0.0
2023-09-25,63.0,63.59000015258789,62.81999969482422,63.310001373291016,58.16219711303711,1570800,0.0,0.0
2023-09-26,62.75,62.86000061035156,62.25,62.66999816894531,57.5742301940918,1345200,0.0,0.0
2023-09-27,63.0099983215332,63.04999923706055,61.959999084472656,62.310001373291016,57.24350357055664,1254200,0.0,0.0
2023-09-28,62.5,63.279998779296875,62.36000061035156,62.79999923706055,57.69366455078125,1540600,0.0,0.0
2023-09-29,63.130001068115234,63.43000030517578,62.310001373291016,62.47999954223633,57.39967727661133,1242800,0.0,0.0
2023-10-02,62.13999938964844,62.13999938964844,60.59000015258789,61.0099983215332,56.0492057800293,1630100,0.0,0.0
2023-10-03,60.209999084472656,60.81999969482422,59.470001220703125,59.689998626708984,54.83654022216797,1421800,0.0,0.0
2023-10-04,59.869998931884766,61.209999084472656,59.790000915527344,61.18000030517578,56.205387115478516,1390100,0.0,0.0
2023-10-05,60.59000015258789,61.040000915527344,58.459999084472656,58.52000045776367,53.76166915893555,1496500,0.0,0.0
2023-10-06,57.900001525878906,59.119998931884766,56.279998779296875,58.880001068115234,54.092403411865234,3490700,0.0,0.0
2023-10-09,58.36000061035156,58.560001373291016,57.0099983215332,57.599998474121094,52.916473388671875,1762200,0.0,0.0
2023-10-10,58.22999954223633,59.029998779296875,58.040000915527344,58.72999954223633,53.954593658447266,1520800,0.0,0.0
2023-10-11,58.709999084472656,58.81999969482422,57.77000045776367,58.43000030517578,53.678985595703125,1636500,0.0,0.0
2023-10-12,58.27000045776367,58.279998779296875,57.08000183105469,57.75,53.05428695678711,1467000,0.0,0.0
2023-10-13,57.400001525878906,58.040000915527344,57.22999954223633,58.0,53.28395462036133,1155300,0.0,0.0
2023-10-16,57.88999938964844,58.79999923706055,57.779998779296875,58.33000183105469,53.587120056152344,1028900,0.0,0.0
2023-10-17,58.2599983215332,59.11000061035156,58.16999816894531,58.619998931884766,53.85353469848633,1258900,0.0,0.0
2023-10-18,58.59000015258789,58.84000015258789,57.810001373291016,57.81999969482422,53.118587493896484,1291200,0.0,0.0
2023-10-19,57.95000076293945,58.54999923706055,57.290000915527344,57.83000183105469,53.127777099609375,1313600,0.0,0.0
2023-10-20,57.66999816894531,58.04999923706055,56.939998626708984,57.119998931884766,52.475502014160156,1300300,0.0,0.0
2023-10-23,56.79999923706055,58.18000030517578,56.45000076293945,57.58000183105469,52.89810562133789,1485900,0.0,0.0
2023-10-24,58.27000045776367,59.0,58.0099983215332,58.65999984741211,53.890289306640625,1502100,0.0,0.0
2023-10-25,58.90999984741211,59.20000076293945,58.58000183105469,58.779998779296875,54.00053024291992,812600,0.0,0.0
2023-10-26,58.81999969482422,59.34000015258789,58.540000915527344,58.63999938964844,53.87191390991211,963700,0.0,0.0
2023-10-27,58.459999084472656,58.66999816894531,57.720001220703125,57.91999816894531,53.210453033447266,527000,0.0,0.0
2023-10-30,58.400001525878906,58.72999954223633,58.25,58.45000076293945,53.69736862182617,1072100,0.0,0.0
2023-10-31,58.630001068115234,58.88999938964844,57.97999954223633,58.5099983215332,53.75248718261719,1216000,0.0,0.0
2023-11-01,57.619998931884766,59.709999084472656,57.47999954223633,59.439998626708984,54.60686492919922,1894900,0.0,0.0
2023-11-02,59.689998626708984,60.22999954223633,58.95000076293945,60.189998626708984,55.29587936401367,1947800,0.0,0.0
2023-11-03,60.86000061035156,61.41999816894531,60.470001220703125,60.470001220703125,55.55311965942383,1411700,0.0,0.0
2023-11-06,60.27000045776367,60.95000076293945,60.16999816894531,60.66999816894531,55.73685073852539,1140700,0.0,0.0
2023-11-07,60.63999938964844,61.45000076293945,60.5099983215332,61.400001525878906,56.40749740600586,1884200,0.0,0.0
2023-11-08,61.529998779296875,61.529998779296875,60.470001220703125,60.77000045776367,55.82872009277344,1225400,0.0,0.0
2023-11-09,61.25,61.31999969482422,60.439998626708984,60.630001068115234,55.70010757446289,1085000,0.0,0.0
2023-11-10,60.58000183105469,60.880001068115234,59.650001525878906,60.779998779296875,55.83790588378906,758800,0.0,0.0
2023-11-13,60.349998474121094,61.4900016784668,60.349998474121094,61.06999969482422,56.10432815551758,720000,0.0,0.0
2023-11-14,61.5,61.59000015258789,61.0,61.459999084472656,56.462615966796875,790700,0.0,0.0
2023-11-15,61.43000030517578,61.560001373291016,60.779998779296875,61.529998779296875,56.52692413330078,1090200,0.0,0.0
2023-11-16,60.06999969482422,60.439998626708984,59.63999938964844,60.15999984741211,56.395687103271484,919800,1.23,0.0
2023-11-17,60.11000061035156,60.13999938964844,59.650001525878906,60.08000183105469,56.32069396972656,1069900,0.0,0.0
2023-11-20,60.150001525878906,61.20000076293945,59.75,61.0099983215332,57.1925048828125,1057700,0.0,0.0
2023-11-21,61.20000076293945,61.34000015258789,60.77000045776367,60.810001373291016,57.0050163269043,1122300,0.0,0.0
2023-11-22,61.099998474121094,61.38999938964844,60.97999954223633,61.0099983215332,57.1925048828125,927800,0.0,0.0
2023-11-24,61.06999969482422,61.5099983215332,61.029998779296875,61.2400016784668,57.408111572265625,693300,0.0,0.0
2023-11-27,61.06999969482422,61.15999984741211,60.290000915527344,60.439998626708984,56.65816116333008,1369300,0.0,0.0
2023-11-28,60.25,60.560001373291016,59.34000015258789,60.040000915527344,56.28319549560547,2047900,0.0,0.0
2023-11-29,60.470001220703125,60.5099983215332,59.45000076293945,59.70000076293945,55.964473724365234,1259100,0.0,0.0
2023-11-30,59.599998474121094,60.68000030517578,59.310001373291016,60.63999938964844,56.84565353393555,2730700,0.0,0.0
2023-12-01,60.439998626708984,60.59000015258789,59.88999938964844,60.33000183105469,56.555049896240234,974500,0.0,0.0
2023-12-04,61.33000183105469,62.13999938964844,60.900001525878906,62.0,58.12055587768555,1739100,0.0,0.0
2023-12-05,61.7599983215332,62.29999923706055,61.130001068115234,62.279998779296875,58.383033752441406,1575400,0.0,0.0
2023-12-06,62.310001373291016,63.689998626708984,62.0,63.630001068115234,59.648563385009766,2249800,0.0,0.0
2023-12-07,63.43000030517578,64.25,63.34000015258789,64.0199966430664,60.014156341552734,2182100,0.0,0.0
2023-12-08,63.58000183105469,63.88999938964844,63.209999084472656,63.40999984741211,59.442325592041016,1424600,0.0,0.0
2023-12-11,63.709999084472656,63.95000076293945,63.36000061035156,63.38999938964844,59.42357635498047,3223700,0.0,0.0
2023-12-12,63.599998474121094,64.5199966430664,62.93000030517578,64.19999694824219,60.18289566040039,2508000,0.0,0.0
2023-12-13,64.05000305175781,65.43000030517578,63.970001220703125,65.30999755859375,61.22344207763672,2437200,0.0,0.0
2023-12-14,64.76000213623047,65.5,64.6500015258789,64.93000030517578,60.867218017578125,3150500,0.0,0.0
2023-12-15,64.9800033569336,65.25,63.79999923706055,64.69000244140625,60.642242431640625,30108900,0.0,0.0
2023-12-18,64.7300033569336,65.26000213623047,64.0199966430664,65.1500015258789,61.073455810546875,2685200,0.0,0.0
2023-12-19,65.41999816894531,65.87000274658203,64.97000122070312,65.16999816894531,61.09220504760742,2740100,0.0,0.0
2023-12-20,64.9800033569336,65.2699966430664,64.44000244140625,64.47000122070312,60.436004638671875,3372900,0.0,0.0
2023-12-21,65.0,65.47000122070312,64.75,65.2300033569336,61.14845275878906,1875100,0.0,0.0
2023-12-22,65.47000122070312,66.2300033569336,65.4000015258789,65.94000244140625,61.814029693603516,1653000,0.0,0.0
2023-12-26,65.88999938964844,66.27999877929688,65.66000366210938,66.16999816894531,62.029624938964844,1070000,0.0,0.0
2023-12-27,66.20999908447266,66.73999786376953,66.0,66.73999786376953,62.563961029052734,954500,0.0,0.0
2023-12-28,66.58999633789062,66.9800033569336,66.56999969482422,66.81999969482422,62.63896179199219,1197300,0.0,0.0
2023-12-29,66.41999816894531,66.94000244140625,66.13999938964844,66.73999786376953,62.563961029052734,1076800,0.0,0.0
2024-01-02,66.58000183105469,66.73999786376953,66.2300033569336,66.48999786376953,62.32960891723633,1898400,0.0,0.0
2024-01-03,67.0,67.0,65.76000213623047,65.76000213623047,61.64529037475586,1086200,0.0,0.0
2024-01-04,65.7300033569336,66.4000015258789,65.43000030517578,65.44999694824219,61.35468292236328,1219500,0.0,0.0
2024-01-05,65.19999694824219,65.41000366210938,64.25,64.61000061035156,60.56724166870117,1452400,0.0,0.0
2024-01-08,65.0,65.97000122070312,64.7300033569336,65.91999816894531,61.79526901245117,1302500,0.0,0.0
2024-01-09,65.44999694824219,65.66000366210938,64.88999938964844,65.11000061035156,61.03595733642578,1628500,0.0,0.0
2024-01-10,65.11000061035156,65.25,64.87999725341797,64.95999908447266,60.89533996582031,1169000,0.0,0.0
2024-01-11,64.95999908447266,65.66999816894531,64.75,65.55000305175781,61.44842529296875,1295500,0.0,0.0
2024-01-12,66.80999755859375,67.7300033569336,66.58000183105469,67.2300033569336,63.023311614990234,1909100,0.0,0.0
2024-01-16,66.9800033569336,67.33000183105469,66.72000122070312,67.26000213623047,63.051429748535156,1375000,0.0,0.0
2024-01-17,66.83000183105469,66.83000183105469,66.23999786376953,66.56999969482422,62.404605865478516,1113900,0.0,0.0
2024-01-18,66.2300033569336,66.68000030517578,65.73999786376953,66.6500015258789,62.47959518432617,1461600,0.0,0.0
2024-01-19,66.88999938964844,67.80999755859375,66.61000061035156,67.55000305175781,63.32329177856445,1221800,0.0,0.0
2024-01-22,67.4000015258789,67.83999633789062,66.91000366210938,67.11000061035156,62.91081237792969,928700,0.0,0.0
2024-01-23,66.70999908447266,67.73999786376953,66.3499984741211,67.55999755859375,63.33265686035156,1910200,0.0,0.0
2024-01-24,67.69000244140625,67.97000122070312,67.30999755859375,67.55000305175781,63.32329177856445,3595400,0.0,0.0
2024-01-25,67.88999938964844,68.26000213623047,67.29000091552734,68.22000122070312,63.95136260986328,1131000,0.0,0.0
2024-01-26,68.36000061035156,69.05999755859375,68.27999877929688,68.83999633789062,64.53256225585938,1681600,0.0,0.0
2024-01-29,68.77999877929688,68.86000061035156,68.11000061035156,68.75,64.44819641113281,1884200,0.0,0.0
2024-01-30,68.83000183105469,69.20999908447266,68.5999984741211,69.13999938964844,64.81379699707031,1085100,0.0,0.0
2024-01-31,69.61000061035156,69.86000061035156,68.61000061035156,68.9000015258789,64.58881378173828,1565700,0.0,0.0
2024-02-01,69.0,70.01000213623047,68.61000061035156,70.01000213623047,65.62935638427734,1095100,0.0,0.0
2024-02-02,69.41999816894531,70.01000213623047,69.19000244140625,69.54000091552734,65.18875885009766,1983500,0.0,0.0
2024-02-05,69.12999725341797,69.19000244140625,68.33000183105469,68.4800033569336,64.1950912475586,1312600,0.0,0.0
2024-02-06,68.5,68.75,67.55999755859375,67.79000091552734,63.54826354980469,2156300,0.0,0.0
2024-02-07,68.23999786376953,68.23999786376953,66.87999725341797,67.0,62.80769729614258,2298000,0.0,0.0
2024-02-08,67.20999908447266,67.44000244140625,66.61000061035156,66.91000366210938,62.72333526611328,1786400,0.0,0.0
2024-02-09,67.02999877929688,67.16000366210938,65.93000030517578,67.1500015258789,62.94831085205078,1805900,0.0,0.0
2024-02-12,66.70999908447266,67.25,66.55999755859375,67.18000030517578,62.976436614990234,1754700,0.0,0.0
2024-02-13,66.97000122070312,67.18000030517578,65.7699966430664,66.2699966430664,62.123374938964844,1961300,0.0,0.0
2024-02-14,66.36000061035156,66.36000061035156,65.83000183105469,66.16999816894531,62.029624938964844,1541900,0.0,0.0
2024-02-15,66.63999938964844,67.23999786376953,66.30000305175781,67.22000122070312,63.01393127441406,1648900,0.0,0.0
2024-02-16,67.18000030517578,67.76000213623047,66.62000274658203,67.5999984741211,63.37015151977539,1384600,0.0,0.0
2024-02-20,67.87000274658203,68.77999877929688,67.5999984741211,68.33999633789062,64.0638427734375,1530000,0.0,0.0
2024-02-21,68.81999969482422,68.8499984741211,68.08999633789062,68.6500015258789,64.35445404052734,1646000,0.0,0.0
2024-02-22,68.27999877929688,68.87999725341797,67.9800033569336,68.62000274658203,64.32633209228516,1536800,0.0,0.0
2024-02-23,67.23999786376953,68.76000213623047,66.75,68.55999755859375,64.27008056640625,2472900,0.0,0.0
2024-02-26,68.58000183105469,71.70999908447266,68.58000183105469,71.69000244140625,67.20423889160156,2015100,0.0,0.0
2024-02-27,71.31999969482422,71.63999938964844,70.29000091552734,70.76000213623047,66.33242797851562,1684800,0.0,0.0
2024-02-28,70.47000122070312,70.47000122070312,69.18000030517578,69.5999984741211,65.24501037597656,1974800,0.0,0.0
2024-02-29,69.41000366210938,69.91000366210938,68.44999694824219,68.62999725341797,64.335693359375,3203800,0.0,0.0
2024-03-01,68.52999877929688,69.73999786376953,68.23999786376953,69.4000015258789,65.0575180053711,1681100,0.0,0.0
2024-03-04,69.3499984741211,70.33000183105469,69.1500015258789,69.54000091552734,65.18875885009766,1377800,0.0,0.0
2024-03-05,69.58999633789062,70.18000030517578,69.08000183105469,69.48999786376953,65.14188385009766,1575100,0.0,0.0
2024-03-06,70.16999816894531,71.0,69.33999633789062,69.5999984741211,65.24501037597656,1314500,0.0,0.0
2024-03-07,69.51000213623047,70.62000274658203,69.4800033569336,70.55999755859375,66.14493560791016,1153900,0.0,0.0
2024-03-08,70.66999816894531,71.73999786376953,70.41999816894531,70.58999633789062,66.17306518554688,1168900,0.0,0.0
2024-03-11,70.70999908447266,71.63999938964844,70.47000122070312,71.5199966430664,67.04486846923828,982700,0.0,0.0
2024-03-12,71.38999938964844,72.05000305175781,71.23999786376953,71.4800033569336,67.00738525390625,1249800,0.0,0.0
2024-03-13,71.7699966430664,72.66999816894531,71.55000305175781,72.06999969482422,67.56045532226562,1453700,0.0,0.0
2024-03-14,72.0999984741211,72.31999969482422,71.30999755859375,71.97000122070312,67.46672058105469,1841800,0.0,0.0
2024-03-15,71.73999786376953,71.83999633789062,70.73999786376953,70.91999816894531,66.48241424560547,3300000,0.0,0.0
2024-03-18,70.81999969482422,72.12999725341797,70.80000305175781,71.30999755859375,66.84800720214844,1201500,0.0,0.0
2024-03-19,71.44999694824219,71.5199966430664,70.69999694824219,70.94999694824219,66.51054382324219,1303100,0.0,0.0
2024-03-20,70.68000030517578,71.94000244140625,70.68000030517578,71.79000091552734,67.29798126220703,1128000,0.0,0.0
2024-03-21,72.0,72.58000183105469,71.33000183105469,71.37999725341797,66.91362762451172,978700,0.0,0.0
2024-03-22,72.11000061035156,72.11000061035156,70.83999633789062,71.31999969482422,66.85739135742188,1215200,0.0,0.0
2024-03-25,71.31999969482422,71.83000183105469,70.98999786376953,71.54000091552734,67.0636215209961,867900,0.0,0.0
2024-03-26,71.55999755859375,72.12000274658203,71.2699966430664,71.45999908447266,66.9886245727539,1391400,0.0,0.0
2024-03-27,71.93000030517578,72.30999755859375,71.27999877929688,71.5,67.02613067626953,1106700,0.0,0.0
2024-03-28,71.77999877929688,71.87000274658203,69.87000274658203,69.94999694824219,65.57310485839844,1898600,0.0,0.0
2024-04-01,70.37000274658203,70.45999908447266,69.25,69.29000091552734,64.95440673828125,896000,0.0,0.0
2024-04-02,70.08999633789062,70.20999908447266,68.62000274658203,68.97000122070312,64.65443420410156,1656200,0.0,0.0
2024-04-03,69.0,69.66999816894531,68.62000274658203,68.94999694824219,64.63568115234375,1592300,0.0,0.0
2024-04-04,69.08999633789062,69.9800033569336,68.58000183105469,68.75,64.44819641113281,1028200,0.0,0.0
2024-04-05,68.58999633789062,69.73999786376953,68.33999633789062,69.29000091552734,64.95440673828125,1442300,0.0,0.0
2024-04-08,69.29000091552734,69.86000061035156,68.56999969482422,68.83999633789062,64.53256225585938,953300,0.0,0.0
2024-04-09,68.66000366210938,68.66000366210938,67.19000244140625,68.5,64.21383666992188,1024900,0.0,0.0
2024-04-10,67.7300033569336,67.94000244140625,67.16999816894531,67.41999816894531,63.201416015625,1451000,0.0,0.0
2024-04-11,67.62000274658203,68.3499984741211,67.30999755859375,67.88999938964844,63.64200973510742,1292000,0.0,0.0
2024-04-12,67.62999725341797,68.11000061035156,67.38999938964844,67.73999786376953,63.50138854980469,1348000,0.0,0.0
2024-04-15,68.52999877929688,68.58999633789062,66.61000061035156,67.08000183105469,62.882686614990234,1357400,0.0,0.0
2024-04-16,66.94999694824219,67.02999877929688,66.37000274658203,66.44999694824219,62.292110443115234,1253800,0.0,0.0
2024-04-17,66.91999816894531,66.95999908447266,65.94000244140625,66.3499984741211,62.198368072509766,1459800,0.0,0.0
2024-04-18,66.69999694824219,67.12999725341797,66.20999908447266,66.5999984741211,62.43273162841797,1080700,0.0,0.0
2024-04-19,67.06999969482422,67.63999938964844,66.56999969482422,67.58000183105469,63.35140609741211,1472200,0.0,0.0
2024-04-22,67.80000305175781,69.18000030517578,67.80000305175781,69.0999984741211,64.77629089355469,1766600,0.0,0.0
2024-04-23,69.04000091552734,69.3499984741211,68.76000213623047,69.12999725341797,64.8044204711914,1188300,0.0,0.0
2024-04-24,68.44999694824219,69.87000274658203,68.44999694824219,69.66000366210938,65.30126190185547,1114500,0.0,0.0
2024-04-25,70.87000274658203,71.98999786376953,70.27999877929688,70.94000244140625,66.50115966796875,2427000,0.0,0.0
2024-04-26,70.6500015258789,72.05000305175781,70.51000213623047,71.5,67.02613067626953,1057000,0.0,0.0
2024-04-29,71.8499984741211,72.19000244140625,71.55999755859375,72.0199966430664,67.51358032226562,879500,0.0,0.0
2024-04-30,71.81999969482422,72.23999786376953,71.5,72.0199966430664,67.51358032226562,1514300,0.0,0.0
2024-05-01,71.70999908447266,72.3499984741211,70.94999694824219,71.58999633789062,67.11048889160156,1131100,0.0,0.0
2024-05-02,71.75,72.01000213623047,71.31999969482422,71.52999877929688,67.05424499511719,1215700,0.0,0.0
2024-05-03,71.44999694824219,71.97000122070312,71.08000183105469,71.80999755859375,67.31672668457031,1134500,0.0,0.0
2024-05-06,71.66999816894531,71.93000030517578,71.20999908447266,71.36000061035156,66.8948745727539,920700,0.0,0.0
2024-05-07,71.7300033569336,73.47000122070312,71.54000091552734,73.30000305175781,68.7135009765625,2010700,0.0,0.0
2024-05-08,73.3499984741211,73.63999938964844,72.83999633789062,73.5199966430664,68.91973114013672,1674800,0.0,0.0
2024-05-09,73.02999877929688,73.66999816894531,72.8499984741211,73.63999938964844,69.78205871582031,1021900,0.79,0.0
2024-05-10,73.81999969482422,74.11000061035156,73.54000091552734,73.83000183105469,69.96210479736328,1162800,0.0,0.0
2024-05-13,73.87999725341797,74.81999969482422,73.77999877929688,74.45999908447266,70.55909729003906,1052400,0.0,0.0
2024-05-14,74.58000183105469,74.97000122070312,74.19999694824219,74.80999755859375,70.8907699584961,953400,0.0,0.0
2024-05-15,74.79000091552734,75.44000244140625,74.55999755859375,75.12999725341797,71.1939926147461,920600,0.0,0.0
2024-05-16,75.25,75.41999816894531,74.70999908447266,74.91999816894531,70.99500274658203,766900,0.0,0.0
2024-05-17,74.58999633789062,74.63999938964844,74.12000274658203,74.51000213623047,70.60648345947266,787400,0.0,0.0
2024-05-20,74.4000015258789,74.5999984741211,73.88999938964844,73.94999694824219,70.0758056640625,716500,0.0,0.0
2024-05-21,74.37000274658203,74.37000274658203,73.47000122070312,74.01000213623047,70.13268280029297,805500,0.0,0.0
2024-05-22,73.62000274658203,74.05999755859375,73.19999694824219,73.25,69.41249084472656,1030800,0.0,0.0
2024-05-23,73.33999633789062,73.77999877929688,72.9000015258789,72.94000244140625,69.11873626708984,1130100,0.0,0.0
2024-05-24,73.1500015258789,73.70999908447266,73.0199966430664,73.08000183105469,69.25140380859375,1201300,0.0,0.0
2024-05-28,72.55999755859375,72.79000091552734,72.04000091552734,72.30999755859375,68.521728515625,1078300,0.0,0.0
2024-05-29,71.31999969482422,71.63999938964844,70.81999969482422,71.41999816894531,67.67835998535156,1651500,0.0,0.0
2024-05-30,71.47000122070312,72.19999694824219,71.16000366210938,72.1500015258789,68.3701171875,800700,0.0,0.0
2024-05-31,72.1500015258789,73.91000366210938,71.94000244140625,73.70999908447266,69.84839630126953,2625800,0.0,0.0
2024-06-03,73.66000366210938,74.51000213623047,73.13999938964844,73.73999786376953,69.87681579589844,1070300,0.0,0.0
2024-06-04,73.2699966430664,74.06999969482422,73.01000213623047,73.87000274658203,70.00001525878906,695800,0.0,0.0
2024-06-05,74.0,74.16999816894531,73.18000030517578,73.83000183105469,69.96210479736328,1012100,0.0,0.0
2024-06-06,73.7300033569336,75.2699966430664,73.5,74.69999694824219,70.78652954101562,1713900,0.0,0.0
2024-06-07,74.56999969482422,74.94000244140625,74.38999938964844,74.43000030517578,70.53067016601562,938400,0.0,0.0
2024-06-10,74.06999969482422,74.63999938964844,73.55999755859375,74.30999755859375,70.41695404052734,1267600,0.0,0.0
2024-06-11,73.66999816894531,73.83000183105469,72.95999908447266,73.58999633789062,69.73467254638672,1408900,0.0,0.0
2024-06-12,74.22000122070312,74.9800033569336,74.04000091552734,74.68000030517578,70.76757049560547,1138200,0.0,0.0
2024-06-13,74.0199966430664,74.52999877929688,72.9000015258789,74.41999816894531,70.52118682861328,1732100,0.0,0.0
2024-06-14,73.5999984741211,74.30000305175781,73.0999984741211,74.05000305175781,70.17057800292969,1907600,0.0,0.0
2024-06-17,73.69999694824219,74.58999633789062,73.33000183105469,74.47000122070312,70.56857299804688,1140800,0.0,0.0
2024-06-18,74.44000244140625,74.48999786376953,72.47000122070312,73.18000030517578,69.34615325927734,1386600,0.0,0.0
2024-06-20,72.94999694824219,74.05000305175781,72.91000366210938,73.37000274658203,69.52619934082031,1129300,0.0,0.0
2024-06-21,74.0,75.0199966430664,73.98999786376953,74.86000061035156,70.9381332397461,2817600,0.0,0.0
2024-06-24,74.94999694824219,76.08000183105469,74.94999694824219,75.97000122070312,71.989990234375,978500,0.0,0.0
2024-06-25,75.97000122070312,76.44000244140625,75.0,75.31999969482422,71.3740463256836,1164100,0.0,0.0
2024-06-26,74.5199966430664,75.48999786376953,74.33000183105469,74.54000091552734,70.6349105834961,1497700,0.0,0.0
2024-06-27,74.70999908447266,74.94000244140625,73.41999816894531,73.73999786376953,69.87681579589844,1135700,0.0,0.0
2024-06-28,73.68000030517578,73.69999694824219,72.33999633789062,72.87000274658203,69.05239868164062,1699100,0.0,0.0
2024-07-01,73.0999984741211,73.87999725341797,72.7300033569336,73.02999877929688,69.20401000976562,869500,0.0,0.0
2024-07-02,72.94000244140625,73.25,72.37000274658203,72.73999786376953,68.92920684814453,1879000,0.0,0.0
2024-07-03,72.83999633789062,73.7300033569336,72.5199966430664,73.58999633789062,69.73467254638672,806000,0.0,0.0
2024-07-05,73.37999725341797,73.83999633789062,72.5999984741211,73.83000183105469,69.96210479736328,996700,0.0,0.0
2024-07-08,73.56999969482422,74.26000213623047,73.27999877929688,73.43000030517578,69.58306884765625,1119100,0.0,0.0
2024-07-09,73.27999877929688,73.43000030517578,72.16000366210938,72.22000122070312,68.43645477294922,1107300,0.0,0.0
2024-07-10,72.56999969482422,72.97000122070312,72.3499984741211,72.77999877929688,68.96710968017578,997600,0.0,0.0
2024-07-11,72.36000061035156,74.18000030517578,72.25,73.87000274658203,70.00001525878906,1381900,0.0,0.0
2024-07-12,73.86000061035156,74.94000244140625,73.79000091552734,74.0999984741211,70.21796417236328,998500,0.0,0.0
2024-07-15,74.11000061035156,74.37000274658203,72.88999938964844,72.98999786376953,69.1661148071289,759900,0.0,0.0
2024-07-16,72.83999633789062,74.1500015258789,72.68000030517578,73.87000274658203,70.00001525878906,703500,0.0,0.0
2024-07-17,74.27999877929688,75.16999816894531,73.80000305175781,73.83000183105469,69.96210479736328,1744600,0.0,0.0
2024-07-18,74.08999633789062,74.4000015258789,73.66000366210938,73.69000244140625,69.82943725585938,1055400,0.0,0.0
2024-07-19,73.20999908447266,73.9000015258789,73.05000305175781,73.66000366210938,69.80101013183594,887900,0.0,0.0
2024-07-22,73.83999633789062,74.22000122070312,73.37999725341797,73.73999786376953,69.87681579589844,1008500,0.0,0.0
2024-07-23,73.36000061035156,73.5,72.48999786376953,72.80999755859375,68.99553680419922,1145000,0.0,0.0
2024-07-24,72.91000366210938,73.20999908447266,71.87999725341797,73.0,69.17559051513672,1563600,0.0,0.0
2024-07-25,73.44999694824219,74.30000305175781,72.4800033569336,72.63999938964844,68.83444213867188,1322400,0.0,0.0
2024-07-26,73.08000183105469,74.36000061035156,73.08000183105469,74.29000091552734,70.39801025390625,994700,0.0,0.0
2024-07-29,73.9000015258789,74.13999938964844,73.33000183105469,73.80000305175781,69.93367767333984,832300,0.0,0.0
2024-07-30,73.98999786376953,73.98999786376953,72.86000061035156,73.2300033569336,69.39353942871094,1232600,0.0,0.0
2024-07-31,73.55999755859375,74.4800033569336,73.19999694824219,73.7699966430664,69.90523529052734,2241600,0.0,0.0
2024-08-01,73.7699966430664,74.58999633789062,73.62999725341797,74.19000244140625,70.30323791503906,2111200,0.0,0.0
2024-08-02,75.08000183105469,75.2699966430664,73.63999938964844,75.05999755859375,71.1276626586914,2404300,0.0,0.0
2024-08-05,73.9800033569336,74.56999969482422,72.6500015258789,73.19000244140625,69.35563659667969,1866400,0.0,0.0
2024-08-06,73.19000244140625,74.44999694824219,72.58999633789062,73.4800033569336,69.63043975830078,1887700,0.0,0.0
2024-08-07,71.97000122070312,74.33000183105469,71.48999786376953,73.26000213623047,69.42195892333984,3153700,0.0,0.0
2024-08-08,72.70999908447266,73.91000366210938,72.37999725341797,73.30000305175781,69.45987701416016,1699800,0.0,0.0
2024-08-09,73.12000274658203,73.72000122070312,72.51000213623047,73.66000366210938,69.80101013183594,1231100,0.0,0.0
2024-08-12,73.08999633789062,73.51000213623047,72.97000122070312,73.19999694824219,69.36510467529297,994100,0.0,0.0
2024-08-13,73.5,75.33000183105469,73.4800033569336,75.08000183105469,71.1466064453125,1896900,0.0,0.0
2024-08-14,74.88999938964844,75.80000305175781,74.75,75.6500015258789,71.68675231933594,1350200,0.0,0.0
2024-08-15,76.0,77.01000213623047,75.75,76.77999877929688,72.75755310058594,1420900,0.0,0.0
2024-08-16,76.80000305175781,76.98999786376953,76.0999984741211,76.41999816894531,72.41641235351562,1220200,0.0,0.0
2024-08-19,76.87000274658203,77.44999694824219,76.72000122070312,77.1500015258789,73.1081771850586,1634000,0.0,0.0
2024-08-20,77.04000091552734,77.36000061035156,76.91000366210938,77.2699966430664,73.22188568115234,985400,0.0,0.0
2024-08-21,77.5,78.41999816894531,77.48999786376953,77.9800033569336,73.89469146728516,822300,0.0,0.0
2024-08-22,78.25,78.70999908447266,78.02999877929688,78.30999755859375,74.20740509033203,1389100,0.0,0.0
2024-08-23,78.62999725341797,78.83999633789062,78.19000244140625,78.7300033569336,74.60540008544922,794200,0.0,0.0
2024-08-26,78.76000213623047,79.20999908447266,78.72000122070312,79.0199966430664,74.88020324707031,1173400,0.0,0.0
2024-08-27,79.20999908447266,80.16000366210938,79.11000061035156,79.98999786376953,75.79938507080078,1329500,0.0,0.0
2024-08-28,80.26000213623047,80.66999816894531,79.91999816894531,80.12999725341797,75.93205261230469,1183800,0.0,0.0
2024-08-29,80.22000122070312,80.3499984741211,79.56999969482422,80.0,75.80885314941406,1115800,0.0,0.0
2024-08-30,80.19000244140625,80.81999969482422,80.04000091552734,80.48999786376953,76.27318572998047,1746500,0.0,0.0
2024-09-03,79.80000305175781,81.25,79.5,80.5,76.28266143798828,1592100,0.0,0.0
2024-09-04,80.13999938964844,81.41000366210938,79.76000213623047,81.30000305175781,77.04075622558594,1582000,0.0,0.0
2024-09-05,81.6500015258789,81.83000183105469,80.97000122070312,81.43000030517578,77.16394805908203,1588800,0.0,0.0
2024-09-06,81.38999938964844,81.69999694824219,80.68000030517578,80.75,76.51957702636719,1326200,0.0,0.0
2024-09-09,81.27999877929688,82.13999938964844,81.05000305175781,81.54000091552734,77.2681884765625,1979400,0.0,0.0
2024-09-10,80.83999633789062,81.08000183105469,79.33000183105469,79.66000366210938,75.48668670654297,2004000,0.0,0.0
2024-09-11,79.36000061035156,79.5999984741211,78.55999755859375,79.5199966430664,75.35401153564453,2786700,0.0,0.0
2024-09-12,79.5,80.69999694824219,79.4800033569336,80.62999725341797,76.40585327148438,1818400,0.0,0.0
2024-09-13,80.81999969482422,81.6500015258789,80.41000366210938,81.54000091552734,77.2681884765625,1111300,0.0,0.0
2024-09-16,81.54000091552734,82.31999969482422,81.3499984741211,81.87999725341797,77.59036254882812,1383100,0.0,0.0
2024-09-17,81.58000183105469,81.72000122070312,80.88999938964844,81.02999877929688,76.7848892211914,1092000,0.0,0.0
2024-09-18,81.02999877929688,81.22000122070312,80.5,80.79000091552734,76.55747985839844,1000600,0.0,0.0
2024-09-19,81.27999877929688,81.27999877929688,80.69999694824219,81.2300033569336,76.97442626953125,1036700,0.0,0.0
2024-09-20,81.16999816894531,81.27999877929688,80.4000015258789,81.08999633789062,76.84175109863281,1788800,0.0,0.0
2024-09-23,81.12999725341797,81.16000366210938,80.43000030517578,80.56999969482422,76.3489990234375,1281400,0.0,0.0
2024-09-24,80.5,80.5,79.47000122070312,79.55999755859375,75.39190673828125,919700,0.0,0.0
2024-09-25,79.87000274658203,79.87000274658203,78.80999755859375,78.91000366210938,74.77597045898438,1303900,0.0,0.0
2024-09-26,79.41000366210938,79.54000091552734,78.83000183105469,79.05000305175781,74.90863037109375,1668700,0.0,0.0
2024-09-27,79.5,79.87999725341797,79.13999938964844,79.18000030517578,75.03181457519531,1047600,0.0,0.0
2024-09-30,79.38999938964844,79.62000274658203,78.30000305175781,78.75,74.62435150146484,1649000,0.0,0.0
2024-10-01,78.38999938964844,78.47000122070312,77.01000213623047,77.43000030517578,73.37350463867188,2151800,0.0,0.0
2024-10-02,77.2699966430664,77.9000015258789,76.77999877929688,77.83999633789062,73.76201629638672,1202700,0.0,0.0
2024-10-03,77.37999725341797,77.37999725341797,76.16000366210938,76.7699966430664,72.74807739257812,1285500,0.0,0.0
2024-10-04,76.2300033569336,78.05000305175781,76.12000274658203,78.01000213623047,73.9231185913086,1919800,0.0,0.0
2024-10-07,77.01000213623047,77.30000305175781,76.5,76.80999755859375,72.78597259521484,1374800,0.0,0.0
2024-10-08,76.83000183105469,77.26000213623047,76.5,77.12000274658203,73.07974243164062,1603400,0.0,0.0
2024-10-09,77.4000015258789,78.41000366210938,77.4000015258789,78.0199966430664,73.93258666992188,1042000,0.0,0.0
2024-10-10,77.93000030517578,78.19000244140625,77.23999786376953,77.66000366210938,73.5914535522461,956700,0.0,0.0
2024-10-11,77.68000030517578,78.01000213623047,77.5199966430664,77.95999908447266,73.875732421875,609300,0.0,0.0
2024-10-14,77.8499984741211,78.5,77.58000183105469,78.36000061035156,74.25477600097656,1058300,0.0,0.0
2024-10-15,78.5,78.5999984741211,76.9800033569336,77.18000030517578,73.13660430908203,1331900,0.0,0.0
2024-10-16,77.1500015258789,77.36000061035156,76.77999877929688,76.94000244140625,72.90917205810547,808300,0.0,0.0
2024-10-17,76.77999877929688,76.87000274658203,76.22000122070312,76.72000122070312,72.70069885253906,1401500,0.0,0.0
2024-10-18,78.44999694824219,79.29000091552734,78.08999633789062,78.72000122070312,74.5959243774414,1373100,0.0,0.0
2024-10-21,78.22000122070312,78.73999786376953,77.04000091552734,77.1500015258789,73.1081771850586,1442100,0.0,0.0
2024-10-22,76.68000030517578,77.4800033569336,76.51000213623047,77.25,73.20293426513672,970500,0.0,0.0
2024-10-23,76.83999633789062,78.01000213623047,76.83000183105469,77.4800033569336,73.42089080810547,1313900,0.0,0.0
2024-10-24,77.87999725341797,78.54000091552734,77.66000366210938,77.9000015258789,73.81887817382812,1089000,0.0,0.0
2024-10-25,78.41000366210938,79.19999694824219,77.80999755859375,77.9800033569336,73.89469146728516,1022900,0.0,0.0
2024-10-28,78.62999725341797,78.62999725341797,77.45999908447266,77.48999786376953,73.43035888671875,759300,0.0,0.0
2024-10-29,77.05999755859375,77.72000122070312,76.13999938964844,76.26000213623047,72.26480102539062,1201000,0.0,0.0
2024-10-30,75.79000091552734,76.58999633789062,75.13999938964844,76.4000015258789,72.39746856689453,985500,0.0,0.0
2024-10-31,76.11000061035156,76.31999969482422,75.54000091552734,76.0,72.01841735839844,1313900,0.0,0.0
2024-11-01,76.11000061035156,76.58000183105469,75.54000091552734,75.5999984741211,71.63937377929688,989500,0.0,0.0
2024-11-04,76.16999816894531,76.30999755859375,75.55000305175781,75.86000061035156,71.88574981689453,1136200,0.0,0.0
2024-11-05,75.9000015258789,78.02999877929688,75.69999694824219,77.8499984741211,73.77149963378906,1162000,0.0,0.0
2024-11-06,76.61000061035156,77.26000213623047,75.0999984741211,76.4800033569336,72.47327423095703,1791900,0.0,0.0
2024-11-07,77.02999877929688,77.83000183105469,76.83000183105469,77.26000213623047,73.21240997314453,1282800,0.0,0.0
2024-11-08,76.88999938964844,78.19000244140625,76.88999938964844,77.88999938964844,73.80940246582031,1925300,0.0,0.0
2024-11-11,77.52999877929688,78.4000015258789,76.98999786376953,77.05999755859375,73.02288055419922,1025000,0.0,0.0
2024-11-12,77.11000061035156,77.29000091552734,76.62999725341797,76.9000015258789,72.87126922607422,1027400,0.0,0.0
2024-11-13,76.73999786376953,78.01000213623047,76.54000091552734,77.94999694824219,73.86625671386719,1427500,0.0,0.0
2024-11-14,78.79000091552734,79.48999786376953,78.45999908447266,78.7699966430664,74.64329528808594,1908700,0.0,0.0
2024-11-15,77.72000122070312,77.72000122070312,75.48999786376953,75.76000213623047,73.03340148925781,1935900,1.34,0.0
2024-11-18,75.80000305175781,76.7699966430664,75.80000305175781,76.02999877929688,73.29368591308594,1148200,0.0,0.0
2024-11-19,75.6500015258789,76.16999816894531,74.9000015258789,76.08999633789062,73.35152435302734,1088200,0.0,0.0
2024-11-20,75.62999725341797,76.27999877929688,75.1500015258789,75.98999786376953,73.25511932373047,834500,0.0,0.0
2024-11-21,76.54000091552734,78.20999908447266,76.47000122070312,78.11000061035156,75.298828125,1275500,0.0,0.0
2024-11-22,77.76000213623047,78.27999877929688,77.41999816894531,78.20999908447266,75.39522552490234,1005300,0.0,0.0
2024-11-25,78.79000091552734,79.4000015258789,78.05000305175781,78.13999938964844,75.3277359008789,1845900,0.0,0.0
2024-11-26,78.06999969482422,78.08999633789062,77.2699966430664,77.94000244140625,75.13494110107422,1356900,0.0,0.0
2024-11-27,77.41000366210938,77.94000244140625,77.31999969482422,77.62999725341797,74.83609771728516,1102700,0.0,0.0
2024-11-29,77.55000305175781,77.83999633789062,77.13999938964844,77.58000183105469,74.78790283203125,1357500,0.0,0.0
2024-12-02,77.9000015258789,78.19999694824219,76.3499984741211,76.4000015258789,73.6503677368164,2273200,0.0,0.0
2024-12-03,76.72000122070312,78.73999786376953,75.63999938964844,78.05000305175781,75.24098205566406,3141200,0.0,0.0
2024-12-04,77.83000183105469,78.30999755859375,77.20999908447266,77.36000061035156,74.57582092285156,1452200,0.0,0.0
2024-12-05,77.73999786376953,78.58000183105469,77.5,78.38999938964844,75.5687484741211,1445400,0.0,0.0
2024-12-06,78.36000061035156,78.69999694824219,77.61000061035156,77.68000030517578,74.8843002319336,1332300,0.0,0.0
2024-12-09,79.72000122070312,79.91000366210938,78.52999877929688,78.72000122070312,75.88687133789062,1994900,0.0,0.0
2024-12-10,78.44000244140625,79.51000213623047,77.83999633789062,79.23999786376953,76.38815307617188,2453900,0.0,0.0
2024-12-11,79.41999816894531,79.80000305175781,78.83999633789062,78.87000274658203,76.0314712524414,1083800,0.0,0.0
2024-12-12,79.29000091552734,79.38999938964844,78.36000061035156,79.11000061035156,76.2628402709961,1217000,0.0,0.0
2024-12-13,78.91999816894531,79.31999969482422,78.31999969482422,78.86000061035156,76.02183532714844,989000,0.0,0.0
2024-12-16,78.61000061035156,79.70999908447266,77.18000030517578,77.43000030517578,74.64329528808594,1742700,0.0,0.0
2024-12-17,77.44999694824219,78.2300033569336,77.23999786376953,77.55000305175781,74.75897979736328,1674100,0.0,0.0
2024-12-18,77.31999969482422,77.93000030517578,75.44000244140625,75.48999786376953,72.77311706542969,1700800,0.0,0.0
2024-12-19,75.48999786376953,75.81999969482422,74.61000061035156,74.70999908447266,72.02118682861328,1573000,0.0,0.0
2024-12-20,74.2300033569336,76.0,74.2300033569336,75.16999816894531,72.46463012695312,2985600,0.0,0.0
2024-12-23,75.30000305175781,75.94000244140625,74.81999969482422,75.77999877929688,73.05268096923828,1097400,0.0,0.0
2024-12-24,75.8499984741211,76.37999725341797,75.26000213623047,76.37000274658203,73.62144470214844,920500,0.0,0.0
2024-12-26,75.69000244140625,76.62000274658203,75.62999725341797,76.44999694824219,73.69857025146484,557300,0.0,0.0
2024-12-27,76.12999725341797,76.68000030517578,76.12999725341797,76.4800033569336,73.72748565673828,989000,0.0,0.0
2024-12-30,76.3499984741211,76.73999786376953,75.58000183105469,76.2300033569336,73.48648071289062,1172600,0.0,0.0
2024-12-31,76.8499984741211,76.9800033569336,76.2300033569336,76.80999755859375,74.04560852050781,1455200,0.0,0.0
2025-01-02,76.95999908447266,77.54000091552734,76.30000305175781,76.55000305175781,73.79497528076172,1326000,0.0,0.0
2025-01-03,76.94000244140625,77.23999786376953,76.0999984741211,76.1500015258789,73.40936279296875,787700,0.0,0.0
2025-01-06,76.88999938964844,77.08000183105469,75.61000061035156,75.69000244140625,72.96592712402344,850300,0.0,0.0
2025-01-07,76.23999786376953,76.68000030517578,75.70999908447266,75.83999633789062,73.11051940917969,1351500,0.0,0.0
2025-01-08,75.5199966430664,75.97000122070312,75.12999725341797,75.91000366210938,73.17800903320312,1747200,0.0,0.0
2025-01-10,75.44000244140625,76.25,73.58999633789062,73.70999908447266,71.05718231201172,1953500,0.0,0.0
2025-01-13,73.51000213623047,74.43000030517578,73.4000015258789,73.75,71.09573364257812,1689600,0.0,0.0
2025-01-14,74.02999877929688,75.3499984741211,73.77999877929688,75.29000091552734,72.58031463623047,1653300,0.0,0.0
2025-01-15,76.23999786376953,76.41999816894531,75.36000061035156,75.69000244140625,72.96592712402344,2592700,0.0,0.0
2025-01-16,76.2699966430664,76.47000122070312,74.83999633789062,75.95999908447266,73.22620391845703,1747300,0.0,0.0
2025-01-17,77.69000244140625,78.19000244140625,76.69999694824219,77.06999969482422,74.29625701904297,2017300,0.0,0.0
2025-01-21,77.7699966430664,78.58999633789062,77.2699966430664,77.63999938964844,74.84574127197266,1751300,0.0,0.0
2025-01-22,77.80000305175781,78.11000061035156,77.0,77.05999755859375,74.28660583496094,1220700,0.0,0.0
2025-01-23,77.08999633789062,77.19999694824219,76.23999786376953,76.30999755859375,73.56360626220703,1717900,0.0,0.0
2025-01-24,76.2699966430664,76.94999694824219,76.04000091552734,76.77999877929688,74.01669311523438,1381900,0.0,0.0
2025-01-27,76.79000091552734,78.58000183105469,76.5999984741211,78.2300033569336,75.41451263427734,2277200,0.0,0.0
2025-01-28,77.62999725341797,78.37999725341797,77.20999908447266,77.55999755859375,74.76861572265625,1707800,0.0,0.0
2025-01-29,77.47000122070312,78.56999969482422,77.47000122070312,78.18000030517578,75.3663101196289,968800,0.0,0.0
2025-01-30,79.04000091552734,79.5,78.80999755859375,79.31999969482422,76.46527099609375,1064300,0.0,0.0
2025-01-31,78.87999725341797,79.29000091552734,78.30999755859375,78.55000305175781,75.72299194335938,1470400,0.0,0.0
2025-02-03,77.83999633789062,78.41000366210938,76.97000122070312,78.16000366210938,75.3470230102539,1340300,0.0,0.0
2025-02-04,77.79000091552734,78.54000091552734,77.4000015258789,77.87000274658203,75.06747436523438,1451200,0.0,0.0
2025-02-05,78.05999755859375,79.16000366210938,78.0,79.12000274658203,76.27247619628906,1605400,0.0,0.0
2025-02-06,80.5199966430664,80.5199966430664,79.38999938964844,80.11000061035156,77.22685241699219,1468400,0.0,0.0
2025-02-07,80.41000366210938,80.55000305175781,79.6500015258789,80.02999877929688,77.14971923828125,1330000,0.0,0.0
2025-02-10,80.4800033569336,80.62999725341797,80.04000091552734,80.41999816894531,77.52568817138672,1471000,0.0,0.0
2025-02-11,80.56999969482422,81.5999984741211,80.1500015258789,81.52999877929688,78.59574127197266,1437800,0.0,0.0
2025-02-12,81.23999786376953,81.5199966430664,80.69999694824219,81.38999938964844,78.46077728271484,1642400,0.0,0.0
2025-02-13,82.73999786376953,82.94999694824219,81.79000091552734,82.70999908447266,79.73326873779297,2419600,0.0,0.0
2025-02-14,82.73999786376953,85.61000061035156,82.73999786376953,84.9000015258789,81.8444595336914,2466600,0.0,0.0
2025-02-18,84.9000015258789,86.9800033569336,84.61000061035156,86.73999786376953,83.61823272705078,3025900,0.0,0.0
2025-02-19,86.37999725341797,87.02999877929688,86.11000061035156,86.8499984741211,83.72428131103516,1515900,0.0,0.0
2025-02-20,86.26000213623047,86.83000183105469,86.19999694824219,86.55000305175781,83.43507385253906,1761400,0.0,0.0
2025-02-21,87.01000213623047,87.58999633789062,86.56999969482422,87.29000091552734,84.1484375,1774400,0.0,0.0
2025-02-24,87.41000366210938,88.38999938964844,87.05999755859375,87.19999694824219,84.06167602539062,2376400,0.0,0.0
2025-02-25,87.01000213623047,88.1500015258789,86.73999786376953,87.55000305175781,84.39908599853516,2344500,0.0,0.0
2025-02-26,87.43000030517578,87.73999786376953,85.73999786376953,86.08000183105469,82.98198699951172,2022800,0.0,0.0
2025-02-27,85.51000213623047,86.4800033569336,85.22000122070312,86.12000274658203,83.02055358886719,2221000,0.0,0.0
2025-02-28,86.81999969482422,87.20999908447266,85.66000366210938,86.26000213623047,83.15550994873047,2235900,0.0,0.0
2025-03-03,86.36000061035156,87.7300033569336,86.20999908447266,86.91999816894531,83.791748046875,1935100,0.0,0.0
2025-03-04,88.0,88.16000366210938,85.75,85.81999969482422,82.73133850097656,2426400,0.0,0.0
2025-03-05,83.5,84.7300033569336,82.69999694824219,84.69000244140625,81.64201354980469,4594500,0.0,0.0
2025-03-06,84.2699966430664,85.08999633789062,83.86000061035156,84.44999694824219,81.41064453125,2967500,0.0,0.0
2025-03-07,84.2699966430664,84.58000183105469,81.72000122070312,82.4000015258789,79.4344253540039,4142400,0.0,0.0
2025-03-10,82.20999908447266,83.44999694824219,80.72000122070312,80.94999694824219,78.03661346435547,4144800,0.0,0.0
2025-03-11,80.94999694824219,83.83000183105469,80.69999694824219,83.37000274658203,80.36952209472656,3670400,0.0,0.0
2025-03-12,83.5999984741211,84.0199966430664,82.29000091552734,82.91999816894531,79.93571472167969,2753700,0.0,0.0
2025-03-13,82.5199966430664,82.9800033569336,81.93000030517578,82.27999877929688,79.3187484741211,2184000,0.0,0.0
2025-03-14,82.27999877929688,83.55000305175781,82.02999877929688,83.4000015258789,80.3984375,1774700,0.0,0.0
2025-03-17,84.06999969482422,85.12999725341797,83.81999969482422,84.73999786376953,81.6902084350586,2892000,0.0,0.0
2025-03-18,84.5,85.95999908447266,84.45999908447266,85.58999633789062,82.50961303710938,4035000,0.0,0.0
2025-03-19,85.55999755859375,85.86000061035156,84.7699966430664,85.68000030517578,82.59637451171875,3790900,0.0,0.0
2025-03-20,86.06999969482422,86.48999786376953,85.47000122070312,85.55999755859375,82.48069763183594,3398100,0.0,0.0
2025-03-21,85.4000015258789,87.06999969482422,84.45999908447266,84.91999816894531,81.86373138427734,13187700,0.0,0.0
2025-03-24,85.18000030517578,85.80999755859375,83.4000015258789,83.79000091552734,80.77439880371094,3331200,0.0,0.0
2025-03-25,84.33999633789062,84.6500015258789,83.62000274658203,84.13999938964844,81.11180114746094,5198700,0.0,0.0
2025-03-26,83.94999694824219,85.5999984741211,83.20999908447266,85.37000274658203,82.29753875732422,3098000,0.0,0.0
2025-03-27,84.94999694824219,86.4000015258789,84.94999694824219,86.26000213623047,83.15550994873047,2355500,0.0,0.0
2025-03-28,86.91999816894531,87.44000244140625,85.7300033569336,86.30000305175781,83.1940689086914,3278100,0.0,0.0
2025-03-31,86.5,87.4000015258789,86.41000366210938,87.02999877929688,83.89778900146484,3024300,0.0,0.0
2025-04-01,86.86000061035156,87.27999877929688,85.9800033569336,87.18000030517578,84.04239654541016,2016200,0.0,0.0
2025-04-02,86.87000274658203,87.4800033569336,86.5,87.41000366210938,84.26412200927734,2020500,0.0,0.0
2025-04-03,89.30000305175781,91.29000091552734,89.06999969482422,89.81999969482422,86.5873794555664,3817600,0.0,0.0
2025-04-04,89.37000274658203,89.6500015258789,83.9000015258789,83.93000030517578,80.90936279296875,3856700,0.0,0.0
2025-04-07,82.37999725341797,85.7699966430664,82.25,82.98999786376953,80.00318908691406,4105600,0.0,0.0
2025-04-08,84.63999938964844,85.18000030517578,81.41000366210938,81.83999633789062,78.89458465576172,3052100,0.0,0.0
2025-04-09,83.47000122070312,85.87999725341797,81.0,85.08999633789062,82.0276107788086,6596800,0.0,0.0
2025-04-10,86.45999908447266,86.58999633789062,83.94999694824219,84.98999786376953,81.93120574951172,3288500,0.0,0.0
2025-04-11,86.55999755859375,87.1500015258789,85.5999984741211,86.5999984741211,83.48326873779297,2756300,0.0,0.0
2025-04-14,86.91000366210938,88.16000366210938,86.9000015258789,87.95999908447266,84.79432678222656,1650400,0.0,0.0
2025-04-15,88.23999786376953,89.16999816894531,88.06999969482422,88.31999969482422,85.14136505126953,1788400,0.0,0.0
2025-04-16,90.06999969482422,90.66999816894531,87.38999938964844,87.9000015258789,84.73648834228516,2944000,0.0,0.0
2025-04-17,88.08999633789062,89.76000213623047,88.04000091552734,89.30999755859375,86.09574127197266,1472100,0.0,0.0
2025-04-21,89.0199966430664,89.37000274658203,87.55999755859375,88.47000122070312,85.28597259521484,1757000,0.0,0.0
2025-04-22,89.69000244140625,91.04000091552734,89.62999725341797,90.70999908447266,87.44535827636719,1769200,0.0,0.0
2025-04-23,90.47000122070312,90.47000122070312,87.94999694824219,88.83999633789062,85.64265441894531,3464800,0.0,0.0
2025-04-24,89.4800033569336,89.55000305175781,88.05000305175781,88.1500015258789,84.97749328613281,1871300,0.0,0.0
2025-04-25,88.04000091552734,88.45999908447266,87.05999755859375,87.87999725341797,84.71720123291016,1546400,0.0,0.0
2025-04-28,87.91000366210938,88.25,87.31999969482422,88.0199966430664,84.85216522216797,1665200,0.0,0.0
2025-04-29,88.05999755859375,89.0,87.05999755859375,88.93000030517578,85.72941589355469,1429100,0.0,0.0
2025-04-30,89.7300033569336,90.91999816894531,88.87999725341797,90.73999786376953,87.47427368164062,2046900,0.0,0.0
2025-05-01,90.2699966430664,90.2699966430664,89.30999755859375,89.54000091552734,86.31745910644531,1538700,0.0,0.0
2025-05-02,90.6500015258789,90.6500015258789,89.61000061035156,89.70999908447266,86.48133850097656,1704300,0.0,0.0
2025-05-05,89.36000061035156,90.02999877929688,88.29000091552734,89.86000061035156,86.62594604492188,912100,0.0,0.0
2025-05-06,90.5199966430664,90.91999816894531,89.80000305175781,90.51000213623047,87.25255584716797,1766400,0.0,0.0
2025-05-07,90.62999725341797,91.36000061035156,90.2300033569336,91.05000305175781,87.77311706542969,1524200,0.0,0.0
2025-05-08,91.08000183105469,91.37000274658203,89.70999908447266,89.77999877929688,86.54882049560547,1515400,0.0,0.0
2025-05-09,89.80000305175781,90.05000305175781,89.3499984741211,89.5,86.27890014648438,1500700,0.0,0.0
2025-05-12,88.83999633789062,88.87000274658203,86.81999969482422,87.66999816894531,84.51476287841797,1632000,0.0,0.0
2025-05-13,87.4000015258789,88.13999938964844,87.27999877929688,87.38999938964844,84.24483489990234,1455400,0.0,0.0
2025-05-14,87.12999725341797,87.2699966430664,85.6500015258789,86.62000274658203,83.50254821777344,1910100,0.0,0.0
2025-05-15,86.91000366210938,88.11000061035156,86.88999938964844,87.80999755859375,84.64971160888672,2142600,0.0,0.0
2025-05-16,86.80999755859375,88.44000244140625,86.08000183105469,88.30000305175781,86.00357055664062,1662600,0.9,0.0
2025-05-19,88.01000213623047,89.12000274658203,87.83999633789062,88.69000244140625,86.38343048095703,1184000,0.0,0.0
2025-05-20,88.69000244140625,88.94999694824219,88.11000061035156,88.55999755859375,86.2568130493164,1054300,0.0,0.0
2025-05-21,88.48999786376953,89.16000366210938,88.31999969482422,88.94000244140625,86.62692260742188,1286000,0.0,0.0
2025-05-22,88.7699966430664,89.2699966430664,88.30999755859375,88.58999633789062,86.28602600097656,1138700,0.0,0.0
2025-05-23,88.44999694824219,89.6500015258789,88.05999755859375,89.44999694824219,87.1236572265625,1387700,0.0,0.0
2025-05-27,90.83999633789062,91.19999694824219,88.5999984741211,88.79000091552734,86.48082733154297,2660200,0.0,0.0
2025-05-28,89.0999984741211,89.72000122070312,88.75,89.41999816894531,87.09444427490234,3227800,0.0,0.0
2025-05-29,89.5199966430664,90.73999786376953,88.75,90.6500015258789,88.29244995117188,1367400,0.0,0.0
2025-05-30,91.0,92.7300033569336,90.91000366210938,91.79000091552734,89.4028091430664,6680700,0.0,0.0
2025-06-02,91.31999969482422,91.56999969482422,90.04000091552734,91.55999755859375,89.17877960205078,1701000,0.0,0.0
2025-06-03,91.6500015258789,91.8499984741211,90.01000213623047,90.83999633789062,88.47750854492188,1806500,0.0,0.0
2025-06-04,91.0999984741211,91.5,90.48999786376953,90.97000122070312,88.60413360595703,1417200,0.0,0.0
2025-06-05,91.06999969482422,92.37999725341797,90.5,92.0199966430664,89.62681579589844,2017800,0.0,0.0
2025-06-06,92.06999969482422,93.48999786376953,92.01000213623047,93.30999755859375,90.88327026367188,1415200,0.0,0.0
2025-06-09,92.61000061035156,92.80000305175781,91.4800033569336,92.05999755859375,89.66578674316406,1494100,0.0,0.0
2025-06-10,92.16000366210938,92.95999908447266,91.94999694824219,92.88999938964844,90.47419738769531,1149100,0.0,0.0
2025-06-11,92.66000366210938,93.2300033569336,92.05999755859375,92.86000061035156,90.44498443603516,1159100,0.0,0.0
2025-06-12,93.20999908447266,93.61000061035156,92.62000274658203,93.52999877929688,91.09754943847656,1514600,0.0,0.0
2025-06-13,93.19000244140625,93.75,92.69000244140625,92.8499984741211,90.43523406982422,1250400,0.0,0.0
2025-06-16,93.5,94.73999786376953,92.51000213623047,92.79000091552734,90.37680053710938,1827900,0.0,0.0
2025-06-17,92.51000213623047,93.13999938964844,91.94000244140625,92.19999694824219,89.80213928222656,1410200,0.0,0.0
2025-06-18,92.37000274658203,93.52999877929688,92.3499984741211,92.70999908447266,90.29887390136719,1249100,0.0,0.0
2025-06-20,93.56999969482422,94.69999694824219,92.19000244140625,92.56999969482422,90.16252136230469,3154900,0.0,0.0
2025-06-23,92.5,93.72000122070312,92.11000061035156,92.98999786376953,90.57159423828125,1926800,0.0,0.0
2025-06-24,93.47000122070312,93.5,92.30999755859375,92.66999816894531,90.25991821289062,1586700,0.0,0.0
2025-06-25,92.12999725341797,92.27999877929688,91.19000244140625,91.55999755859375,89.17877960205078,1774000,0.0,0.0
2025-06-26,92.05999755859375,92.5999984741211,91.08000183105469,91.2699966430664,88.89632415771484,1723000,0.0,0.0
2025-06-27,91.30000305175781,91.41999816894531,90.66999816894531,91.0999984741211,88.73075103759766,1897900,0.0,0.0
2025-06-30,91.0999984741211,92.8499984741211,90.9800033569336,92.72000122070312,90.30862426757812,1615700,0.0,0.0
2025-07-01,92.83000183105469,94.3499984741211,92.83000183105469,93.16999816894531,90.74691772460938,2007400,0.0,0.0
2025-07-02,93.13999938964844,94.0,92.9800033569336,93.58000183105469,91.14625549316406,2095500,0.0,0.0
2025-07-03,93.81999969482422,96.55000305175781,93.4000015258789,96.5199966430664,94.0097885131836,2593800,0.0,0.0
2025-07-07,96.56999969482422,97.2300033569336,96.12000274658203,96.81999969482422,94.30198669433594,2208400,0.0,0.0
2025-07-08,96.2699966430664,96.63999938964844,94.69999694824219,96.0,93.5033187866211,2162600,0.0,0.0
2025-07-09,96.33999633789062,96.43000030517578,94.41000366210938,95.86000061035156,93.36695098876953,2026000,0.0,0.0
2025-07-10,95.45999908447266,95.6500015258789,94.95999908447266,95.44999694824219,92.96762084960938,1358400,0.0,0.0
2025-07-11,95.0999984741211,95.72000122070312,94.43000030517578,95.5199966430664,93.03579711914062,1223600,0.0,0.0
2025-07-14,95.58999633789062,96.0,95.08000183105469,95.48999786376953,93.00657653808594,1883400,0.0,0.0
2025-07-15,95.33999633789062,95.33999633789062,93.5199966430664,93.55000305175781,91.11703491210938,1146400,0.0,0.0
2025-07-16,93.79000091552734,95.51000213623047,93.66999816894531,95.44999694824219,92.96762084960938,1466200,0.0,0.0
2025-07-17,95.5,96.27999877929688,95.13999938964844,96.12999725341797,93.62992858886719,1700900,0.0,0.0
2025-07-18,96.80000305175781,97.70999908447266,96.12999725341797,96.83999633789062,94.32146453857422,1182800,0.0,0.0
2025-07-21,96.77999877929688,97.91999816894531,96.72000122070312,97.61000061035156,95.07144165039062,1180700,0.0,0.0
2025-07-22,97.77999877929688,99.29000091552734,97.66999816894531,99.16999816894531,96.59087371826172,1614700,0.0,0.0
2025-07-23,99.11000061035156,100.2300033569336,99.11000061035156,99.8499984741211,97.25318145751953,1631200,0.0,0.0
2025-07-24,99.97000122070312,100.66999816894531,99.66000366210938,100.16999816894531,97.56486511230469,1484400,0.0,0.0
2025-07-25,99.83999633789062,100.19000244140625,99.36000061035156,100.04000091552734,97.43824768066406,1501700,0.0,0.0
2025-07-28,99.29000091552734,99.37999725341797,97.44999694824219,98.16000366210938,95.60714721679688,1584000,0.0,0.0
2025-07-29,98.62999725341797,99.30000305175781,97.76000213623047,99.25,96.66878509521484,1672200,0.0,0.0
2025-07-30,99.0199966430664,100.11000061035156,98.79000091552734,99.25,96.66878509521484,1307100,0.0,0.0
2025-07-31,98.81999969482422,99.04000091552734,96.80999755859375,96.91999816894531,94.3993911743164,1597000,0.0,0.0
2025-08-01,98.23999786376953,98.2699966430664,96.69000244140625,97.2699966430664,94.74028778076172,1751700,0.0,0.0
2025-08-04,97.12999725341797,97.95999908447266,97.01000213623047,97.87999725341797,95.33441925048828,1944800,0.0,0.0
2025-08-05,97.87000274658203,98.77999877929688,97.66999816894531,98.33000183105469,95.77272033691406,1877800,0.0,0.0
2025-08-06,91.01000213623047,92.43000030517578,88.79000091552734,91.31999969482422,88.94503021240234,4346000,0.0,0.0
2025-08-07,89.87000274658203,93.47000122070312,89.87000274658203,93.22000122070312,90.79561614990234,3132100,0.0,0.0
2025-08-08,93.31999969482422,94.79000091552734,93.31999969482422,94.76000213623047,92.29557037353516,1508200,0.0,0.0
2025-08-11,94.7699966430664,95.5,94.26000213623047,94.51000213623047,92.05206298828125,1368300,0.0,0.0
2025-08-12,94.80999755859375,95.01000213623047,93.06999969482422,93.22000122070312,90.79561614990234,1619800,0.0,0.0
2025-08-13,92.97000122070312,93.06999969482422,90.63999938964844,91.95999908447266,89.5683822631836,2842100,0.0,0.0
2025-08-14,91.61000061035156,91.98999786376953,90.30000305175781,90.6500015258789,88.29244995117188,1805600,0.0,0.0
2025-08-15,90.6500015258789,91.58000183105469,90.26000213623047,90.69999694824219,88.34114837646484,1943700,0.0,0.0
2025-08-18,90.94000244140625,91.23999786376953,89.69000244140625,89.77999877929688,87.44507598876953,1500700,0.0,0.0
2025-08-19,90.12999725341797,90.43000030517578,89.52999877929688,90.4000015258789,88.04895782470703,2060000,0.0,0.0
2025-08-20,91.0999984741211,92.56999969482422,91.0999984741211,92.5,90.09434509277344,1623300,0.0,0.0
2025-08-21,92.25,92.31999969482422,91.12999725341797,91.19000244140625,88.81841278076172,1398400,0.0,0.0
2025-08-22,91.38999938964844,91.58000183105469,90.16000366210938,90.33999633789062,87.99050903320312,1827300,0.0,0.0
2025-08-25,90.22000122070312,90.51000213623047,89.56999969482422,89.6500015258789,87.3184585571289,1053900,0.0,0.0
2025-08-26,89.45999908447266,90.08999633789062,89.01000213623047,89.27999877929688,86.95808410644531,3003400,0.0,0.0
2025-08-27,89.11000061035156,89.18000030517578,88.19999694824219,88.52999877929688,86.22758483886719,1673600,0.0,0.0
2025-08-28,88.33999633789062,88.91000366210938,87.87999725341797,88.83000183105469,86.51978302001953,1374100,0.0,0.0
2025-08-29,88.7699966430664,89.33000183105469,88.62000274658203,88.86000061035156,86.54900360107422,1581800,0.0,0.0
2025-09-02,87.87000274658203,88.80999755859375,86.83000183105469,87.43000030517578,85.15619659423828,2667200,0.0,0.0
2025-09-03,87.19999694824219,87.52999877929688,86.0999984741211,86.66999816894531,84.41596221923828,1334100,0.0,0.0
2025-09-04,87.37999725341797,87.62000274658203,86.83000183105469,87.41999816894531,85.14645385742188,1469100,0.0,0.0
2025-09-05,87.43000030517578,89.0,87.38999938964844,88.87999725341797,86.5684814453125,2001900,0.0,0.0
2025-09-08,88.7699966430664,90.30000305175781,87.73999786376953,90.11000061035156,87.7665023803711,3232600,0.0,0.0
2025-09-09,89.94999694824219,92.41999816894531,89.70999908447266,91.44999694824219,89.07164001464844,7195600,0.0,0.0
2025-09-10,90.80999755859375,90.97000122070312,88.33000183105469,88.81999969482422,86.51004791259766,2160900,0.0,0.0
2025-09-11,89.19999694824219,90.7699966430664,89.05000305175781,90.05999755859375,87.7177963256836,1501000,0.0,0.0
2025-09-12,90.12000274658203,90.86000061035156,89.18000030517578,89.70999908447266,87.37689971923828,1128900,0.0,0.0
2025-09-15,89.48999786376953,89.83000183105469,88.6500015258789,88.69999694824219,86.3931655883789,1417500,0.0,0.0
2025-09-16,88.2300033569336,89.0199966430664,87.62999725341797,88.76000213623047,86.45160675048828,1686700,0.0,0.0
2025-09-17,89.41000366210938,90.70999908447266,89.23999786376953,90.5199966430664,88.16583251953125,1706200,0.0,0.0
2025-09-18,90.18000030517578,90.72000122070312,89.08000183105469,89.11000061035156,86.79251098632812,1278600,0.0,0.0
2025-09-19,89.58000183105469,90.18000030517578,89.22000122070312,89.94000244140625,87.60092163085938,2495900,0.0,0.0
2025-09-22,89.23999786376953,89.33999633789062,88.11000061035156,88.55000305175781,86.2470703125,1085200,0.0,0.0
2025-09-23,88.08999633789062,89.5,87.9800033569336,89.37999725341797,87.05548095703125,1500600,0.0,0.0
2025-09-24,89.13999938964844,90.22000122070312,89.11000061035156,89.76000213623047,87.42559814453125,1104100,0.0,0.0
2025-09-25,89.83000183105469,90.25,88.91000366210938,89.43000030517578,87.10417938232422,1197700,0.0,0.0
2025-09-26,89.41000366210938,89.7699966430664,88.30000305175781,89.5199966430664,87.19183349609375,2115000,0.0,0.0
2025-09-29,88.94999694824219,89.75,88.5199966430664,89.58999633789062,87.26001739501953,2128900,0.0,0.0
2025-09-30,89.81999969482422,91.33000183105469,89.79000091552734,90.41000366210938,88.05870056152344,1844500,0.0,0.0
2025-10-01,90.70999908447266,91.56999969482422,89.9800033569336,90.0199966430664,87.67884063720703,2147100,0.0,0.0
2025-10-02,89.51000213623047,89.62999725341797,87.12000274658203,87.83000183105469,85.54579162597656,2501900,0.0,0.0
2025-10-03,87.76000213623047,88.6500015258789,86.72000122070312,87.7699966430664,85.48735046386719,2010000,0.0,0.0
2025-10-06,87.0,88.68000030517578,86.76000213623047,87.6500015258789,85.3704833984375,1865200,0.0,0.0
2025-10-07,87.29000091552734,88.55999755859375,86.63999938964844,88.16000366210938,85.86721801757812,1913900,0.0,0.0
2025-10-08,88.33999633789062,88.45999908447266,86.9000015258789,87.20999908447266,84.9419174194336,1973300,0.0,0.0
2025-10-09,87.52999877929688,88.19000244140625,87.1500015258789,87.62999725341797,85.35099029541016,1689000,0.0,0.0
2025-10-10,88.41000366210938,88.73999786376953,87.58000183105469,87.9000015258789,85.61397552490234,1967600,0.0,0.0
2025-10-13,88.27999877929688,89.37999725341797,87.68000030517578,87.88999938964844,85.60423278808594,1569300,0.0,0.0
2025-10-14,87.86000061035156,89.87999725341797,87.58999633789062,89.80000305175781,87.46456909179688,1507500,0.0,0.0
2025-10-15,89.61000061035156,89.95999908447266,88.6500015258789,88.77999877929688,86.4710922241211,1590100,0.0,0.0
2025-10-16,89.63999938964844,90.0,88.30999755859375,89.27999877929688,86.95808410644531,1990100,0.0,0.0
2025-10-17,89.76000213623047,91.19999694824219,89.33000183105469,90.54000091552734,88.18531036376953,1973400,0.0,0.0
2025-10-20,90.56999969482422,91.01000213623047,89.75,90.77999877929688,88.4190673828125,1192600,0.0,0.0
2025-10-21,90.81999969482422,91.94000244140625,89.94999694824219,91.77999877929688,89.39305877685547,1594400,0.0,0.0
2025-10-22,91.95999908447266,92.91999816894531,91.37999725341797,92.5199966430664,90.11381530761719,1387700,0.0,0.0
2025-10-23,92.51000213623047,93.02999877929688,91.2300033569336,91.29000091552734,88.91580963134766,1262500,0.0,0.0
2025-10-24,91.04000091552734,91.7300033569336,90.94999694824219,91.44999694824219,89.07164001464844,1163400,0.0,0.0
2025-10-27,91.73999786376953,91.77999877929688,90.91000366210938,91.52999877929688,89.14956665039062,1258500,0.0,0.0
2025-10-28,91.36000061035156,92.6500015258789,91.05000305175781,91.88999938964844,89.50019836425781,1080800,0.0,0.0
2025-10-29,90.94000244140625,91.19999694824219,88.30000305175781,88.62000274658203,86.31525421142578,1293800,0.0,0.0
2025-10-30,88.62000274658203,89.8499984741211,88.58999633789062,88.94999694824219,86.63666534423828,1706000,0.0,0.0
2025-10-31,88.19000244140625,89.6500015258789,87.76000213623047,88.83000183105469,86.51978302001953,1420600,0.0,0.0
2025-11-03,87.95999908447266,88.0,86.12999725341797,86.19999694824219,83.95818328857422,3291100,0.0,0.0
2025-11-04,86.87000274658203,87.30999755859375,85.72000122070312,86.95999908447266,84.69842529296875,2463500,0.0,0.0
2025-11-05,89.29000091552734,90.16999816894531,87.7300033569336,88.19000244140625,85.89643096923828,2943000,0.0,0.0
2025-11-06,87.26000213623047,88.91000366210938,86.73999786376953,88.81999969482422,86.51004791259766,2262900,0.0,0.0
2025-11-07,89.72000122070312,91.69999694824219,89.58999633789062,91.41000366210938,89.0326919555664,2381800,0.0,0.0
2025-11-10,91.04000091552734,91.56999969482422,89.5999984741211,91.25,88.87684631347656,1871700,0.0,0.0
2025-11-11,92.30000305175781,93.36000061035156,91.79000091552734,93.16000366210938,90.73717498779297,1432100,0.0,0.0
2025-11-12,93.2300033569336,94.1500015258789,92.76000213623047,93.30000305175781,90.87354278564453,1320400,0.0,0.0
2025-11-13,92.97000122070312,93.36000061035156,91.55999755859375,91.6500015258789,89.26644897460938,2013300,0.0,0.0
2025-11-14,90.22000122070312,91.47000122070312,89.8499984741211,90.36000061035156,89.40496826171875,1424400,1.43,0.0
2025-11-17,90.08999633789062,91.0199966430664,89.62000274658203,90.0,89.04876708984375,1363200,0.0,0.0
2025-11-18,90.1500015258789,90.63999938964844,89.2699966430664,90.25,89.29612731933594,1587900,0.0,0.0
2025-11-19,90.04000091552734,90.1500015258789,89.2300033569336,89.44000244140625,88.49468994140625,1753500,0.0,0.0
2025-11-20,89.3499984741211,89.87000274658203,88.68000030517578,89.19000244140625,88.2473373413086,1380700,0.0,0.0
2025-11-21,89.80999755859375,91.94000244140625,89.62999725341797,90.93000030517578,89.96894073486328,1416300,0.0,0.0
2025-11-24,90.54000091552734,90.72000122070312,88.94000244140625,89.77999877929688,88.83109283447266,6191200,0.0,0.0
2025-11-25,90.12000274658203,91.5,90.12000274658203,91.26000213623047,90.29545593261719,1139700,0.0,0.0
2025-11-26,91.29000091552734,91.61000061035156,91.08999633789062,91.27999877929688,90.31523895263672,1190900,0.0,0.0
2025-11-28,91.30999755859375,92.13999938964844,91.11000061035156,91.69000244140625,90.72090911865234,788800,0.0,0.0
2025-12-01,91.98999786376953,92.62000274658203,91.68000030517578,92.33000183105469,91.3541488647461,1327900,0.0,0.0
2025-12-02,92.27999877929688,92.7300033569336,91.69999694824219,92.44999694824219,91.47286987304688,1070400,0.0,0.0
2025-12-03,92.79000091552734,93.44999694824219,91.16000366210938,91.63999938964844,90.67144012451172,1448100,0.0,0.0
2025-12-04,91.7699966430664,92.0999984741211,90.41000366210938,90.7699966430664,89.81063079833984,1155400,0.0,0.0
2025-12-05,90.51000213623047,91.30000305175781,90.36000061035156,90.6500015258789,89.69190216064453,870200,0.0,0.0
2025-12-08,90.31999969482422,90.61000061035156,89.44000244140625,89.86000061035156,88.91024780273438,1021000,0.0,0.0
2025-12-09,90.44999694824219,91.79000091552734,89.83999633789062,89.94999694824219,88.99929809570312,1202700,0.0,0.0
2025-12-10,90.05999755859375,90.3499984741211,89.30000305175781,90.0,89.04876708984375,1239300,0.0,0.0
2025-12-11,90.87000274658203,90.93000030517578,88.94999694824219,89.12999725341797,88.1879653930664,1278300,0.0,0.0
2025-12-12,89.29000091552734,91.11000061035156,89.16999816894531,90.80000305175781,89.84031677246094,1052100,0.0,0.0
2025-12-15,91.48999786376953,92.08000183105469,91.02999877929688,91.94000244140625,90.96826934814453,1628800,0.0,0.0
2025-12-16,91.7699966430664,92.5199966430664,91.25,92.11000061035156,91.13646697998047,1226300,0.0,0.0
2025-12-17,92.7300033569336,93.19000244140625,92.12999725341797,92.16999816894531,91.19583129882812,1489700,0.0,0.0
2025-12-18,91.86000061035156,92.4000015258789,91.44999694824219,91.66999816894531,90.70111846923828,1822200,0.0,0.0
2025-12-19,91.5,93.41999816894531,91.19000244140625,92.13999938964844,91.16615295410156,4723600,0.0,0.0
2025-12-22,91.91999816894531,92.4000015258789,91.0999984741211,91.37000274658203,90.404296875,1057700,0.0,0.0
2025-12-23,91.30999755859375,91.76000213623047,91.19999694824219,91.56999969482422,90.60218048095703,925100,0.0,0.0
2025-12-24,91.79000091552734,91.9000015258789,91.2300033569336,91.52999877929688,90.5625991821289,290200,0.0,0.0
2025-12-26,91.58999633789062,91.87000274658203,91.30999755859375,91.69000244140625,90.72090911865234,407700,0.0,0.0
2025-12-29,91.87000274658203,92.13999938964844,91.44999694824219,91.7300033569336,90.76049041748047,881800,0.0,0.0
2025-12-30,91.48999786376953,91.80000305175781,91.36000061035156,91.5999984741211,90.6318588256836,640600,0.0,0.0
2025-12-31,91.5999984741211,91.7300033569336,90.31999969482422,90.69999694824219,89.74137115478516,965600,0.0,0.0
2026-01-02,90.63999938964844,90.6500015258789,88.0,88.20999908447266,87.2776870727539,1985000,0.0,0.0
2026-01-05,87.88999938964844,88.26000213623047,86.41999816894531,87.55999755859375,86.63455963134766,1392300,0.0,0.0
2026-01-06,86.76000213623047,87.0,85.43000030517578,85.70999908447266,84.80411529541016,1818300,0.0,0.0
2026-01-07,85.5199966430664,85.86000061035156,84.66000366210938,85.43000030517578,84.52706909179688,2203500,0.0,0.0
2026-01-08,84.94000244140625,88.31999969482422,84.80999755859375,88.13999938964844,87.20842742919922,2016500,0.0,0.0
2026-01-09,88.13999938964844,89.23999786376953,88.01000213623047,88.73999786376953,87.80208587646484,1226000,0.0,0.0
2026-01-12,89.1500015258789,89.29000091552734,87.47000122070312,87.88999938964844,86.96107482910156,1525300,0.0,0.0
2026-01-13,87.93000030517578,89.54000091552734,87.11000061035156,89.47000122070312,88.52437591552734,1744100,0.0,0.0
2026-01-14,88.26000213623047,89.38999938964844,87.91000366210938,88.83999633789062,87.9010238647461,2861200,0.0,0.0
2026-01-15,89.05999755859375,89.68000030517578,88.55000305175781,89.23999786376953,88.29679870605469,1365100,0.0,0.0
2026-01-16,89.27999877929688,89.3499984741211,88.44999694824219,89.29000091552734,88.34627532958984,1970500,0.0,0.0
2026-01-20,88.20999908447266,90.77999877929688,88.01000213623047,90.29000091552734,89.33570861816406,2310000,0.0,0.0
2026-01-21,90.58999633789062,90.94999694824219,88.9800033569336,89.55000305175781,88.60353088378906,1733300,0.0,0.0
2026-01-22,89.33000183105469,90.23999786376953,89.16999816894531,89.6500015258789,88.70246887207031,1118500,0.0,0.0
2026-01-23,89.02999877929688,89.87999725341797,88.69999694824219,89.8499984741211,88.90035247802734,836600,0.0,0.0
2026-01-26,90.41000366210938,90.87999725341797,89.5,89.55000305175781,88.60353088378906,765200,0.0,0.0
2026-01-27,89.47000122070312,90.94000244140625,89.1500015258789,90.7699966430664,89.81063079833984,970100,0.0,0.0
2026-01-28,90.56999969482422,91.76000213623047,90.56999969482422,91.02999877929688,90.06788635253906,1211500,0.0,0.0
2026-01-29,91.2300033569336,92.22000122070312,90.58999633789062,91.22000122070312,90.25587463378906,1206500,0.0,0.0
2026-01-30,91.06999969482422,91.80000305175781,90.56999969482422,91.69999694824219,90.73079681396484,1629000,0.0,0.0
2026-02-02,92.41999816894531,92.80000305175781,91.51000213623047,92.19999694824219,91.22551727294922,1072600,0.0,0.0
2026-02-03,91.23999786376953,93.8499984741211,91.11000061035156,92.37999725341797,91.40361022949219,2226400,0.0,0.0
2026-02-04,93.73999786376953,96.13999938964844,93.73999786376953,94.8499984741211,93.8475112915039,2509300,0.0,0.0
2026-02-05,95.75,96.30000305175781,94.7300033569336,95.91999816894531,94.90619659423828,1637200,0.0,0.0
2026-02-06,95.91999816894531,97.66000366210938,95.9000015258789,97.55999755859375,96.52886199951172,1895100,0.0,0.0
2026-02-09,97.06999969482422,97.72000122070312,95.72000122070312,96.6500015258789,95.62848663330078,1306400,0.0,0.0
2026-02-10,96.05000305175781,96.77999877929688,95.26000213623047,96.18000030517578,95.1634521484375,1583200,0.0,0.0
2026-02-11,96.30000305175781,97.94000244140625,96.0,97.62999725341797,96.5981216430664,2225100,0.0,0.0
2026-02-12,98.05999755859375,99.9800033569336,97.69999694824219,99.05000305175781,98.00312042236328,2341600,0.0,0.0
2026-02-13,98.73999786376953,100.27999877929688,98.2699966430664,99.51000213623047,98.45825958251953,3350500,0.0,0.0
2026-02-17,103.58999633789062,104.70999908447266,99.83999633789062,104.47000122070312,103.36583709716797,3331500,0.0,0.0
2026-02-18,103.98999786376953,105.44000244140625,103.37000274658203,104.66999816894531,103.563720703125,1977400,0.0,0.0
2026-02-19,105.01000213623047,106.05000305175781,104.19999694824219,104.69999694824219,103.59339904785156,2148100,0.0,0.0
2026-02-20,104.80000305175781,105.94000244140625,104.51000213623047,105.69999694824219,104.58283233642578,1645400,0.0,0.0
2026-02-23,106.12000274658203,107.9000015258789,105.98999786376953,107.48999786376953,106.35391235351562,1714300,0.0,0.0
2026-02-24,107.76000213623047,108.27999877929688,107.30999755859375,107.75,106.61116790771484,1912500,0.0,0.0
2026-02-25,107.2300033569336,108.33999633789062,106.87000274658203,108.23999786376953,107.09598541259766,1339900,0.0,0.0
2026-02-26,108.66000366210938,109.36000061035156,107.41000366210938,108.3499984741211,107.20482635498047,2128500,0.0,0.0
2026-02-27,108.94000244140625,110.9000015258789,108.88999938964844,110.43000030517578,109.2628402709961,1984600,0.0,0.0
2026-03-02,110.33999633789062,110.7699966430664,108.05999755859375,108.12999725341797,106.98714447021484,1823200,0.0,0.0
2026-03-03,106.26000213623047,106.81999969482422,104.2699966430664,105.2300033569336,104.11780548095703,1898800,0.0,0.0
2026-03-04,105.43000030517578,105.43000030517578,103.0,104.52999877929688,103.42520141601562,2539300,0.0,0.0
2026-03-05,104.0,104.0,101.4800033569336,101.68000030517578,100.6053237915039,2213900,0.0,0.0
2026-03-06,101.36000061035156,101.38999938964844,99.69000244140625,100.22000122070312,99.16075134277344,1649300,0.0,0.0
2026-03-09,99.62999725341797,101.95999908447266,99.19999694824219,101.5999984741211,100.52616882324219,1249700,0.0,0.0
2026-03-10,101.44000244140625,103.05999755859375,101.16999816894531,101.72000122070312,100.6448974609375,1422700,0.0,0.0
2026-03-11,101.51000213623047,101.51000213623047,99.44000244140625,101.12999725341797,100.0611343383789,1079200,0.0,0.0
2026-03-12,100.5199966430664,102.16000366210938,100.37999725341797,101.2300033569336,100.16007995605469,1593700,0.0,0.0
2026-03-13,101.37999725341797,102.0999984741211,100.2300033569336,100.45999908447266,99.3982162475586,1608000,0.0,0.0
2026-03-16,102.01000213623047,102.36000061035156,100.41000366210938,100.61000061035156,99.546630859375,1390500,0.0,0.0
2026-03-17,101.36000061035156,101.9800033569336,100.5999984741211,100.7699966430664,99.7049331665039,1069100,0.0,0.0
2026-03-18,100.01000213623047,100.01000213623047,95.91000366210938,96.08000183105469,95.06451416015625,2005800,0.0,0.0
2026-03-19,96.08000183105469,96.72000122070312,94.0999984741211,94.70999908447266,93.70899200439453,2587800,0.0,0.0
2026-03-20,94.93000030517578,95.38999938964844,91.16000366210938,91.62000274658203,90.65164947509766,4545900,0.0,0.0
2026-03-23,94.08999633789062,94.54000091552734,92.20999908447266,92.58999633789062,91.61138916015625,2992000,0.0,0.0
2026-03-24,92.33000183105469,93.52999877929688,92.06999969482422,92.25,91.27498626708984,1526700,0.0,0.0
2026-03-25,92.54000091552734,93.80999755859375,92.25,93.2300033569336,92.24463653564453,2039300,0.0,0.0
2026-03-26,92.93000030517578,94.58000183105469,92.61000061035156,92.79000091552734,91.80928039550781,2093200,0.0,0.0
2026-03-27,92.79000091552734,93.25,91.55000305175781,91.63999938964844,90.67144012451172,1754200,0.0,0.0
2026-03-30,92.0999984741211,92.20999908447266,90.06999969482422,91.12999725341797,90.16682434082031,3088800,0.0,0.0
2026-03-31,91.70999908447266,91.79000091552734,89.72000122070312,90.66999816894531,89.71168518066406,2794400,0.0,0.0
2026-04-01,90.5999984741211,92.69000244140625,89.93000030517578,92.4800033569336,91.5025634765625,2038500,0.0,0.0
2026-04-02,92.05000305175781,92.93000030517578,91.62999725341797,92.4800033569336,91.5025634765625,1526200,0.0,0.0
2026-04-06,91.66999816894531,93.73999786376953,91.66999816894531,93.27999877929688,92.29410552978516,1603200,0.0,0.0
2026-04-07,92.91000366210938,93.98999786376953,92.58999633789062,93.12000274658203,92.13579559326172,1279900,0.0,0.0
2026-04-08,95.20999908447266,97.95999908447266,94.76000213623047,97.41999816894531,96.39034271240234,3115200,0.0,0.0
2026-04-09,96.45999908447266,99.0999984741211,96.05000305175781,97.91000366210938,96.87517547607422,1772700,0.0,0.0
2026-04-10,98.19000244140625,98.41999816894531,97.0,97.43000030517578,96.40023803710938,1527500,0.0,0.0
2026-04-13,97.27999877929688,97.36000061035156,96.19999694824219,97.19999694824219,96.17266845703125,1567200,0.0,0.0
2026-04-14,96.7699966430664,98.36000061035156,96.4000015258789,96.43000030517578,95.41081237792969,1758800,0.0,0.0
2026-04-15,96.27999877929688,96.61000061035156,95.55999755859375,96.16999816894531,95.15355682373047,1731800,0.0,0.0
2026-04-16,95.8499984741211,97.9800033569336,95.81999969482422,96.77999877929688,95.75711059570312,1428600,0.0,0.0
2026-04-17,97.75,99.31999969482422,97.37000274658203,98.80000305175781,97.75576782226562,1786600,0.0,0.0
2026-04-20,98.62000274658203,98.91000366210938,97.0999984741211,97.30000305175781,96.27162170410156,930900,0.0,0.0
2026-04-21,96.9000015258789,96.94000244140625,95.55000305175781,95.87999725341797,94.86662292480469,1765200,0.0,0.0
2026-04-22,96.29000091552734,97.05000305175781,96.08999633789062,96.19000244140625,95.17334747314453,1616400,0.0,0.0
2026-04-23,96.94000244140625,97.58000183105469,96.48999786376953,97.33000183105469,96.30130004882812,1536300,0.0,0.0
2026-04-24,97.30999755859375,98.37999725341797,97.16999816894531,98.05999755859375,97.0235824584961,1819400,0.0,0.0
2026-04-27,97.81999969482422,98.19000244140625,96.06999969482422,96.1500015258789,95.13377380371094,1585200,0.0,0.0
2026-04-28,99.91999816894531,100.12000274658203,96.70999908447266,97.23999786376953,96.21224975585938,2510800,0.0,0.0
2026-04-29,96.3499984741211,96.54000091552734,93.13999938964844,93.75,92.7591323852539,1883200,0.0,0.0
2026-04-30,94.62000274658203,95.69999694824219,94.33000183105469,94.56999969482422,93.57047271728516,1574400,0.0,0.0
2026-05-01,94.56999969482422,95.98999786376953,94.02999877929688,94.18000030517578,93.1845932006836,848200,0.0,0.0
2026-05-04,93.44000244140625,93.93000030517578,91.69000244140625,92.29000091552734,91.31456756591797,872800,0.0,0.0
2026-05-05,92.26000213623047,94.55000305175781,91.77999877929688,93.54000091552734,92.55135345458984,1152800,0.0,0.0
2026-05-06,95.16999816894531,96.33999633789062,95.0199966430664,95.0999984741211,94.09486389160156,1630700,0.0,0.0
2026-05-07,94.54000091552734,94.69000244140625,93.08999633789062,93.5,92.51177978515625,1894500,0.0,0.0
2026-05-08,94.37999725341797,95.31999969482422,93.56999969482422,94.56999969482422,93.57047271728516,1960200,0.0,0.0
2026-05-11,93.9800033569336,94.2300033569336,92.44000244140625,93.44999694824219,92.4623031616211,1824000,0.0,0.0
2026-05-12,93.6500015258789,94.16000366210938,92.2300033569336,92.91999816894531,91.93790435791016,1575600,0.0,0.0
2026-05-13,92.0,92.9800033569336,91.02999877929688,91.41999816894531,90.4537582397461,2458900,0.0,0.0
2026-05-14,91.62000274658203,92.69000244140625,90.5999984741211,90.83000183105469,89.87000274658203,1021800,0.0,0.0
2026-05-15,90.30000305175781,90.36000061035156,89.30000305175781,89.36000061035156,89.36000061035156,1367600,0.96,0.0
2026-05-18,90.04000091552734,92.52999877929688,89.94000244140625,92.41000366210938,92.41000366210938,2518100,0.0,0.0
2026-05-19,92.20999908447266,92.88999938964844,91.08000183105469,91.86000061035156,91.86000061035156,1820000,0.0,0.0
2026-05-20,91.76000213623047,93.91999816894531,91.25,93.27999877929688,93.27999877929688,1411300,0.0,0.0
2026-05-21,93.12000274658203,94.66999816894531,91.93000030517578,94.1500015258789,94.1500015258789,2343300,0.0,0.0
2026-05-22,93.91000366210938,94.37999725341797,93.02999877929688,94.12000274658203,94.12000274658203,1470900,0.0,0.0
2026-05-26,94.20999908447266,94.58000183105469,92.55000305175781,93.41000366210938,93.41000366210938,1597900,0.0,0.0
2026-05-27,94.4800033569336,95.5,94.1500015258789,94.69999694824219,94.69999694824219,1867000,0.0,0.0
2026-05-28,93.94999694824219,94.18000030517578,92.25,92.29000091552734,92.29000091552734,1959100,0.0,0.0
2026-05-29,91.70999908447266,92.05999755859375,90.5199966430664,90.69000244140625,90.69000244140625,2679400,0.0,0.0
2026-06-01,89.5199966430664,90.45999908447266,89.23999786376953,89.69000244140625,89.69000244140625,1851500,0.0,0.0
2026-06-02,89.58000183105469,91.56999969482422,89.41999816894531,91.0,91.0,1432400,0.0,0.0
2026-06-03,90.4800033569336,92.87000274658203,90.31999969482422,92.41000366210938,92.41000366210938,2313100,0.0,0.0
2026-06-04,94.11000061035156,94.80000305175781,91.9800033569336,92.0199966430664,92.0199966430664,3361600,0.0,0.0
2026-06-05,92.93000030517578,95.52999877929688,92.62999725341797,94.73999786376953,94.73999786376953,3254000,0.0,0.0
2026-06-08,94.51000213623047,95.4800033569336,94.4000015258789,95.25,95.25,2372300,0.0,0.0
2026-06-09,96.2300033569336,97.88999938964844,95.9000015258789,96.87000274658203,96.87000274658203,1876700,0.0,0.0
2026-06-10,97.16999816894531,98.87999725341797,96.91000366210938,97.51000213623047,97.51000213623047,1832100,0.0,0.0
2026-06-11,97.54000091552734,98.44999694824219,97.12000274658203,97.69000244140625,97.69000244140625,2109500,0.0,0.0
2026-06-12,99.05999755859375,99.6500015258789,97.9000015258789,99.33999633789062,99.33999633789062,1439800,0.0,0.0
2026-06-15,99.33999633789062,100.1500015258789,98.91999816894531,99.41000366210938,99.41000366210938,1558500,0.0,0.0
2026-06-16,99.69999694824219,100.41999816894531,98.72000122070312,99.23999786376953,99.23999786376953,1680800,0.0,0.0
2026-06-17,98.55000305175781,99.08000183105469,96.62000274658203,97.12000274658203,97.12000274658203,1701000,0.0,0.0
2026-06-18,97.33000183105469,97.83000183105469,96.69000244140625,96.93000030517578,96.93000030517578,3018100,0.0,0.0
2026-06-22,96.25,98.06999969482422,95.95999908447266,96.9800033569336,96.9800033569336,1457200,0.0,0.0
2026-06-23,98.66000366210938,98.73999786376953,97.02999877929688,97.7699966430664,97.7699966430664,1969700,0.0,0.0
2026-06-24,98.94000244140625,99.8499984741211,98.58000183105469,98.80000305175781,98.80000305175781,2169400,0.0,0.0
2026-06-25,98.86000061035156,100.72000122070312,98.86000061035156,99.5999984741211,99.5999984741211,1727000,0.0,0.0
2026-06-26,100.0999984741211,101.87999725341797,99.93000030517578,101.58999633789062,101.58999633789062,2333600,0.0,0.0
2026-06-29,101.37999725341797,102.7300033569336,100.20999908447266,101.37999725341797,101.37999725341797,1942400,0.0,0.0
2026-06-30,100.94000244140625,101.47000122070312,99.5,100.06999969482422,100.06999969482422,2335600,0.0,0.0
2026-07-01,104.0199966430664,106.48999786376953,103.76000213623047,106.0999984741211,106.0999984741211,2909600,0.0,0.0
2026-07-02,107.3499984741211,108.06999969482422,106.19999694824219,106.61000061035156,106.61000061035156,2633800,0.0,0.0
2026-07-06,106.20999908447266,107.2300033569336,105.44999694824219,106.97000122070312,106.97000122070312,2020500,0.0,0.0
2026-07-07,108.73999786376953,109.5,106.05000305175781,106.5,106.5,1659700,0.0,0.0
2026-07-08,107.05999755859375,107.29000091552734,105.30999755859375,105.43000030517578,105.43000030517578,1634300,0.0,0.0
2026-07-09,104.58999633789062,105.27999877929688,104.1500015258789,105.08999633789062,105.08999633789062,2053000,0.0,0.0
2026-07-10,104.91999816894531,106.5999984741211,104.91999816894531,105.83999633789062,105.83999633789062,1285600,0.0,0.0
2026-07-13,105.87999725341797,107.43000030517578,105.52999877929688,106.0,106.0,1377900,0.0,0.0
2026-07-14,106.08999633789062,107.08999633789062,105.27999877929688,105.5,105.5,1175300,0.0,0.0
2026-07-15,105.08000183105469,105.91999816894531,104.04000091552734,104.48999786376953,104.48999786376953,1031600,0.0,0.0
2026-07-16,104.69000244140625,106.80999755859375,102.61000061035156,106.05000305175781,106.05000305175781,2802600,0.0,0.0
2026-07-17,106.83000183105469,107.44000244140625,103.75,105.18000030517578,105.18000030517578,1730800,0.0,0.0
2026-07-20,104.51000213623047,106.33999633789062,104.43000030517578,106.13999938964844,106.13999938964844,1577300,0.0,0.0
2026-07-21,105.66000366210938,106.23999786376953,105.06999969482422,105.19000244140625,105.19000244140625,1753400,0.0,0.0
2026-07-22,107.16999816894531,107.41000366210938,105.43000030517578,105.87999725341797,105.87999725341797,1831400,0.0,0.0
2026-07-23,103.66000366210938,104.68000030517578,102.94000244140625,103.62000274658203,103.62000274658203,2169300,0.0,0.0
2026-07-24,104.12000274658203,105.43000030517578,104.12000274658203,105.11000061035156,105.11000061035156,1313100,0.0,0.0
2026-07-27,105.51000213623047,108.8499984741211,105.51000213623047,108.69999694824219,108.69999694824219,1716200,0.0,0.0
2026-07-28,111.5199966430664,113.66999816894531,110.33999633789062,111.44999694824219,111.44999694824219,2614900,0.0,0.0
2026-07-29,110.75,111.76000213623047,110.3499984741211,111.0999984741211,111.0999984741211,3641400,0.0,0.0
2026-07-30,110.63999938964844,111.86000061035156,110.29000091552734,111.70999908447266,111.70999908447266,2328900,0.0,0.0
2026-07-31,110.5999984741211,110.80999755859375,109.1500015258789,109.45999908447266,109.45999908447266,2653200,0.0,0.0
2026-08-03,110.06999969482422,110.81999969482422,107.2699966430664,108.19000244140625,108.19000244140625,2366800,0.0,0.0
2026-08-04,104.95999908447266,106.68000030517578,102.58999633789062,106.12999725341797,106.12999725341797,3583400,0.0,0.0
2026-08-05,107.44000244140625,108.73999786376953,106.68000030517578,108.58000183105469,108.58000183105469,2155000,0.0,0.0
2026-08-06,109.75,110.16000366210938,107.37999725341797,108.25,108.25,1611000,0.0,0.0
2026-08-07,107.83999633789062,108.44999694824219,107.1500015258789,108.29000091552734,108.29000091552734,1207200,0.0,0.0
2026-08-10,106.6500015258789,107.91000366210938,105.33000183105469,106.02999877929688,106.02999877929688,1495300,0.0,0.0
2026-08-11,105.44000244140625,106.54000091552734,104.56999969482422,106.51000213623047,106.51000213623047,1946700,0.0,0.0
2026-08-12,106.2300033569336,107.62000274658203,105.79000091552734,107.08000183105469,107.08000183105469,2179200,0.0,0.0
2026-08-13,106.81999969482422,107.58999633789062,106.70999908447266,107.4800033569336,107.4800033569336,2237000,0.0,0.0
2026-08-14,107.11000061035156,108.18000030517578,107.11000061035156,107.63999938964844,107.63999938964844,1279600,0.0,0.0
